Aha Quin,090600193,CA,,,09,TNCWS,320,https://echo.epa.gov/detailed-facility-report?sys=SDWIS&fid=090600193
Ak Chin,090400022,AZ,,,09,CWS,120,https://echo.epa.gov/detailed-facility-report?sys=SDWIS&fid=090400022
Ak Chin Nursing Home,090400232,AZ,,,09,CWS,400,https://echo.epa.gov/detailed-facility-report?sys=SDWIS&fid=090400232
Ak Chin Santa Cruz Commerce Center,090400094,AZ,,,09,NTNCWS,81,https://echo.epa.gov/detailed-facility-report?sys=SDWIS&fid=090400094
Ak Chin Village,090400090,AZ,,,09,CWS,6883,https://echo.epa.gov/detailed-facility-report?sys=SDWIS&fid=090400090
Ak Chin Village,090400264,,,,09,CWS,25,https://echo.epa.gov/detailed-facility-report?sys=SDWIS&fid=090400264
Ak-Chin Southern Dunes Golf Club,090400098,AZ,,,09,NTNCWS,270,https://echo.epa.gov/detailed-facility-report?sys=SDWIS&fid=090400098
Akimel Smoke Shop,090400684,AZ,,,09,TNCWS,308,https://echo.epa.gov/detailed-facility-report?sys=SDWIS&fid=090400684
Alchesay Fish Hatchery,090400378,AZ,,,09,TNCWS,33,https://echo.epa.gov/detailed-facility-report?sys=SDWIS&fid=090400378
Alpine Clinic (SIHC),090605115,CA,,,09,NTNCWS,220,https://echo.epa.gov/detailed-facility-report?sys=SDWIS&fid=090605115
Alturas Desert Rose Casino,090600601,CA,,,09,NTNCWS,464,https://echo.epa.gov/detailed-facility-report?sys=SDWIS&fid=090600601
Andrade Border Station,090400678,CA,,,09,NTNCWS,647,https://echo.epa.gov/detailed-facility-report?sys=SDWIS&fid=090400678
Anegam,090400039,AZ,,,09,CWS,232,https://echo.epa.gov/detailed-facility-report?sys=SDWIS&fid=090400039
Apache Burger Travel Center,090400685,AZ,,,09,TNCWS,650,https://echo.epa.gov/detailed-facility-report?sys=SDWIS&fid=090400685
Apache Gold Casino,090400698,AZ,,,09,NTNCWS,1475,https://echo.epa.gov/detailed-facility-report?sys=SDWIS&fid=090400698
Apache Sky Casino,090400667,AZ,,,09,NTNCWS,400,https://echo.epa.gov/detailed-facility-report?sys=SDWIS&fid=090400667
Arizona Processing,090400683,AZ,,,09,NTNCWS,25,https://echo.epa.gov/detailed-facility-report?sys=SDWIS&fid=090400683
Arizona Village,090400300,CA,,,09,CWS,380,https://echo.epa.gov/detailed-facility-report?sys=SDWIS&fid=090400300
Arviso - Mobile Home Park,090605121,CA,,,09,CWS,70,https://echo.epa.gov/detailed-facility-report?sys=SDWIS&fid=090605121
Augustine Casino,090605142,CA,,,09,NTNCWS,950,https://echo.epa.gov/detailed-facility-report?sys=SDWIS&fid=090605142
Avi Casino,090400302,NV,,,09,CWS,3000,https://echo.epa.gov/detailed-facility-report?sys=SDWIS&fid=090400302
Avi Kwa Ame Farms North,090400304,AZ,,,09,CWS,70,https://echo.epa.gov/detailed-facility-report?sys=SDWIS&fid=090400304
B.I.A. ANETH BRD SC,094632002,UT,,,09,CWS,25,https://echo.epa.gov/detailed-facility-report?sys=SDWIS&fid=094632002
B.I.A. COLORADO RIV,090400050,AZ,,,09,CWS,400,https://echo.epa.gov/detailed-facility-report?sys=SDWIS&fid=090400050
B.I.A. DUCK VALLEY,092900067,NV,,,09,CWS,550,https://echo.epa.gov/detailed-facility-report?sys=SDWIS&fid=092900067
B.I.A. LAKE VALLEY,093234010,NM,,,09,CWS,175,https://echo.epa.gov/detailed-facility-report?sys=SDWIS&fid=093234010
B.I.A. NAVAJO MTN.,094633011,UT,,,09,CWS,50,https://echo.epa.gov/detailed-facility-report?sys=SDWIS&fid=094633011
B.I.A. POLACCA SCH.,090400059,AZ,,,09,CWS,25,https://echo.epa.gov/detailed-facility-report?sys=SDWIS&fid=090400059
B.I.A. STEWART H.S.,092900068,NV,,,09,CWS,550,https://echo.epa.gov/detailed-facility-report?sys=SDWIS&fid=092900068
BABY ROCKS TRADING POST,090400297,AZ,,,09,CWS,25,https://echo.epa.gov/detailed-facility-report?sys=SDWIS&fid=090400297
BACA COMMUNITY - NTUA,093500331,AZ,,,09,CWS,265,https://echo.epa.gov/detailed-facility-report?sys=SDWIS&fid=093500331
BARONA BINGO HALL,090605110,,,,09,TNCWS,100,https://echo.epa.gov/detailed-facility-report?sys=SDWIS&fid=090605110
BECENTI CHAPTER - O&M,093500282,AZ,,,09,TNCWS,25,https://echo.epa.gov/detailed-facility-report?sys=SDWIS&fid=093500282
BIA Casa Blanca School,090400045,,,,09,TNCWS,25,https://echo.epa.gov/detailed-facility-report?sys=SDWIS&fid=090400045
BIA GILA CROSSING SCHOOL,090400046,AZ,,,09,NTNCWS,200,https://echo.epa.gov/detailed-facility-report?sys=SDWIS&fid=090400046
BIA HOOPA SYSTEM,090600065,CA,,,09,CWS,180,https://echo.epa.gov/detailed-facility-report?sys=SDWIS&fid=090600065
BIA JFK School,090400053,AZ,,,09,NTNCWS,245,https://echo.epa.gov/detailed-facility-report?sys=SDWIS&fid=090400053
BIA Keams Canyon,090400054,AZ,,,09,CWS,925,https://echo.epa.gov/detailed-facility-report?sys=SDWIS&fid=090400054
BIA Point of Pines,090400661,AZ,,,09,TNCWS,400,https://echo.epa.gov/detailed-facility-report?sys=SDWIS&fid=090400661
BIA San Carlos,090400060,AZ,,,09,NTNCWS,2150,https://echo.epa.gov/detailed-facility-report?sys=SDWIS&fid=090400060
BIA San Carlos Forestry,090400662,NM,,,09,NTNCWS,50,https://echo.epa.gov/detailed-facility-report?sys=SDWIS&fid=090400662
BIA T. Roosevelt School,090400249,AZ,,,09,NTNCWS,150,https://echo.epa.gov/detailed-facility-report?sys=SDWIS&fid=090400249
BIA Truxton Agency,090400063,AZ,,,09,CWS,39,https://echo.epa.gov/detailed-facility-report?sys=SDWIS&fid=090400063
BLUE GAP/TACHEE-O&M (SU81),090400363,,,,09,CWS,575,https://echo.epa.gov/detailed-facility-report?sys=SDWIS&fid=090400363
BLUEWATER MARINA,090400271,AZ,,,09,CWS,200,https://echo.epa.gov/detailed-facility-report?sys=SDWIS&fid=090400271
Baca (Dlo-ay Azhi) Community School - BIA,093534002,NM,,,09,NTNCWS,424,https://echo.epa.gov/detailed-facility-report?sys=SDWIS&fid=093534002
Baca Prewitt Watering Point,093503036,NM,,,09,CWS,100,https://echo.epa.gov/detailed-facility-report?sys=SDWIS&fid=093503036
Bacavi Village,090400687,AZ,,,09,CWS,1061,https://echo.epa.gov/detailed-facility-report?sys=SDWIS&fid=090400687
Barona,090600119,CA,,,09,NTNCWS,11560,https://echo.epa.gov/detailed-facility-report?sys=SDWIS&fid=090600119
Barona North,090600118,CA,,,09,CWS,950,https://echo.epa.gov/detailed-facility-report?sys=SDWIS&fid=090600118
Bashas&#8217; Chinle Vending,090400124,AZ,,,09,TNCWS,27,https://echo.epa.gov/detailed-facility-report?sys=SDWIS&fid=090400124
Bashas&#8217; Dilkon Vending,090400126,AZ,,,09,TNCWS,6,https://echo.epa.gov/detailed-facility-report?sys=SDWIS&fid=090400126
Bashas&#8217; Window Rock Vending,090400125,AZ,,,09,TNCWS,14,https://echo.epa.gov/detailed-facility-report?sys=SDWIS&fid=090400125
Battle Mountain,093200364,NV,,,09,CWS,195,https://echo.epa.gov/detailed-facility-report?sys=SDWIS&fid=093200364
Battle Mountain (Old),093200160,NV,,,09,CWS,200,https://echo.epa.gov/detailed-facility-report?sys=SDWIS&fid=093200160
Bear River - Tish Non Village,090605119,CA,,,09,CWS,227,https://echo.epa.gov/detailed-facility-report?sys=SDWIS&fid=090605119
Bear River/Singley Hill,090605125,CA,,,09,CWS,1883,https://echo.epa.gov/detailed-facility-report?sys=SDWIS&fid=090605125
Benton Paiute Tribe,090600159,CA,,,09,CWS,91,https://echo.epa.gov/detailed-facility-report?sys=SDWIS&fid=090600159
Bermuda Palms,090600130,CA,,,09,CWS,323,https://echo.epa.gov/detailed-facility-report?sys=SDWIS&fid=090600130
Big Bend,093200167,NV,,,09,TNCWS,50,https://echo.epa.gov/detailed-facility-report?sys=SDWIS&fid=093200167
Big Fields,090400025,AZ,,,09,CWS,150,https://echo.epa.gov/detailed-facility-report?sys=SDWIS&fid=090400025
Big Lagoon Rancheria,090605043,,,,09,CWS,25,https://echo.epa.gov/detailed-facility-report?sys=SDWIS&fid=090605043
Big Pine Paiute Band,090600120,CA,,,09,CWS,550,https://echo.epa.gov/detailed-facility-report?sys=SDWIS&fid=090600120
Big River Development,090600226,CA,,,09,CWS,2950,https://echo.epa.gov/detailed-facility-report?sys=SDWIS&fid=090600226
Big Sandy Rancheria,090600121,CA,,,09,CWS,385,https://echo.epa.gov/detailed-facility-report?sys=SDWIS&fid=090600121
Big Valley Community Center,090605152,CA,,,09,TNCWS,30,https://echo.epa.gov/detailed-facility-report?sys=SDWIS&fid=090605152
Big Valley Rancheria Water District,090605164,CA,,,09,CWS,3135,https://echo.epa.gov/detailed-facility-report?sys=SDWIS&fid=090605164
Bishop Paiute-Shoshone Tribe,090600122,CA,,,09,CWS,2735,https://echo.epa.gov/detailed-facility-report?sys=SDWIS&fid=090600122
Black Mesa Pipeline,090403051,AZ,,,09,TNCWS,15,https://echo.epa.gov/detailed-facility-report?sys=SDWIS&fid=090403051
Bodie Flats Mobile Home Park,093200368,NV,,,09,CWS,81,https://echo.epa.gov/detailed-facility-report?sys=SDWIS&fid=093200368
Borrego Pass School - BIA,093534003,NM,,,09,CWS,233,https://echo.epa.gov/detailed-facility-report?sys=SDWIS&fid=093534003
Bread Springs Day School (New) - BIA,093534007,NM,,,09,NTNCWS,115,https://echo.epa.gov/detailed-facility-report?sys=SDWIS&fid=093534007
Bread Springs Day School (New) - BIA,093534008,NM,,,09,CWS,102,https://echo.epa.gov/detailed-facility-report?sys=SDWIS&fid=093534008
Bread Springs Day School (Present) - BIA,093534004,NM,,,09,CWS,102,https://echo.epa.gov/detailed-facility-report?sys=SDWIS&fid=093534004
C-store,090605166,CA,,,09,TNCWS,400,https://echo.epa.gov/detailed-facility-report?sys=SDWIS&fid=090605166
CHURCH ROCK COMM.-NTUA (84),093500260,,,,09,CWS,1430,https://echo.epa.gov/detailed-facility-report?sys=SDWIS&fid=093500260
COALMINE CHAPTER,090400298,AZ,,,09,TNCWS,30,https://echo.epa.gov/detailed-facility-report?sys=SDWIS&fid=090400298
COPPERMINE - NTUA (SU87),090400814,,,,09,CWS,825,https://echo.epa.gov/detailed-facility-report?sys=SDWIS&fid=090400814
COPPERMINE CHAPTER - O&M,090403049,AZ,,,09,CWS,25,https://echo.epa.gov/detailed-facility-report?sys=SDWIS&fid=090403049
CORNFIELDS COMM - NTUA,090400255,AZ,,,09,CWS,180,https://echo.epa.gov/detailed-facility-report?sys=SDWIS&fid=090400255
COYOTE CANYON CHAPTER (SU84),093500325,,,,09,TNCWS,150,https://echo.epa.gov/detailed-facility-report?sys=SDWIS&fid=093500325
COYOTE VALLEY RANCH.,090605065,,,,09,CWS,25,https://echo.epa.gov/detailed-facility-report?sys=SDWIS&fid=090605065
CRIT Farms,090400470,AZ,,,09,CWS,36,https://echo.epa.gov/detailed-facility-report?sys=SDWIS&fid=090400470
CRYSTAL/YAZZIE SPRING - O&M,093500324,AZ,,,09,CWS,72,https://echo.epa.gov/detailed-facility-report?sys=SDWIS&fid=093500324
CUYAPAIPE COMMUNITY,090605070,CA,,,09,CWS,25,https://echo.epa.gov/detailed-facility-report?sys=SDWIS&fid=090605070
Cababi,090400224,AZ,,,09,CWS,57,https://echo.epa.gov/detailed-facility-report?sys=SDWIS&fid=090400224
Cache Creek Casino Resort,090605107,CA,,,09,NTNCWS,12500,https://echo.epa.gov/detailed-facility-report?sys=SDWIS&fid=090605107
Cache Creek Indian Bingo Casino,090605100,CA,,,09,NTNCWS,7100,https://echo.epa.gov/detailed-facility-report?sys=SDWIS&fid=090605100
Cahuilla Casino,090605144,CA,,,09,NTNCWS,515,https://echo.epa.gov/detailed-facility-report?sys=SDWIS&fid=090605144
California Village,090600237,CA,,,09,CWS,555,https://echo.epa.gov/detailed-facility-report?sys=SDWIS&fid=090600237
Cameron Community - NTUA,090403010,AZ,,,09,CWS,795,https://echo.epa.gov/detailed-facility-report?sys=SDWIS&fid=090403010
Camp Antelope,090600250,,,,09,NTNCWS,25,https://echo.epa.gov/detailed-facility-report?sys=SDWIS&fid=090600250
Camp Antelope Water System,090600205,CA,,,09,TNCWS,25,https://echo.epa.gov/detailed-facility-report?sys=SDWIS&fid=090600205
Campo Casino (Golden Acorn Casino),090605158,CA,,,09,NTNCWS,1000,https://echo.epa.gov/detailed-facility-report?sys=SDWIS&fid=090605158
Campo Church Road System (HUD Homes),090605045,CA,,,09,CWS,300,https://echo.epa.gov/detailed-facility-report?sys=SDWIS&fid=090605045
Campo Clinic,090605112,,,,09,NTNCWS,25,https://echo.epa.gov/detailed-facility-report?sys=SDWIS&fid=090605112
Carrizo Store,090400702,AZ,,,09,TNCWS,35,https://echo.epa.gov/detailed-facility-report?sys=SDWIS&fid=090400702
Casino Arizona,090400708,AZ,,,09,NTNCWS,10500,https://echo.epa.gov/detailed-facility-report?sys=SDWIS&fid=090400708
Casino Arizona Talking Stick (CATS),090400703,AZ,,,09,NTNCWS,27730,https://echo.epa.gov/detailed-facility-report?sys=SDWIS&fid=090400703
Charco 27,090400008,AZ,,,09,CWS,60,https://echo.epa.gov/detailed-facility-report?sys=SDWIS&fid=090400008
Chemeheuvi Homesite #1,090600124,CA,,,09,TNCWS,25,https://echo.epa.gov/detailed-facility-report?sys=SDWIS&fid=090600124
Chemehuevi Homesite #2,090600206,CA,,,09,CWS,25,https://echo.epa.gov/detailed-facility-report?sys=SDWIS&fid=090600206
Chemehuevi Water,090600125,CA,,,09,CWS,2300,https://echo.epa.gov/detailed-facility-report?sys=SDWIS&fid=090600125
Chi Chil Tah Boarding School - BIA,093534005,NM,,,09,CWS,137,https://echo.epa.gov/detailed-facility-report?sys=SDWIS&fid=093534005
Chicken Ranch Bingo,090605106,CA,,,09,NTNCWS,500,https://echo.epa.gov/detailed-facility-report?sys=SDWIS&fid=090605106
Choulic,090400024,AZ,,,09,CWS,82,https://echo.epa.gov/detailed-facility-report?sys=SDWIS&fid=090400024
Chui Chu,090400003,AZ,,,09,CWS,340,https://echo.epa.gov/detailed-facility-report?sys=SDWIS&fid=090400003
Chukchansi Crossing,090600247,CA,,,09,TNCWS,25,https://echo.epa.gov/detailed-facility-report?sys=SDWIS&fid=090600247
Chukchansi Gold Resort,090605163,CA,,,09,NTNCWS,4680,https://echo.epa.gov/detailed-facility-report?sys=SDWIS&fid=090605163
Coal Mine Mesa - NTUA,090400207,AZ,,,09,CWS,334,https://echo.epa.gov/detailed-facility-report?sys=SDWIS&fid=090400207
Cockleburr,090400034,AZ,,,09,CWS,90,https://echo.epa.gov/detailed-facility-report?sys=SDWIS&fid=090400034
Cocopah Bend & RV Vending,090400127,AZ,,,09,TNCWS,51,https://echo.epa.gov/detailed-facility-report?sys=SDWIS&fid=090400127
Cocopah Bend RV & Golf Resort,090400676,AZ,,,09,CWS,1095,https://echo.epa.gov/detailed-facility-report?sys=SDWIS&fid=090400676
Cocopah Bingo Hall,090400674,AZ,,,09,NTNCWS,1525,https://echo.epa.gov/detailed-facility-report?sys=SDWIS&fid=090400674
Cocopah Casino,090400673,AZ,,,09,NTNCWS,5300,https://echo.epa.gov/detailed-facility-report?sys=SDWIS&fid=090400673
Cocopah East,090400073,AZ,,,09,CWS,280,https://echo.epa.gov/detailed-facility-report?sys=SDWIS&fid=090400073
Cocopah Korner,090400675,AZ,,,09,TNCWS,112,https://echo.epa.gov/detailed-facility-report?sys=SDWIS&fid=090400675
Cocopah Korner Hauled Water,090400074,AZ,,,09,TNCWS,112,https://echo.epa.gov/detailed-facility-report?sys=SDWIS&fid=090400074
Cocopah Korner Vending,090400128,AZ,,,09,TNCWS,46,https://echo.epa.gov/detailed-facility-report?sys=SDWIS&fid=090400128
Cocopah North,090400072,AZ,,,09,CWS,150,https://echo.epa.gov/detailed-facility-report?sys=SDWIS&fid=090400072
Cocopah Tribal Headquarters Hauled Water,090400070,AZ,,,09,NTNCWS,25,https://echo.epa.gov/detailed-facility-report?sys=SDWIS&fid=090400070
Cocopah West,090400071,AZ,,,09,CWS,325,https://echo.epa.gov/detailed-facility-report?sys=SDWIS&fid=090400071
Cold Fields,090402014,AZ,,,09,CWS,147,https://echo.epa.gov/detailed-facility-report?sys=SDWIS&fid=090402014
Cold Springs Flats,090605156,CA,,,09,CWS,150,https://echo.epa.gov/detailed-facility-report?sys=SDWIS&fid=090605156
Cold Springs Main,090600126,CA,,,09,CWS,179,https://echo.epa.gov/detailed-facility-report?sys=SDWIS&fid=090600126
Cold Springs Subdivision,090605077,CA,,,09,CWS,35,https://echo.epa.gov/detailed-facility-report?sys=SDWIS&fid=090605077
Colorado River Regional Water System,090400051,AZ,,,09,CWS,9277,https://echo.epa.gov/detailed-facility-report?sys=SDWIS&fid=090400051
Colorado River Senior Center,090605135,CA,,,09,TNCWS,27,https://echo.epa.gov/detailed-facility-report?sys=SDWIS&fid=090605135
Colusa Indian Bingo Casino,090605108,CA,,,09,NTNCWS,1213,https://echo.epa.gov/detailed-facility-report?sys=SDWIS&fid=090605108
Colusa Northern System,090605046,CA,,,09,CWS,67,https://echo.epa.gov/detailed-facility-report?sys=SDWIS&fid=090605046
Colusa Southern System,090605047,CA,,,09,CWS,3474,https://echo.epa.gov/detailed-facility-report?sys=SDWIS&fid=090605047
Colusa Village,090605162,CA,,,09,TNCWS,50,https://echo.epa.gov/detailed-facility-report?sys=SDWIS&fid=090605162
Comobabi Intertie,090400220,AZ,,,09,CWS,240,https://echo.epa.gov/detailed-facility-report?sys=SDWIS&fid=090400220
Consolidated Tribal Health,090605138,,,,09,NTNCWS,25,https://echo.epa.gov/detailed-facility-report?sys=SDWIS&fid=090605138
Cortina Rancheria,090605055,CA,,,09,CWS,19,https://echo.epa.gov/detailed-facility-report?sys=SDWIS&fid=090605055
Covered Wells Regional,090400006,AZ,,,09,CWS,350,https://echo.epa.gov/detailed-facility-report?sys=SDWIS&fid=090400006
Cowboy Spring  L.B./B.B. Campground,090400068,,,,09,TNCWS,25,https://echo.epa.gov/detailed-facility-report?sys=SDWIS&fid=090400068
Cowlic,090400029,AZ,,,09,CWS,120,https://echo.epa.gov/detailed-facility-report?sys=SDWIS&fid=090400029
Coyote Valley Complex,090605157,CA,,,09,TNCWS,27,https://echo.epa.gov/detailed-facility-report?sys=SDWIS&fid=090605157
Crowhang,090400009,AZ,,,09,CWS,130,https://echo.epa.gov/detailed-facility-report?sys=SDWIS&fid=090400009
Crownpoint Boarding School - BIA,093534023,NM,,,09,CWS,1024,https://echo.epa.gov/detailed-facility-report?sys=SDWIS&fid=093534023
Cyprus Tohono Corporation,090411311,AZ,,,09,NTNCWS,21,https://echo.epa.gov/detailed-facility-report?sys=SDWIS&fid=090411311
DALTON PASS CHAP.-O&M,093500270,AZ,,,09,CWS,587,https://echo.epa.gov/detailed-facility-report?sys=SDWIS&fid=093500270
DD Mobile Home Park,090605160,CA,,,09,CWS,300,https://echo.epa.gov/detailed-facility-report?sys=SDWIS&fid=090605160
Desert Diamond Sahuarita,090400233,AZ,,,09,NTNCWS,2412,https://echo.epa.gov/detailed-facility-report?sys=SDWIS&fid=090400233
Desert Diamond Why,090400234,AZ,,,09,NTNCWS,100,https://echo.epa.gov/detailed-facility-report?sys=SDWIS&fid=090400234
Dirt Burn / Kupk,090400056,AZ,,,09,CWS,100,https://echo.epa.gov/detailed-facility-report?sys=SDWIS&fid=090400056
Dishchii Bikoh Community School - BIA Charter,090400049,AZ,,,09,NTNCWS,347,https://echo.epa.gov/detailed-facility-report?sys=SDWIS&fid=090400049
Dry Creek Rancheria,090600127,CA,,,09,NTNCWS,3250,https://echo.epa.gov/detailed-facility-report?sys=SDWIS&fid=090600127
Duck Valley Newtown,093200372,NV,,,09,CWS,450,https://echo.epa.gov/detailed-facility-report?sys=SDWIS&fid=093200372
Duck Valley Owyhee,093200067,NV,,,09,CWS,150,https://echo.epa.gov/detailed-facility-report?sys=SDWIS&fid=093200067
Duckwater,093200163,NV,,,09,CWS,130,https://echo.epa.gov/detailed-facility-report?sys=SDWIS&fid=093200163
Duckwater School,093200175,NV,,,09,NTNCWS,120,https://echo.epa.gov/detailed-facility-report?sys=SDWIS&fid=093200175
Duro Mobile Home Park (Desert),090605159,CA,,,09,CWS,25,https://echo.epa.gov/detailed-facility-report?sys=SDWIS&fid=090605159
Dzil Libei (Cameron) Elementary School,090403011,AZ,,,09,NTNCWS,73,https://echo.epa.gov/detailed-facility-report?sys=SDWIS&fid=090403011
Dzilthnaodithhle Boarding School - BIA,093534024,NM,,,09,CWS,690,https://echo.epa.gov/detailed-facility-report?sys=SDWIS&fid=093534024
EAST HOOPA VALLEY SYSTEM,090600140,CA,,,09,CWS,1000,https://echo.epa.gov/detailed-facility-report?sys=SDWIS&fid=090600140
EAST WHITERIVER,090400384,AZ,,,09,CWS,25,https://echo.epa.gov/detailed-facility-report?sys=SDWIS&fid=090400384
EL PASO N G-W.ROCK/ST.MICHAELS,090400338,TX,,,09,CWS,100,https://echo.epa.gov/detailed-facility-report?sys=SDWIS&fid=090400338
EL PASO NG-LEUPP STATION,090400349,AZ,,,09,CWS,80,https://echo.epa.gov/detailed-facility-report?sys=SDWIS&fid=090400349
East Fork Lutheran,090400248,,,,09,CWS,270,https://echo.epa.gov/detailed-facility-report?sys=SDWIS&fid=090400248
Eastern Navajo Agency (BIE) Headquarters - BIA,093534001,NM,,,09,CWS,951,https://echo.epa.gov/detailed-facility-report?sys=SDWIS&fid=093534001
FATCO,090400075,,,,09,NTNCWS,800,https://echo.epa.gov/detailed-facility-report?sys=SDWIS&fid=090400075
Fallon-Paiute Shoshone Tribe Community System,093200166,NV,,,09,CWS,1200,https://echo.epa.gov/detailed-facility-report?sys=SDWIS&fid=093200166
Fallon-Paiute Shoshone Tribe Fox Peak Station,093200266,NV,,,09,TNCWS,6,https://echo.epa.gov/detailed-facility-report?sys=SDWIS&fid=093200266
Firebird Raceway,090400267,AZ,,,09,NTNCWS,475,https://echo.epa.gov/detailed-facility-report?sys=SDWIS&fid=090400267
Former Pueblo Pintado Boarding School - BIA,093534015,NM,,,09,CWS,103,https://echo.epa.gov/detailed-facility-report?sys=SDWIS&fid=093534015
Former Torreon Day School - BIA,093534018,NM,,,09,NTNCWS,35,https://echo.epa.gov/detailed-facility-report?sys=SDWIS&fid=093534018
Fort Bidwell Reservation,090600128,CA,,,09,CWS,88,https://echo.epa.gov/detailed-facility-report?sys=SDWIS&fid=090600128
Fort Independence,090600129,CA,,,09,CWS,100,https://echo.epa.gov/detailed-facility-report?sys=SDWIS&fid=090600129
Fort McDowell Adventures,090400705,AZ,,,09,TNCWS,180,https://echo.epa.gov/detailed-facility-report?sys=SDWIS&fid=090400705
Fort McDowell Casino,090400686,AZ,,,09,NTNCWS,2500,https://echo.epa.gov/detailed-facility-report?sys=SDWIS&fid=090400686
Fort McDowell Community,090400088,AZ,,,09,CWS,7260,https://echo.epa.gov/detailed-facility-report?sys=SDWIS&fid=090400088
Fort McDowell Yavapai Materials,090400710,AZ,,,09,TNCWS,40,https://echo.epa.gov/detailed-facility-report?sys=SDWIS&fid=090400710
Fort Wingate Community - BIA,093534020,NM,,,09,CWS,550,https://echo.epa.gov/detailed-facility-report?sys=SDWIS&fid=093534020
Four Corners Power - APS,093500333,NM,,,09,NTNCWS,595,https://echo.epa.gov/detailed-facility-report?sys=SDWIS&fid=093500333
Fresnal,090400004,AZ,,,09,CWS,105,https://echo.epa.gov/detailed-facility-report?sys=SDWIS&fid=090400004
Ft. McDermitt Paiute-Shoshone - Lower,093200165,NV,,,09,CWS,216,https://echo.epa.gov/detailed-facility-report?sys=SDWIS&fid=093200165
Ft. McDermitt Paiute-Shoshone - Upper,093200164,NV,,,09,CWS,89,https://echo.epa.gov/detailed-facility-report?sys=SDWIS&fid=093200164
Ft. McDowell Subdivision,090400275,,,,09,NTNCWS,100,https://echo.epa.gov/detailed-facility-report?sys=SDWIS&fid=090400275
GOULDINGS WATER SYS,094600225,UT,,,09,CWS,40,https://echo.epa.gov/detailed-facility-report?sys=SDWIS&fid=094600225
GRIC Blackwater,090400091,,,,09,CWS,25,https://echo.epa.gov/detailed-facility-report?sys=SDWIS&fid=090400091
GRIC DPW Aerodyne,090400691,AZ,,,09,CWS,25,https://echo.epa.gov/detailed-facility-report?sys=SDWIS&fid=090400691
GRIC DPW Casa Blanca/Bapchule,090400092,AZ,,,09,CWS,2603,https://echo.epa.gov/detailed-facility-report?sys=SDWIS&fid=090400092
GRIC DPW Sacaton,090400047,AZ,,,09,CWS,5307,https://echo.epa.gov/detailed-facility-report?sys=SDWIS&fid=090400047
GRIC DPW Stotonic,090400096,AZ,,,09,CWS,2566,https://echo.epa.gov/detailed-facility-report?sys=SDWIS&fid=090400096
GRIC DPW Wild Horse Pass,090400692,AZ,,,09,CWS,22795,https://echo.epa.gov/detailed-facility-report?sys=SDWIS&fid=090400692
GRIC Lone Butte - DPW,090400095,AZ,,,09,CWS,65,https://echo.epa.gov/detailed-facility-report?sys=SDWIS&fid=090400095
GRIC Pee Posh Water (Maricopa Colony) - DPW,090400097,AZ,,,09,CWS,665,https://echo.epa.gov/detailed-facility-report?sys=SDWIS&fid=090400097
GRIC St. Johns - DPW,090400093,AZ,,,09,CWS,2500,https://echo.epa.gov/detailed-facility-report?sys=SDWIS&fid=090400093
GRIC Sweetwater - DPW,090400100,AZ,,,09,CWS,125,https://echo.epa.gov/detailed-facility-report?sys=SDWIS&fid=090400100
Gap / Cedar Ridge - NTUA,090403009,AZ,,,09,CWS,1148,https://echo.epa.gov/detailed-facility-report?sys=SDWIS&fid=090403009
Gila R. Arts & Crafts,090400344,AZ,,,09,NTNCWS,25,https://echo.epa.gov/detailed-facility-report?sys=SDWIS&fid=090400344
Goshute (8-Mile),093200178,,,,09,CWS,25,https://echo.epa.gov/detailed-facility-report?sys=SDWIS&fid=093200178
Goshute (Lower),093200173,NV,,,09,CWS,40,https://echo.epa.gov/detailed-facility-report?sys=SDWIS&fid=093200173
Goshute (Upper),093200177,NV,,,09,CWS,40,https://echo.epa.gov/detailed-facility-report?sys=SDWIS&fid=093200177
Grand Canyon West,090400101,AZ,,,09,CWS,3120,https://echo.epa.gov/detailed-facility-report?sys=SDWIS&fid=090400101
Graton Resort and Casino,090605174,CA,,,09,NTNCWS,10127,https://echo.epa.gov/detailed-facility-report?sys=SDWIS&fid=090605174
Greater Santa Rosa Regional,090400226,AZ,,,09,CWS,1722,https://echo.epa.gov/detailed-facility-report?sys=SDWIS&fid=090400226
Grindstone Rancheria,090605004,CA,,,09,CWS,150,https://echo.epa.gov/detailed-facility-report?sys=SDWIS&fid=090605004
Gunsight (Schuchuligk),090400032,AZ,,,09,CWS,40,https://echo.epa.gov/detailed-facility-report?sys=SDWIS&fid=090400032
HAT CK CHURCH AREA S,090605038,CA,,,09,TNCWS,60,https://echo.epa.gov/detailed-facility-report?sys=SDWIS&fid=090605038
HAT CK-CHRISTIE SYST,090605037,CA,,,09,CWS,25,https://echo.epa.gov/detailed-facility-report?sys=SDWIS&fid=090605037
HAT CREEK - JENKINS,090605036,CA,,,09,CWS,31,https://echo.epa.gov/detailed-facility-report?sys=SDWIS&fid=090605036
HAT CREEK - WILSON,090605035,CA,,,09,CWS,53,https://echo.epa.gov/detailed-facility-report?sys=SDWIS&fid=090605035
HAWLEY LAKE CAMPGROUND,090400069,,,,09,TNCWS,25,https://echo.epa.gov/detailed-facility-report?sys=SDWIS&fid=090400069
HAWLEY LAKE HOMES,090400387,AZ,,,09,TNCWS,25,https://echo.epa.gov/detailed-facility-report?sys=SDWIS&fid=090400387
HUNTERS POINT COMM.-NTUA(SU83,090403044,,,,09,CWS,850,https://echo.epa.gov/detailed-facility-report?sys=SDWIS&fid=090403044
HUPA CAMPGROUND,090605069,CA,,,09,TNCWS,25,https://echo.epa.gov/detailed-facility-report?sys=SDWIS&fid=090605069
HV Tish Tang Campground,090605148,CA,,,09,TNCWS,30,https://echo.epa.gov/detailed-facility-report?sys=SDWIS&fid=090605148
Havasu Palms,090600201,CA,,,09,TNCWS,200,https://echo.epa.gov/detailed-facility-report?sys=SDWIS&fid=090600201
Havasupai Campground,090400103,AZ,,,09,TNCWS,200,https://echo.epa.gov/detailed-facility-report?sys=SDWIS&fid=090400103
Havasupai Village,090400102,AZ,,,09,CWS,885,https://echo.epa.gov/detailed-facility-report?sys=SDWIS&fid=090400102
Hawley Lake Homes,090400383,AZ,,,09,TNCWS,1130,https://echo.epa.gov/detailed-facility-report?sys=SDWIS&fid=090400383
Hickiwan,090400033,AZ,,,09,CWS,301,https://echo.epa.gov/detailed-facility-report?sys=SDWIS&fid=090400033
Hidden Valley Development,090400689,CA,,,09,TNCWS,297,https://echo.epa.gov/detailed-facility-report?sys=SDWIS&fid=090400689
Hondah Casino,090400086,AZ,,,09,NTNCWS,2164,https://echo.epa.gov/detailed-facility-report?sys=SDWIS&fid=090400086
Hondah Homesites,090400382,AZ,,,09,CWS,450,https://echo.epa.gov/detailed-facility-report?sys=SDWIS&fid=090400382
Hoopa Telescope Spring System,090605067,,,,09,CWS,25,https://echo.epa.gov/detailed-facility-report?sys=SDWIS&fid=090605067
Hoopa Valley-Wide System,090605126,CA,,,09,CWS,3430,https://echo.epa.gov/detailed-facility-report?sys=SDWIS&fid=090605126
Hopi Cultural Center,090400260,AZ,,,09,NTNCWS,450,https://echo.epa.gov/detailed-facility-report?sys=SDWIS&fid=090400260
Hopi High School - BIA,090400395,AZ,,,09,CWS,1150,https://echo.epa.gov/detailed-facility-report?sys=SDWIS&fid=090400395
Hopi Veterans Center,090400316,AZ,,,09,CWS,388,https://echo.epa.gov/detailed-facility-report?sys=SDWIS&fid=090400316
Hopland Reservation Sho-Ka-Wah Casino,090600163,CA,,,09,NTNCWS,500,https://echo.epa.gov/detailed-facility-report?sys=SDWIS&fid=090600163
Horseshoe Lake Campground,090400391,,,,09,TNCWS,35,https://echo.epa.gov/detailed-facility-report?sys=SDWIS&fid=090400391
Hotevilla Village,090400700,AZ,,,09,CWS,1621,https://echo.epa.gov/detailed-facility-report?sys=SDWIS&fid=090400700
Hotevilla/Bacavi Community School,090400052,AZ,,,09,CWS,260,https://echo.epa.gov/detailed-facility-report?sys=SDWIS&fid=090400052
Howonquet Community(Smith River),090605060,CA,,,09,CWS,220,https://echo.epa.gov/detailed-facility-report?sys=SDWIS&fid=090605060
Hualapai Youth Camp,090400064,AZ,,,09,TNCWS,100,https://echo.epa.gov/detailed-facility-report?sys=SDWIS&fid=090400064
Huerfano Boarding School - BIA,093534006,NM,,,09,CWS,123,https://echo.epa.gov/detailed-facility-report?sys=SDWIS&fid=093534006
Hungry Valley (Reno-Sparks),093200369,NV,,,09,CWS,620,https://echo.epa.gov/detailed-facility-report?sys=SDWIS&fid=093200369
Hunters Grill and Lounge,090400303,AZ,,,09,TNCWS,132,https://echo.epa.gov/detailed-facility-report?sys=SDWIS&fid=090400303
IONE INDIAN COMM.,090605027,CA,,,09,CWS,25,https://echo.epa.gov/detailed-facility-report?sys=SDWIS&fid=090605027
Indian Village,090605154,CA,,,09,CWS,35,https://echo.epa.gov/detailed-facility-report?sys=SDWIS&fid=090605154
J & E Farms,090400122,AZ,,,09,TNCWS,17,https://echo.epa.gov/detailed-facility-report?sys=SDWIS&fid=090400122
Jack Norton School,090600741,CA,,,09,NTNCWS,55,https://echo.epa.gov/detailed-facility-report?sys=SDWIS&fid=090600741
Jackrabbit,090400231,AZ,,,09,CWS,40,https://echo.epa.gov/detailed-facility-report?sys=SDWIS&fid=090400231
Jackson Rancheria,090605139,,,,09,CWS,25,https://echo.epa.gov/detailed-facility-report?sys=SDWIS&fid=090605139
Jackson Rancheria Casino & Hotel,090605109,CA,,,09,NTNCWS,6503,https://echo.epa.gov/detailed-facility-report?sys=SDWIS&fid=090605109
Juaneno (San Pascual Res),090600400,,,,09,CWS,25,https://echo.epa.gov/detailed-facility-report?sys=SDWIS&fid=090600400
Juniper Village and Red Hills,090400278,AZ,,,09,CWS,84,https://echo.epa.gov/detailed-facility-report?sys=SDWIS&fid=090400278
KAIBETO CHAPTER - O&M,090400400,AZ,,,09,TNCWS,30,https://echo.epa.gov/detailed-facility-report?sys=SDWIS&fid=090400400
Kaibab Village,090400274,AZ,,,09,CWS,250,https://echo.epa.gov/detailed-facility-report?sys=SDWIS&fid=090400274
Kaka,090400037,AZ,,,09,CWS,138,https://echo.epa.gov/detailed-facility-report?sys=SDWIS&fid=090400037
Kashia,090600135,CA,,,09,CWS,125,https://echo.epa.gov/detailed-facility-report?sys=SDWIS&fid=090600135
Kerwo (Gu Vo),090400041,AZ,,,09,CWS,441,https://echo.epa.gov/detailed-facility-report?sys=SDWIS&fid=090400041
Kitt Peak National Observatory,090402057,AZ,,,09,NTNCWS,247,https://echo.epa.gov/detailed-facility-report?sys=SDWIS&fid=090402057
Kohatk,090400016,AZ,,,09,CWS,80,https://echo.epa.gov/detailed-facility-report?sys=SDWIS&fid=090400016
Kykotsmovi,090400105,AZ,,,09,CWS,1502,https://echo.epa.gov/detailed-facility-report?sys=SDWIS&fid=090400105
LA VIDA MISSION,093503076,NM,,,09,CWS,230,https://echo.epa.gov/detailed-facility-report?sys=SDWIS&fid=093503076
LAVEEN INDIAN CHILD.,090400306,AZ,,,09,CWS,40,https://echo.epa.gov/detailed-facility-report?sys=SDWIS&fid=090400306
LITTLEWATER-NTUA,093503002,AZ,,,09,CWS,160,https://echo.epa.gov/detailed-facility-report?sys=SDWIS&fid=093503002
LOS TULES SYSTEM,090605009,CA,,,09,CWS,30,https://echo.epa.gov/detailed-facility-report?sys=SDWIS&fid=090605009
LOWER LOGGING ROAD CAMPGROUND,090400077,,,,09,TNCWS,25,https://echo.epa.gov/detailed-facility-report?sys=SDWIS&fid=090400077
LUPTON SOUTH - NTUA,090400284,AZ,,,09,CWS,94,https://echo.epa.gov/detailed-facility-report?sys=SDWIS&fid=090400284
La Jolla - Third Gate Campground,090605151,CA,,,09,TNCWS,1000,https://echo.epa.gov/detailed-facility-report?sys=SDWIS&fid=090605151
La Jolla - Upper,090600136,CA,,,09,CWS,150,https://echo.epa.gov/detailed-facility-report?sys=SDWIS&fid=090600136
La Jolla Eastern,090605007,CA,,,09,CWS,1076,https://echo.epa.gov/detailed-facility-report?sys=SDWIS&fid=090605007
La Jolla Western,090605008,CA,,,09,CWS,296,https://echo.epa.gov/detailed-facility-report?sys=SDWIS&fid=090605008
"La Jolla, Water Slide",090605111,CA,,,09,TNCWS,100,https://echo.epa.gov/detailed-facility-report?sys=SDWIS&fid=090605111
La Posta Casino,090600053,CA,,,09,NTNCWS,685,https://echo.epa.gov/detailed-facility-report?sys=SDWIS&fid=090600053
La Posta Lower Community,090600056,CA,,,09,CWS,31,https://echo.epa.gov/detailed-facility-report?sys=SDWIS&fid=090600056
La Posta Upper,090605146,CA,,,09,NTNCWS,53,https://echo.epa.gov/detailed-facility-report?sys=SDWIS&fid=090605146
Laguna Dam South RV,090400682,NM,,,09,TNCWS,3,https://echo.epa.gov/detailed-facility-report?sys=SDWIS&fid=090400682
Lake Valley Boarding School - BIA,093534010,NM,,,09,CWS,85,https://echo.epa.gov/detailed-facility-report?sys=SDWIS&fid=093534010
Las Vegas Paiute Colony,093200376,NV,,,09,CWS,150,https://echo.epa.gov/detailed-facility-report?sys=SDWIS&fid=093200376
Las Vegas Paiute Snow Mountain,093200373,NV,,,09,CWS,345,https://echo.epa.gov/detailed-facility-report?sys=SDWIS&fid=093200373
Little Tucson,090400040,AZ,,,09,CWS,328,https://echo.epa.gov/detailed-facility-report?sys=SDWIS&fid=090400040
Lone Butte Industrial,090400345,AZ,,,09,NTNCWS,3360,https://echo.epa.gov/detailed-facility-report?sys=SDWIS&fid=090400345
Lone Pine,090600138,CA,,,09,CWS,335,https://echo.epa.gov/detailed-facility-report?sys=SDWIS&fid=090600138
Los Coyotes,090605147,CA,,,09,CWS,84,https://echo.epa.gov/detailed-facility-report?sys=SDWIS&fid=090605147
Lost Lake Resort,090600227,CA,,,09,CWS,355,https://echo.epa.gov/detailed-facility-report?sys=SDWIS&fid=090600227
Lower Moencopi -  Spring Source,090400393,AZ,,,09,CWS,316,https://echo.epa.gov/detailed-facility-report?sys=SDWIS&fid=090400393
Lower Moencopi - Consecutive System,090400058,AZ,,,09,NTNCWS,326,https://echo.epa.gov/detailed-facility-report?sys=SDWIS&fid=090400058
MADERA EMPLOYT CTR,090500066,CA,,,09,CWS,100,https://echo.epa.gov/detailed-facility-report?sys=SDWIS&fid=090500066
MANY FARMS COMM - NTUA,090400252,AZ,,,09,CWS,350,https://echo.epa.gov/detailed-facility-report?sys=SDWIS&fid=090400252
MANZANITA BOYS' CAMP,090605114,,,,09,TNCWS,45,https://echo.epa.gov/detailed-facility-report?sys=SDWIS&fid=090605114
MAVERICK FIRE CAMP,090400082,,,,09,TNCWS,25,https://echo.epa.gov/detailed-facility-report?sys=SDWIS&fid=090400082
MEXICAN SPRING COMM. NTUA,093500262,AZ,,,09,CWS,460,https://echo.epa.gov/detailed-facility-report?sys=SDWIS&fid=093500262
MONUMENT VALLEY MIS,094600222,UT,,,09,CWS,160,https://echo.epa.gov/detailed-facility-report?sys=SDWIS&fid=094600222
MULHOLLAND WELL COMM-O&M(SU82,093503040,,,,09,CWS,120,https://echo.epa.gov/detailed-facility-report?sys=SDWIS&fid=093503040
Manchester Rancheria,090600139,CA,,,09,CWS,100,https://echo.epa.gov/detailed-facility-report?sys=SDWIS&fid=090600139
Manzanita Horse Park,090605105,CA,,,09,TNCWS,30,https://echo.epa.gov/detailed-facility-report?sys=SDWIS&fid=090605105
Mariano Lake Community School - BIA,093534012,NM,,,09,CWS,267,https://echo.epa.gov/detailed-facility-report?sys=SDWIS&fid=093534012
Matarawa RV Park,090605066,CA,,,09,TNCWS,25,https://echo.epa.gov/detailed-facility-report?sys=SDWIS&fid=090605066
Mazzetti Trailer Park,090605123,CA,,,09,CWS,24,https://echo.epa.gov/detailed-facility-report?sys=SDWIS&fid=090605123
Menager's Dam (Ali Chuk),090400023,AZ,,,09,CWS,212,https://echo.epa.gov/detailed-facility-report?sys=SDWIS&fid=090400023
Mesa Grande (Tract 2),090605011,CA,,,09,CWS,40,https://echo.epa.gov/detailed-facility-report?sys=SDWIS&fid=090605011
Mesa Grande - Black Canyon,090605132,CA,,,09,CWS,80,https://echo.epa.gov/detailed-facility-report?sys=SDWIS&fid=090605132
Mesquite Creek,090400301,AZ,,,09,CWS,600,https://echo.epa.gov/detailed-facility-report?sys=SDWIS&fid=090400301
Middletown Rancheria Community Water System,090600141,CA,,,09,CWS,25,https://echo.epa.gov/detailed-facility-report?sys=SDWIS&fid=090600141
Middletown Rancheria Twin Pines Casino,090600180,,,,09,NTNCWS,25,https://echo.epa.gov/detailed-facility-report?sys=SDWIS&fid=090600180
Mishongnovi (Upper Sipaulovi/Upper Mishongnovi),090400394,AZ,,,09,CWS,490,https://echo.epa.gov/detailed-facility-report?sys=SDWIS&fid=090400394
Mission View Mobile Home Park (Tucson Water Consec,090400228,AZ,,,09,CWS,1125,https://echo.epa.gov/detailed-facility-report?sys=SDWIS&fid=090400228
Mitomkai Tribal Water System,090605120,CA,,,09,CWS,100,https://echo.epa.gov/detailed-facility-report?sys=SDWIS&fid=090605120
Moapa Paiute Travel Plaza,093200200,NV,,,09,NTNCWS,410,https://echo.epa.gov/detailed-facility-report?sys=SDWIS&fid=093200200
Moccasin Domestic Water Improvement District,090408027,AZ,,,09,CWS,70,https://echo.epa.gov/detailed-facility-report?sys=SDWIS&fid=090408027
Moenave Community,090403008,AZ,,,09,CWS,32,https://echo.epa.gov/detailed-facility-report?sys=SDWIS&fid=090403008
Montezuma Creek Trailer Park,094902226,UT,,,09,TNCWS,398,https://echo.epa.gov/detailed-facility-report?sys=SDWIS&fid=094902226
Morongo,090600142,CA,,,09,CWS,16000,https://echo.epa.gov/detailed-facility-report?sys=SDWIS&fid=090600142
Muro Trailer Park - Pala,090605145,,,,09,CWS,25,https://echo.epa.gov/detailed-facility-report?sys=SDWIS&fid=090605145
NAVAJO COMMUNITY-NTUA (SU83),093500298,,,,09,CWS,3150,https://echo.epa.gov/detailed-facility-report?sys=SDWIS&fid=093500298
NAVAJO GOSPEL MISSION  (SU81),090400257,,,,09,CWS,65,https://echo.epa.gov/detailed-facility-report?sys=SDWIS&fid=090400257
Navajo Generating Station,090400402,AZ,,,09,NTNCWS,970,https://echo.epa.gov/detailed-facility-report?sys=SDWIS&fid=090400402
Nestle Facility Morongo,090600061,CA,,,09,NTNCWS,200,https://echo.epa.gov/detailed-facility-report?sys=SDWIS&fid=090600061
Nevada Skies Youth Wellness Center,093200375,NV,,,09,NTNCWS,75,https://echo.epa.gov/detailed-facility-report?sys=SDWIS&fid=093200375
New Fields,090400019,AZ,,,09,CWS,60,https://echo.epa.gov/detailed-facility-report?sys=SDWIS&fid=090400019
Nixon,093200168,NV,,,09,CWS,800,https://echo.epa.gov/detailed-facility-report?sys=SDWIS&fid=093200168
Nolic Intertie,090400002,AZ,,,09,CWS,168,https://echo.epa.gov/detailed-facility-report?sys=SDWIS&fid=090400002
North Komelic,090400028,AZ,,,09,CWS,120,https://echo.epa.gov/detailed-facility-report?sys=SDWIS&fid=090400028
OLJATO COMMUNITY,094600224,UT,,,09,CWS,130,https://echo.epa.gov/detailed-facility-report?sys=SDWIS&fid=094600224
Oasis Mobile Home Park,090605129,CA,,,09,CWS,1900,https://echo.epa.gov/detailed-facility-report?sys=SDWIS&fid=090605129
Ojo Encino Day School (New) - BIA,093534014,NM,,,09,NTNCWS,192,https://echo.epa.gov/detailed-facility-report?sys=SDWIS&fid=093534014
Ojo Encino Day School Housing - BIA,093534013,NM,,,09,NTNCWS,178,https://echo.epa.gov/detailed-facility-report?sys=SDWIS&fid=093534013
Old Campo,090600057,CA,,,09,CWS,75,https://echo.epa.gov/detailed-facility-report?sys=SDWIS&fid=090600057
Original Sherwood Valley Rancheria,090605021,CA,,,09,CWS,55,https://echo.epa.gov/detailed-facility-report?sys=SDWIS&fid=090605021
Out of Africa Wildlife Park,090400690,AZ,,,09,TNCWS,29,https://echo.epa.gov/detailed-facility-report?sys=SDWIS&fid=090400690
PARADISE YOUTH CAMP,090400389,AZ,,,09,TNCWS,25,https://echo.epa.gov/detailed-facility-report?sys=SDWIS&fid=090400389
PEARSONS GROCERY STORE,090605078,CA,,,09,TNCWS,100,https://echo.epa.gov/detailed-facility-report?sys=SDWIS&fid=090605078
PLPT I80 Smoke Shop Mini Mart,093200367,NV,,,09,TNCWS,50,https://echo.epa.gov/detailed-facility-report?sys=SDWIS&fid=093200367
"PTUA, HAVANA NAKYA",090300009,AZ,,,09,CWS,116,https://echo.epa.gov/detailed-facility-report?sys=SDWIS&fid=090300009
Pacific Livestock,090400696,AZ,,,09,TNCWS,25,https://echo.epa.gov/detailed-facility-report?sys=SDWIS&fid=090400696
Pala North,090605153,CA,,,09,CWS,14200,https://echo.epa.gov/detailed-facility-report?sys=SDWIS&fid=090605153
Pala Raceway,090600167,CA,,,09,TNCWS,100,https://echo.epa.gov/detailed-facility-report?sys=SDWIS&fid=090600167
Pala South,090600144,CA,,,09,CWS,360,https://echo.epa.gov/detailed-facility-report?sys=SDWIS&fid=090600144
Palo Verde Stand,090400012,AZ,,,09,CWS,105,https://echo.epa.gov/detailed-facility-report?sys=SDWIS&fid=090400012
Pan Tak,090400015,AZ,,,09,CWS,28,https://echo.epa.gov/detailed-facility-report?sys=SDWIS&fid=090400015
Papago Farms Detention CBP,090400217,AZ,,,09,TNCWS,40,https://echo.epa.gov/detailed-facility-report?sys=SDWIS&fid=090400217
Papago Farms Housing CBP,090400216,CA,,,09,NTNCWS,32,https://echo.epa.gov/detailed-facility-report?sys=SDWIS&fid=090400216
Paradise Point,090600228,CA,,,09,TNCWS,11,https://echo.epa.gov/detailed-facility-report?sys=SDWIS&fid=090600228
Pauma,090605012,CA,,,09,CWS,5700,https://echo.epa.gov/detailed-facility-report?sys=SDWIS&fid=090605012
Peach Springs,090400108,AZ,,,09,CWS,2080,https://echo.epa.gov/detailed-facility-report?sys=SDWIS&fid=090400108
Pechanga,090605013,CA,,,09,CWS,20100,https://echo.epa.gov/detailed-facility-report?sys=SDWIS&fid=090605013
Pia Oik,090400021,AZ,,,09,CWS,50,https://echo.epa.gov/detailed-facility-report?sys=SDWIS&fid=090400021
Picayune Tribal Office System,090605165,CA,,,09,NTNCWS,25,https://echo.epa.gov/detailed-facility-report?sys=SDWIS&fid=090605165
Pine View Estates,093200374,NV,,,09,CWS,225,https://echo.epa.gov/detailed-facility-report?sys=SDWIS&fid=093200374
Pinoleville Pomo Nation,090605170,,,,09,NTNCWS,15,https://echo.epa.gov/detailed-facility-report?sys=SDWIS&fid=090605170
Pipe Springs National Monument,090400276,AZ,,,09,TNCWS,185,https://echo.epa.gov/detailed-facility-report?sys=SDWIS&fid=090400276
Pisinemo Intertie,090400030,AZ,,,09,CWS,472,https://echo.epa.gov/detailed-facility-report?sys=SDWIS&fid=090400030
Pit River Chimney Rock,090600399,CA,,,09,TNCWS,35,https://echo.epa.gov/detailed-facility-report?sys=SDWIS&fid=090600399
Pit River Montgomery Creek Rancheria,090605062,CA,,,09,CWS,34,https://echo.epa.gov/detailed-facility-report?sys=SDWIS&fid=090605062
Pit River XL Rancheria,090605041,CA,,,09,CWS,61,https://echo.epa.gov/detailed-facility-report?sys=SDWIS&fid=090605041
Point Arena Rancheria,090600145,CA,,,09,CWS,425,https://echo.epa.gov/detailed-facility-report?sys=SDWIS&fid=090600145
Polacca,090400106,AZ,,,09,CWS,3917,https://echo.epa.gov/detailed-facility-report?sys=SDWIS&fid=090400106
Pueblo Pintado Community School (New) - BIA,093534011,NM,,,09,CWS,385,https://echo.epa.gov/detailed-facility-report?sys=SDWIS&fid=093534011
Quail Mesa Trailer Park,090400123,AZ,,,09,TNCWS,14,https://echo.epa.gov/detailed-facility-report?sys=SDWIS&fid=090400123
Quartz Valley Indian Community,090600046,CA,,,09,CWS,200,https://echo.epa.gov/detailed-facility-report?sys=SDWIS&fid=090600046
Quechan Casino Resort,090400679,CA,,,09,NTNCWS,2950,https://echo.epa.gov/detailed-facility-report?sys=SDWIS&fid=090400679
Quechan Utility,090400089,CA,,,09,CWS,7230,https://echo.epa.gov/detailed-facility-report?sys=SDWIS&fid=090400089
Queen's Well,090400005,AZ,,,09,CWS,64,https://echo.epa.gov/detailed-facility-report?sys=SDWIS&fid=090400005
RAINBOW VILLAGE,094600223,UT,,,09,CWS,60,https://echo.epa.gov/detailed-facility-report?sys=SDWIS&fid=094600223
"RED MESA COMM, NTUA",090403017,AZ,,,09,CWS,120,https://echo.epa.gov/detailed-facility-report?sys=SDWIS&fid=090403017
RED ROCK - O&M,093500300,AZ,,,09,CWS,100,https://echo.epa.gov/detailed-facility-report?sys=SDWIS&fid=093500300
ROBINSON RANCH.,090605075,CA,,,09,CWS,25,https://echo.epa.gov/detailed-facility-report?sys=SDWIS&fid=090605075
Rare Metals - NTUA,090400208,AZ,,,09,CWS,81,https://echo.epa.gov/detailed-facility-report?sys=SDWIS&fid=090400208
Red Hawk Casino - Shingle Springs,090600058,CA,,,09,CWS,8580,https://echo.epa.gov/detailed-facility-report?sys=SDWIS&fid=090600058
Red Rooster Resort,090600235,AZ,,,09,TNCWS,3,https://echo.epa.gov/detailed-facility-report?sys=SDWIS&fid=090600235
Red Tail Hawk Health Center,090400346,AZ,,,09,NTNCWS,232,https://echo.epa.gov/detailed-facility-report?sys=SDWIS&fid=090400346
Redding Rancheria,090605083,CA,,,09,CWS,2015,https://echo.epa.gov/detailed-facility-report?sys=SDWIS&fid=090605083
Redwood Valley Rancheria,090605118,CA,,,09,CWS,152,https://echo.epa.gov/detailed-facility-report?sys=SDWIS&fid=090605118
Reno Sparks Indian Colony,093200379,NV,,,09,CWS,480,https://echo.epa.gov/detailed-facility-report?sys=SDWIS&fid=093200379
Reservation Lake Campground,090400392,,,,09,TNCWS,25,https://echo.epa.gov/detailed-facility-report?sys=SDWIS&fid=090400392
Resighini Rancheria,090605057,CA,,,09,CWS,100,https://echo.epa.gov/detailed-facility-report?sys=SDWIS&fid=090605057
Rincon Northern,090600147,CA,,,09,CWS,7003,https://echo.epa.gov/detailed-facility-report?sys=SDWIS&fid=090600147
Rincon Paradise Creek,090600146,CA,,,09,CWS,285,https://echo.epa.gov/detailed-facility-report?sys=SDWIS&fid=090600146
Rincon Survival Systems,090605131,CA,,,09,TNCWS,20,https://echo.epa.gov/detailed-facility-report?sys=SDWIS&fid=090605131
Rio Loco,090600183,CA,,,09,TNCWS,47,https://echo.epa.gov/detailed-facility-report?sys=SDWIS&fid=090600183
Rite of Passage,093200170,NV,,,09,CWS,30,https://echo.epa.gov/detailed-facility-report?sys=SDWIS&fid=093200170
Rite of Passage - ATC,093200371,NV,,,09,CWS,150,https://echo.epa.gov/detailed-facility-report?sys=SDWIS&fid=093200371
River Reflections Estates,090600194,CA,,,09,CWS,172,https://echo.epa.gov/detailed-facility-report?sys=SDWIS&fid=090600194
River Shore Estates,090600233,CA,,,09,CWS,34,https://echo.epa.gov/detailed-facility-report?sys=SDWIS&fid=090600233
Riverfront RV Park,090400681,CA,,,09,CWS,0,https://echo.epa.gov/detailed-facility-report?sys=SDWIS&fid=090400681
Riverview Mobile and RV Park,090600190,CA,,,09,CWS,277,https://echo.epa.gov/detailed-facility-report?sys=SDWIS&fid=090600190
Robin Lawson Trailer Park,090605140,CA,,,09,CWS,150,https://echo.epa.gov/detailed-facility-report?sys=SDWIS&fid=090605140
Robinson Rancheria Gas Station,090605171,CA,,,09,TNCWS,255,https://echo.epa.gov/detailed-facility-report?sys=SDWIS&fid=090605171
Rock Springs Community - NTUA,093500302,NM,,,09,CWS,1582,https://echo.epa.gov/detailed-facility-report?sys=SDWIS&fid=093500302
Rolling Hills Casino,090600051,,,,09,NTNCWS,25,https://echo.epa.gov/detailed-facility-report?sys=SDWIS&fid=090600051
Rolling Hills Casino,090600052,CA,,,09,NTNCWS,3300,https://echo.epa.gov/detailed-facility-report?sys=SDWIS&fid=090600052
Round Valley Admin. Complex,090605128,CA,,,09,NTNCWS,100,https://echo.epa.gov/detailed-facility-report?sys=SDWIS&fid=090605128
Round Valley Agency,090605073,CA,,,09,CWS,84,https://echo.epa.gov/detailed-facility-report?sys=SDWIS&fid=090605073
Round Valley Della Davis,090605072,CA,,,09,CWS,30,https://echo.epa.gov/detailed-facility-report?sys=SDWIS&fid=090605072
Round Valley Headstart,090605127,,,,09,NTNCWS,25,https://echo.epa.gov/detailed-facility-report?sys=SDWIS&fid=090605127
Round Valley Health Clinic,090605113,CA,,,09,NTNCWS,119,https://echo.epa.gov/detailed-facility-report?sys=SDWIS&fid=090605113
Round Valley Hidden Oaks Casino and Restaurant,090605177,CA,,,09,NTNCWS,175,https://echo.epa.gov/detailed-facility-report?sys=SDWIS&fid=090605177
Round Valley Piner,090605015,CA,,,09,CWS,409,https://echo.epa.gov/detailed-facility-report?sys=SDWIS&fid=090605015
Running Creek Casino Water System (Habematolel),090605000,CA,,,09,NTNCWS,510,https://echo.epa.gov/detailed-facility-report?sys=SDWIS&fid=090605000
SAN LUIS (GU ACHI),090400310,AZ,,,09,CWS,25,https://echo.epa.gov/detailed-facility-report?sys=SDWIS&fid=090400310
SAN YSIDRO SYSTEM,090605010,CA,,,09,CWS,35,https://echo.epa.gov/detailed-facility-report?sys=SDWIS&fid=090605010
SCUA Beverly Hills,090400699,AZ,,,09,CWS,582,https://echo.epa.gov/detailed-facility-report?sys=SDWIS&fid=090400699
SCUA Bylas,090400110,AZ,,,09,CWS,3160,https://echo.epa.gov/detailed-facility-report?sys=SDWIS&fid=090400110
SCUA Cutter,090400239,AZ,,,09,CWS,562,https://echo.epa.gov/detailed-facility-report?sys=SDWIS&fid=090400239
SCUA Gilson Wash,090400236,AZ,,,09,CWS,3200,https://echo.epa.gov/detailed-facility-report?sys=SDWIS&fid=090400236
SCUA Lower Peridot,090400112,AZ,,,09,CWS,778,https://echo.epa.gov/detailed-facility-report?sys=SDWIS&fid=090400112
SCUA Lower Peridot Bush,090400111,AZ,,,09,CWS,276,https://echo.epa.gov/detailed-facility-report?sys=SDWIS&fid=090400111
SCUA Peridot Heights,090400113,AZ,,,09,CWS,2700,https://echo.epa.gov/detailed-facility-report?sys=SDWIS&fid=090400113
SCUA Skill Center,090400273,AZ,,,09,CWS,254,https://echo.epa.gov/detailed-facility-report?sys=SDWIS&fid=090400273
SCUA Soda Canyon,090400237,AZ,,,09,CWS,185,https://echo.epa.gov/detailed-facility-report?sys=SDWIS&fid=090400237
SCUA Upper Peridot,090400242,AZ,,,09,CWS,706,https://echo.epa.gov/detailed-facility-report?sys=SDWIS&fid=090400242
SCUA Upper Seven Mile,090400114,AZ,,,09,CWS,8478,https://echo.epa.gov/detailed-facility-report?sys=SDWIS&fid=090400114
SENECA LAKE,090400240,AZ,,,09,CWS,25,https://echo.epa.gov/detailed-facility-report?sys=SDWIS&fid=090400240
SHEEPSPRINGS SOUTH-NTUA,093503043,AZ,,,09,CWS,270,https://echo.epa.gov/detailed-facility-report?sys=SDWIS&fid=093503043
SHERMAN IND HI SCHL,090500069,CA,,,09,CWS,800,https://echo.epa.gov/detailed-facility-report?sys=SDWIS&fid=090500069
SHONTO CHAPTER/HEADSTART SCH.,090400327,AZ,,,09,CWS,50,https://echo.epa.gov/detailed-facility-report?sys=SDWIS&fid=090400327
SHONTO TRADING POST,090400285,AZ,,,09,CWS,25,https://echo.epa.gov/detailed-facility-report?sys=SDWIS&fid=090400285
SIL NAKYA COMMUNITY - PTUA,090400007,AZ,,,09,CWS,51,https://echo.epa.gov/detailed-facility-report?sys=SDWIS&fid=090400007
SOCTISH-CHENONE DIST,090600152,CA,,,09,CWS,150,https://echo.epa.gov/detailed-facility-report?sys=SDWIS&fid=090600152
STEWART BOARDING SCH,090500070,CA,,,09,CWS,550,https://echo.epa.gov/detailed-facility-report?sys=SDWIS&fid=090500070
SWEETWATER CHAPTER HOUSE,090400323,AZ,,,09,TNCWS,75,https://echo.epa.gov/detailed-facility-report?sys=SDWIS&fid=090400323
Sage Memorial Hospital,090400320,AZ,,,09,CWS,519,https://echo.epa.gov/detailed-facility-report?sys=SDWIS&fid=090400320
Salt River Landfill,090400694,AZ,,,09,CWS,40,https://echo.epa.gov/detailed-facility-report?sys=SDWIS&fid=090400694
Salt River Lehi,090400706,AZ,,,09,CWS,535,https://echo.epa.gov/detailed-facility-report?sys=SDWIS&fid=090400706
Salt River North Mesa,090400695,AZ,,,09,CWS,87,https://echo.epa.gov/detailed-facility-report?sys=SDWIS&fid=090400695
Salt River Public Works,090400109,AZ,,,09,CWS,13210,https://echo.epa.gov/detailed-facility-report?sys=SDWIS&fid=090400109
Salt River Store,090400704,,,,09,NTNCWS,25,https://echo.epa.gov/detailed-facility-report?sys=SDWIS&fid=090400704
San Carlos Apache Health Center,090400740,AZ,,,09,NTNCWS,733,https://echo.epa.gov/detailed-facility-report?sys=SDWIS&fid=090400740
San Carlos High School,090400701,AZ,,,09,NTNCWS,575,https://echo.epa.gov/detailed-facility-report?sys=SDWIS&fid=090400701
San Luis,090400017,AZ,,,09,CWS,25,https://echo.epa.gov/detailed-facility-report?sys=SDWIS&fid=090400017
San Miguel,090400026,AZ,,,09,CWS,275,https://echo.epa.gov/detailed-facility-report?sys=SDWIS&fid=090400026
San Miguel CBP,090400218,AZ,,,09,TNCWS,25,https://echo.epa.gov/detailed-facility-report?sys=SDWIS&fid=090400218
San Pasqual District A,090605017,CA,,,09,CWS,1200,https://echo.epa.gov/detailed-facility-report?sys=SDWIS&fid=090605017
San Pasqual District B,090605080,CA,,,09,CWS,705,https://echo.epa.gov/detailed-facility-report?sys=SDWIS&fid=090605080
San Pedro,090400036,AZ,,,09,CWS,135,https://echo.epa.gov/detailed-facility-report?sys=SDWIS&fid=090400036
San Simon,090400031,AZ,,,09,CWS,25,https://echo.epa.gov/detailed-facility-report?sys=SDWIS&fid=090400031
San Simon School and Village,090400229,CA,,,09,CWS,300,https://echo.epa.gov/detailed-facility-report?sys=SDWIS&fid=090400229
San Tan Economic,090400347,AZ,,,09,NTNCWS,20,https://echo.epa.gov/detailed-facility-report?sys=SDWIS&fid=090400347
San Xavier Ord (East),090400227,AZ,,,09,CWS,393,https://echo.epa.gov/detailed-facility-report?sys=SDWIS&fid=090400227
San Xavier West,090400035,AZ,,,09,CWS,1461,https://echo.epa.gov/detailed-facility-report?sys=SDWIS&fid=090400035
Sans End RV Park,090400677,CA,,,09,TNCWS,337,https://echo.epa.gov/detailed-facility-report?sys=SDWIS&fid=090400677
Santa Cruz,090400011,AZ,,,09,CWS,35,https://echo.epa.gov/detailed-facility-report?sys=SDWIS&fid=090400011
Santa Rosa Ranch Intertie,090400018,AZ,,,09,CWS,165,https://echo.epa.gov/detailed-facility-report?sys=SDWIS&fid=090400018
Santa Rosa Rancheria,090600148,CA,,,09,CWS,1000,https://echo.epa.gov/detailed-facility-report?sys=SDWIS&fid=090600148
Santa Rosa Reservation,090605019,CA,,,09,CWS,132,https://echo.epa.gov/detailed-facility-report?sys=SDWIS&fid=090605019
Santa Rosa Subdivision,090400043,AZ,,,09,CWS,25,https://echo.epa.gov/detailed-facility-report?sys=SDWIS&fid=090400043
Santa Rosa Tachi Palace,090605136,CA,,,09,NTNCWS,9000,https://echo.epa.gov/detailed-facility-report?sys=SDWIS&fid=090605136
Santa Rosa Village,090400010,AZ,,,09,CWS,438,https://echo.epa.gov/detailed-facility-report?sys=SDWIS&fid=090400010
Santa Ysabel Canyon,090605020,CA,,,09,CWS,50,https://echo.epa.gov/detailed-facility-report?sys=SDWIS&fid=090605020
Santa Ysabel Casino,090600054,CA,,,09,NTNCWS,2100,https://echo.epa.gov/detailed-facility-report?sys=SDWIS&fid=090600054
Santa Ysabel Main,090600150,CA,,,09,CWS,275,https://echo.epa.gov/detailed-facility-report?sys=SDWIS&fid=090600150
Santillanes Mobile Home Park,090600060,,,,09,CWS,30,https://echo.epa.gov/detailed-facility-report?sys=SDWIS&fid=090600060
Scottsdale Community College,090407149,AZ,,,09,NTNCWS,10950,https://echo.epa.gov/detailed-facility-report?sys=SDWIS&fid=090407149
Scottsdale Pavilions,090400099,AZ,,,09,NTNCWS,1350,https://echo.epa.gov/detailed-facility-report?sys=SDWIS&fid=090400099
Second Mesa Day School (old),090400061,AZ,,,09,CWS,224,https://echo.epa.gov/detailed-facility-report?sys=SDWIS&fid=090400061
Second Mesa Day School - BIA,090400057,AZ,,,09,CWS,366,https://echo.epa.gov/detailed-facility-report?sys=SDWIS&fid=090400057
Sells Intertie,090400042,AZ,,,09,CWS,3575,https://echo.epa.gov/detailed-facility-report?sys=SDWIS&fid=090400042
Shackleford Creek Community Water System,090605102,,,,09,CWS,30,https://echo.epa.gov/detailed-facility-report?sys=SDWIS&fid=090605102
Shanel Tribal Utility District,090600133,CA,,,09,CWS,750,https://echo.epa.gov/detailed-facility-report?sys=SDWIS&fid=090600133
Shungopavi,090400259,AZ,,,09,CWS,1756,https://echo.epa.gov/detailed-facility-report?sys=SDWIS&fid=090400259
Sikul Himatk,090402015,AZ,,,09,CWS,40,https://echo.epa.gov/detailed-facility-report?sys=SDWIS&fid=090402015
Sipaulovi (Lower Sipaulovi/Lower Mishongnovi),090400107,AZ,,,09,CWS,609,https://echo.epa.gov/detailed-facility-report?sys=SDWIS&fid=090400107
Six Mile and Steamboat Village,090400277,AZ,,,09,CWS,88,https://echo.epa.gov/detailed-facility-report?sys=SDWIS&fid=090400277
Sleepy Hollow RV,090400680,CA,,,09,CWS,189,https://echo.epa.gov/detailed-facility-report?sys=SDWIS&fid=090400680
Soboba,090600151,CA,,,09,CWS,4700,https://echo.epa.gov/detailed-facility-report?sys=SDWIS&fid=090600151
Soboba Oaks,090600055,,,,09,TNCWS,25,https://echo.epa.gov/detailed-facility-report?sys=SDWIS&fid=090600055
South Campo,090600059,CA,,,09,CWS,48,https://echo.epa.gov/detailed-facility-report?sys=SDWIS&fid=090600059
South Fork (Te-Moak),093200366,NV,,,09,CWS,40,https://echo.epa.gov/detailed-facility-report?sys=SDWIS&fid=093200366
South Komelic,090400014,AZ,,,09,CWS,135,https://echo.epa.gov/detailed-facility-report?sys=SDWIS&fid=090400014
Speedy's Truck Stop,090401323,AZ,,,09,NTNCWS,926,https://echo.epa.gov/detailed-facility-report?sys=SDWIS&fid=090401323
Spider Mound,090400688,AZ,,,09,CWS,103,https://echo.epa.gov/detailed-facility-report?sys=SDWIS&fid=090400688
Spider Mound Intertie,090400800,,,,09,CWS,70,https://echo.epa.gov/detailed-facility-report?sys=SDWIS&fid=090400800
Stewart Village,090600160,CA,,,09,CWS,40,https://echo.epa.gov/detailed-facility-report?sys=SDWIS&fid=090600160
Sunrise Apache Peak,090400251,AZ,,,09,TNCWS,101,https://echo.epa.gov/detailed-facility-report?sys=SDWIS&fid=090400251
Sunrise Base Lodge,090400083,AZ,,,09,NTNCWS,814,https://echo.epa.gov/detailed-facility-report?sys=SDWIS&fid=090400083
Sunrise Campground,090400390,,,,09,TNCWS,25,https://echo.epa.gov/detailed-facility-report?sys=SDWIS&fid=090400390
Sunrise Employee Housing,090400386,AZ,,,09,TNCWS,20,https://echo.epa.gov/detailed-facility-report?sys=SDWIS&fid=090400386
Sunrise Midway (McNary/Sunrise,090400697,AZ,,,09,TNCWS,82,https://echo.epa.gov/detailed-facility-report?sys=SDWIS&fid=090400697
Sunrise Motel,090400385,AZ,,,09,TNCWS,40,https://echo.epa.gov/detailed-facility-report?sys=SDWIS&fid=090400385
Sunrise Sports Center,090400085,AZ,,,09,TNCWS,29,https://echo.epa.gov/detailed-facility-report?sys=SDWIS&fid=090400085
Susanville Upper Rancheria,090605150,CA,,,09,CWS,170,https://echo.epa.gov/detailed-facility-report?sys=SDWIS&fid=090605150
Sutcliffe,093200362,NV,,,09,CWS,250,https://echo.epa.gov/detailed-facility-report?sys=SDWIS&fid=093200362
Sycuan,090605024,CA,,,09,CWS,12350,https://echo.epa.gov/detailed-facility-report?sys=SDWIS&fid=090605024
TABLE BLUFF RANCHERIA,090605030,CA,,,09,CWS,40,https://echo.epa.gov/detailed-facility-report?sys=SDWIS&fid=090605030
TALIMAN SPRING,090400340,AZ,,,09,CWS,60,https://echo.epa.gov/detailed-facility-report?sys=SDWIS&fid=090400340
THOREAU BOARDING SCH-BIA (SU82,093534017,NM,,,09,CWS,200,https://echo.epa.gov/detailed-facility-report?sys=SDWIS&fid=093534017
TOCC,090400215,AZ,,,09,CWS,230,https://echo.epa.gov/detailed-facility-report?sys=SDWIS&fid=090400215
TOCITO,093200293,NM,,,09,CWS,245,https://echo.epa.gov/detailed-facility-report?sys=SDWIS&fid=093200293
TWIN BUTTES COMM.-O&M (SU84),093508450,,,,09,CWS,30,https://echo.epa.gov/detailed-facility-report?sys=SDWIS&fid=093508450
TWO GREYHILLS CHAPTER,093500330,NM,,,09,TNCWS,160,https://echo.epa.gov/detailed-facility-report?sys=SDWIS&fid=093500330
Table Bluff (New) Rancheria,090605124,CA,,,09,CWS,215,https://echo.epa.gov/detailed-facility-report?sys=SDWIS&fid=090605124
Table Mountain Housing,090605134,,,,09,CWS,25,https://echo.epa.gov/detailed-facility-report?sys=SDWIS&fid=090605134
Table Mountain Lower,090600154,CA,,,09,CWS,8675,https://echo.epa.gov/detailed-facility-report?sys=SDWIS&fid=090600154
Table Mountain Upper,090605133,CA,,,09,CWS,410,https://echo.epa.gov/detailed-facility-report?sys=SDWIS&fid=090605133
Talking Stick Resort,090400707,AZ,,,09,NTNCWS,12000,https://echo.epa.gov/detailed-facility-report?sys=SDWIS&fid=090400707
Thoreau High School,093534025,NM,,,09,CWS,664,https://echo.epa.gov/detailed-facility-report?sys=SDWIS&fid=093534025
Thunder Valley Casino,090605161,CA,,,09,NTNCWS,18007,https://echo.epa.gov/detailed-facility-report?sys=SDWIS&fid=090605161
Tonto Apache,090400343,AZ,,,09,CWS,2656,https://echo.epa.gov/detailed-facility-report?sys=SDWIS&fid=090400343
Topawa Intertie,090400001,AZ,,,09,CWS,1148,https://echo.epa.gov/detailed-facility-report?sys=SDWIS&fid=090400001
Toreva,090400055,,,,09,TNCWS,25,https://echo.epa.gov/detailed-facility-report?sys=SDWIS&fid=090400055
Torreon / Ojo Encino - NTUA,093503042,NM,,,09,CWS,1839,https://echo.epa.gov/detailed-facility-report?sys=SDWIS&fid=093503042
Torreon Day School (New) - BIA,093534019,NM,,,09,NTNCWS,230,https://echo.epa.gov/detailed-facility-report?sys=SDWIS&fid=093534019
Torres-Martinez - Allotment 135,090605141,,,,09,CWS,25,https://echo.epa.gov/detailed-facility-report?sys=SDWIS&fid=090605141
Torres-Martinez Avenue 64,090605116,CA,,,09,CWS,180,https://echo.epa.gov/detailed-facility-report?sys=SDWIS&fid=090605116
Torres-Martinez Clinic,090605130,CA,,,09,CWS,379,https://echo.epa.gov/detailed-facility-report?sys=SDWIS&fid=090605130
Tse' Yi' Gai High School,093534009,NM,,,09,CWS,126,https://echo.epa.gov/detailed-facility-report?sys=SDWIS&fid=093534009
Tseiiahi (Standing Rock) Community School - BIA,093534016,NM,,,09,NTNCWS,143,https://echo.epa.gov/detailed-facility-report?sys=SDWIS&fid=093534016
Tuba City Boarding School -  BIA,090433001,AZ,,,09,CWS,2040,https://echo.epa.gov/detailed-facility-report?sys=SDWIS&fid=090433001
Tuba City Community - NTUA,090400206,AZ,,,09,CWS,6732,https://echo.epa.gov/detailed-facility-report?sys=SDWIS&fid=090400206
Tubatulabal - Miranda,090605028,CA,,,09,CWS,60,https://echo.epa.gov/detailed-facility-report?sys=SDWIS&fid=090605028
Tule River Apple Valley,090605074,CA,,,09,CWS,25,https://echo.epa.gov/detailed-facility-report?sys=SDWIS&fid=090605074
Tule River Apple Valley,090600166,CA,,,09,CWS,25,https://echo.epa.gov/detailed-facility-report?sys=SDWIS&fid=090600166
Tule River Cow Mountain,090600165,CA,,,09,CWS,45,https://echo.epa.gov/detailed-facility-report?sys=SDWIS&fid=090600165
Tule River Reservation Main,090600156,CA,,,09,CWS,2555,https://echo.epa.gov/detailed-facility-report?sys=SDWIS&fid=090600156
Tuolumne - Black Oak Casino,090605149,CA,,,09,NTNCWS,2600,https://echo.epa.gov/detailed-facility-report?sys=SDWIS&fid=090605149
Tuolumne Me-Wuk Ridgeline,090605169,CA,,,09,CWS,30,https://echo.epa.gov/detailed-facility-report?sys=SDWIS&fid=090605169
Turner Trailer Park,090605122,CA,,,09,CWS,70,https://echo.epa.gov/detailed-facility-report?sys=SDWIS&fid=090605122
Twin Palms,090600137,CA,,,09,TNCWS,38,https://echo.epa.gov/detailed-facility-report?sys=SDWIS&fid=090600137
UPPER PECWAN SYSTEM,090605034,CA,,,09,CWS,40,https://echo.epa.gov/detailed-facility-report?sys=SDWIS&fid=090605034
Upper Covered Wells,090400222,AZ,,,09,CWS,40,https://echo.epa.gov/detailed-facility-report?sys=SDWIS&fid=090400222
Upper Lake Dewell System,090605026,CA,,,09,CWS,93,https://echo.epa.gov/detailed-facility-report?sys=SDWIS&fid=090605026
Upper Lake Hardisty System,090605025,CA,,,09,CWS,95,https://echo.epa.gov/detailed-facility-report?sys=SDWIS&fid=090605025
Upper Moenkopi,090400104,AZ,,,09,CWS,1700,https://echo.epa.gov/detailed-facility-report?sys=SDWIS&fid=090400104
VAN ZEE COMM.-O&M (SU87),090403007,AZ,,,09,CWS,100,https://echo.epa.gov/detailed-facility-report?sys=SDWIS&fid=090403007
Vamori,090400038,AZ,,,09,CWS,125,https://echo.epa.gov/detailed-facility-report?sys=SDWIS&fid=090400038
Vaya Chin Intertie,090400020,AZ,,,09,CWS,830,https://echo.epa.gov/detailed-facility-report?sys=SDWIS&fid=090400020
Vee's Trailer Park,090600238,CA,,,09,CWS,75,https://echo.epa.gov/detailed-facility-report?sys=SDWIS&fid=090600238
Ventana,090400027,AZ,,,09,CWS,80,https://echo.epa.gov/detailed-facility-report?sys=SDWIS&fid=090400027
Verdi Smoke Shop,093200380,NV,,,09,TNCWS,284,https://echo.epa.gov/detailed-facility-report?sys=SDWIS&fid=093200380
Viejas Casino,090605137,CA,,,09,CWS,25,https://echo.epa.gov/detailed-facility-report?sys=SDWIS&fid=090605137
Viejas Community System,090600158,CA,,,09,CWS,9500,https://echo.epa.gov/detailed-facility-report?sys=SDWIS&fid=090600158
Villa Shores,090600236,CA,,,09,TNCWS,33,https://echo.epa.gov/detailed-facility-report?sys=SDWIS&fid=090600236
WELK WAU TRAILER PK,090605068,CA,,,09,CWS,50,https://echo.epa.gov/detailed-facility-report?sys=SDWIS&fid=090605068
WEST HOOPA VALLY SYSTEM,090600123,CA,,,09,CWS,1200,https://echo.epa.gov/detailed-facility-report?sys=SDWIS&fid=090600123
WHITEHORSE LAKE CHAPTER - O&M,093500238,AZ,,,09,TNCWS,30,https://echo.epa.gov/detailed-facility-report?sys=SDWIS&fid=093500238
WHITEHORSE LAKE PRESCH-O&M(82),093500304,,,,09,CWS,80,https://echo.epa.gov/detailed-facility-report?sys=SDWIS&fid=093500304
WMATUA Canyon Day,090400080,,,,09,CWS,25,https://echo.epa.gov/detailed-facility-report?sys=SDWIS&fid=090400080
WMATUA Carrizo,090400244,AZ,,,09,CWS,127,https://echo.epa.gov/detailed-facility-report?sys=SDWIS&fid=090400244
WMATUA Cedar Creek,090400081,AZ,,,09,CWS,320,https://echo.epa.gov/detailed-facility-report?sys=SDWIS&fid=090400081
WMATUA Cibecue,090400243,AZ,,,09,CWS,1713,https://echo.epa.gov/detailed-facility-report?sys=SDWIS&fid=090400243
WMATUA East Fork/7 Mile,090400078,,,,09,CWS,25,https://echo.epa.gov/detailed-facility-report?sys=SDWIS&fid=090400078
WMATUA Ft. Apache,090400245,AZ,,,09,CWS,25,https://echo.epa.gov/detailed-facility-report?sys=SDWIS&fid=090400245
WMATUA Hondah-McNary,090400076,AZ,,,09,CWS,2125,https://echo.epa.gov/detailed-facility-report?sys=SDWIS&fid=090400076
WMATUA Miner Flat,090400693,AZ,,,09,CWS,12292,https://echo.epa.gov/detailed-facility-report?sys=SDWIS&fid=090400693
WMATUA N. Fork/Diamond Creek,090400087,,,,09,CWS,25,https://echo.epa.gov/detailed-facility-report?sys=SDWIS&fid=090400087
WMATUA SUNRISE COMP,090400250,AZ,,,09,TNCWS,1674,https://echo.epa.gov/detailed-facility-report?sys=SDWIS&fid=090400250
WMATUA Upper East Fork,090400246,,,,09,CWS,25,https://echo.epa.gov/detailed-facility-report?sys=SDWIS&fid=090400246
WMATUA Whiteriver,090400079,AZ,,,09,CWS,5500,https://echo.epa.gov/detailed-facility-report?sys=SDWIS&fid=090400079
Wadsworth,093200169,NV,,,09,CWS,650,https://echo.epa.gov/detailed-facility-report?sys=SDWIS&fid=093200169
Walker River Paiute Tribe,093200360,NV,,,09,CWS,900,https://echo.epa.gov/detailed-facility-report?sys=SDWIS&fid=093200360
Washoe Admin Building,093200363,NV,,,09,NTNCWS,60,https://echo.epa.gov/detailed-facility-report?sys=SDWIS&fid=093200363
Washoe Campground,093200174,,,,09,NTNCWS,25,https://echo.epa.gov/detailed-facility-report?sys=SDWIS&fid=093200174
Washoe Court and Environmental,093200365,NV,,,09,NTNCWS,60,https://echo.epa.gov/detailed-facility-report?sys=SDWIS&fid=093200365
Washoe Tribe Carson Colony,093200161,NV,,,09,CWS,450,https://echo.epa.gov/detailed-facility-report?sys=SDWIS&fid=093200161
Washoe Tribe Dresslerville Community,093200162,NV,,,09,CWS,400,https://echo.epa.gov/detailed-facility-report?sys=SDWIS&fid=093200162
Washoe Tribe Lower Ranch,093200370,NV,,,09,TNCWS,25,https://echo.epa.gov/detailed-facility-report?sys=SDWIS&fid=093200370
Washoe Tribe Stewart,093200359,NV,,,09,CWS,160,https://echo.epa.gov/detailed-facility-report?sys=SDWIS&fid=093200359
Washoe Tribe Woodfords,090600362,CA,,,09,CWS,230,https://echo.epa.gov/detailed-facility-report?sys=SDWIS&fid=090600362
Water Wheel Hauled Water,090600184,AZ,,,09,TNCWS,185,https://echo.epa.gov/detailed-facility-report?sys=SDWIS&fid=090600184
Water Wheel Resort,090600132,CA,,,09,TNCWS,108,https://echo.epa.gov/detailed-facility-report?sys=SDWIS&fid=090600132
Wheel-er In Family,090600131,CA,,,09,CWS,56,https://echo.epa.gov/detailed-facility-report?sys=SDWIS&fid=090600131
White Mesa - NTUA,090400209,AZ,,,09,CWS,376,https://echo.epa.gov/detailed-facility-report?sys=SDWIS&fid=090400209
Whitehorse Pass (Shopishk),090400013,AZ,,,09,CWS,40,https://echo.epa.gov/detailed-facility-report?sys=SDWIS&fid=090400013
Williams Creek Fish Hatchery,090400388,AZ,,,09,TNCWS,25,https://echo.epa.gov/detailed-facility-report?sys=SDWIS&fid=090400388
Wingate Elementary School (New) - BIA,093534022,NM,,,09,CWS,800,https://echo.epa.gov/detailed-facility-report?sys=SDWIS&fid=093534022
Wingate High School - BIA,093534021,NM,,,09,CWS,910,https://echo.epa.gov/detailed-facility-report?sys=SDWIS&fid=093534021
Yavapai Apache - Camp Verde,090400118,AZ,,,09,CWS,177,https://echo.epa.gov/detailed-facility-report?sys=SDWIS&fid=090400118
Yavapai Apache - Clarkdale,090400119,AZ,,,09,CWS,415,https://echo.epa.gov/detailed-facility-report?sys=SDWIS&fid=090400119
Yavapai Apache - Cliff Castle,090400117,AZ,,,09,NTNCWS,4224,https://echo.epa.gov/detailed-facility-report?sys=SDWIS&fid=090400117
Yavapai Apache - Middle Verde,090400116,AZ,,,09,CWS,1775,https://echo.epa.gov/detailed-facility-report?sys=SDWIS&fid=090400116
Yavapai Apache - Tunlii,090400120,AZ,,,09,CWS,450,https://echo.epa.gov/detailed-facility-report?sys=SDWIS&fid=090400120
Yavapai Apache Village Shopping Center,090400115,AZ,,,09,NTNCWS,40,https://echo.epa.gov/detailed-facility-report?sys=SDWIS&fid=090400115
Yerington (Campbell Ranch),093200171,NV,,,09,CWS,400,https://echo.epa.gov/detailed-facility-report?sys=SDWIS&fid=093200171
Yocha Dehe Community Area,090605155,CA,,,09,CWS,230,https://echo.epa.gov/detailed-facility-report?sys=SDWIS&fid=090605155
Yomba Indian Reservation,093200172,NV,,,09,CWS,30,https://echo.epa.gov/detailed-facility-report?sys=SDWIS&fid=093200172
Yurok - Blake,090605029,CA,,,09,CWS,25,https://echo.epa.gov/detailed-facility-report?sys=SDWIS&fid=090605029
Yurok - Kepel,090605033,CA,,,09,CWS,57,https://echo.epa.gov/detailed-facility-report?sys=SDWIS&fid=090605033
Yurok - McCoy - Kenek,090600161,CA,,,09,CWS,30,https://echo.epa.gov/detailed-facility-report?sys=SDWIS&fid=090600161
Yurok - Requa,090605014,CA,,,09,CWS,120,https://echo.epa.gov/detailed-facility-report?sys=SDWIS&fid=090605014
Yurok - Terwer Water System,090605143,CA,,,09,CWS,300,https://echo.epa.gov/detailed-facility-report?sys=SDWIS&fid=090605143
Yurok - Wautec,090600134,CA,,,09,CWS,29,https://echo.epa.gov/detailed-facility-report?sys=SDWIS&fid=090600134
Yurok - Weitchpec,090605006,CA,,,09,CWS,120,https://echo.epa.gov/detailed-facility-report?sys=SDWIS&fid=090605006
