4 S Laundromat - Aua,AS9900108,AS,,,09,TNCWS,25,https://echo.epa.gov/detailed-facility-report?sys=SDWIS&fid=AS9900108
4 Season's Laundromat,AS9900087,AS,,,09,TNCWS,25,https://echo.epa.gov/detailed-facility-report?sys=SDWIS&fid=AS9900087
4 Seasons - Nuuuli,AS9900141,AS,,,09,TNCWS,25,https://echo.epa.gov/detailed-facility-report?sys=SDWIS&fid=AS9900141
AAAW Pouesi,AS9900107,AS,,,09,TNCWS,25,https://echo.epa.gov/detailed-facility-report?sys=SDWIS&fid=AS9900107
AB Mart & Wholesale - Malaeimi,AS9900084,AS,,,09,TNCWS,25,https://echo.epa.gov/detailed-facility-report?sys=SDWIS&fid=AS9900084
ABC Fax Store - Fagatogo,AS9900089,AS,,,09,TNCWS,25,https://echo.epa.gov/detailed-facility-report?sys=SDWIS&fid=AS9900089
AFAO,AS9721050,AS,Eastern District,,09,CWS,117,https://echo.epa.gov/detailed-facility-report?sys=SDWIS&fid=AS9721050
AFAO,AS0000005,AS,,,09,CWS,95,https://echo.epa.gov/detailed-facility-report?sys=SDWIS&fid=AS0000005
AFONO,AS0000002,AS,,,09,CWS,263,https://echo.epa.gov/detailed-facility-report?sys=SDWIS&fid=AS0000002
AGUGULU,AS0000003,AS,,,09,CWS,51,https://echo.epa.gov/detailed-facility-report?sys=SDWIS&fid=AS0000003
ALAO ASG PWS,AS9710654,AS,Eastern District,,09,CWS,463,https://echo.epa.gov/detailed-facility-report?sys=SDWIS&fid=AS9710654
ALAO VILLAGE WATER SYSTEM,AS9710650,AS,Eastern District,,09,CWS,463,https://echo.epa.gov/detailed-facility-report?sys=SDWIS&fid=AS9710650
ALOFAU,AS0000001,AS,,,09,CWS,386,https://echo.epa.gov/detailed-facility-report?sys=SDWIS&fid=AS0000001
ALOFAU VILLAGE WATER SYSTEM,AS9710706,AS,Eastern District,,09,CWS,458,https://echo.epa.gov/detailed-facility-report?sys=SDWIS&fid=AS9710706
AMALUIA,AS0000006,AS,,,09,TNCWS,188,https://echo.epa.gov/detailed-facility-report?sys=SDWIS&fid=AS0000006
AMANAVE,AS0000007,AS,,,09,CWS,282,https://echo.epa.gov/detailed-facility-report?sys=SDWIS&fid=AS0000007
AMOULI,AS0000008,AS,,,09,TNCWS,319,https://echo.epa.gov/detailed-facility-report?sys=SDWIS&fid=AS0000008
AMOULI VILLAGE WATER SYSTEM,AS9710705,AS,"Eastern District, Western District",,09,CWS,463,https://echo.epa.gov/detailed-facility-report?sys=SDWIS&fid=AS9710705
AOA,AS0000009,AS,,,09,CWS,310,https://echo.epa.gov/detailed-facility-report?sys=SDWIS&fid=AS0000009
AOLOAU,AS0000029,AS,,,09,CWS,410,https://echo.epa.gov/detailed-facility-report?sys=SDWIS&fid=AS0000029
ASG,AS9710948,AS,Western District,,09,CWS,18383,https://echo.epa.gov/detailed-facility-report?sys=SDWIS&fid=AS9710948
ASILI,AS0000040,AS,Western District,,09,CWS,180,https://echo.epa.gov/detailed-facility-report?sys=SDWIS&fid=AS0000040
ASILI,AS9721051,AS,Western District,,09,CWS,174,https://echo.epa.gov/detailed-facility-report?sys=SDWIS&fid=AS9721051
ATAULOMA,AS0000004,AS,,,09,TNCWS,30,https://echo.epa.gov/detailed-facility-report?sys=SDWIS&fid=AS0000004
AUA,AS0000011,AS,,,09,CWS,1500,https://echo.epa.gov/detailed-facility-report?sys=SDWIS&fid=AS0000011
AUA AMERICAN SAMOA PPG,AS9710814,AS,Eastern District,,09,CWS,1379,https://echo.epa.gov/detailed-facility-report?sys=SDWIS&fid=AS9710814
AUAMANULUA,AS9710915,AS,Western District,,09,CWS,295,https://echo.epa.gov/detailed-facility-report?sys=SDWIS&fid=AS9710915
AUAMATAGIMALIE,AS9710919,AS,Western District,,09,CWS,355,https://echo.epa.gov/detailed-facility-report?sys=SDWIS&fid=AS9710919
AUAPUNAAVA,AS9710918,AS,Western District,,09,CWS,365,https://echo.epa.gov/detailed-facility-report?sys=SDWIS&fid=AS9710918
AUASI VILLAGE WATER SYSTEM,AS9710704,AS,Eastern District,,09,CWS,179,https://echo.epa.gov/detailed-facility-report?sys=SDWIS&fid=AS9710704
AUASUAAVA,AS9710916,AS,Western District,,09,CWS,235,https://echo.epa.gov/detailed-facility-report?sys=SDWIS&fid=AS9710916
AUASUAIA,AS9710917,AS,Western District,,09,CWS,225,https://echo.epa.gov/detailed-facility-report?sys=SDWIS&fid=AS9710917
AUMA(LEONE) WATER SYSTEM,AS9721130,AS,Eastern District,,09,CWS,753,https://echo.epa.gov/detailed-facility-report?sys=SDWIS&fid=AS9721130
AUNUU,AS0000042,AS,Eastern District,,09,CWS,394,https://echo.epa.gov/detailed-facility-report?sys=SDWIS&fid=AS0000042
AUNUU AMERICAN SAMOA PPG,AS9311706,AS,Eastern District,,09,CWS,414,https://echo.epa.gov/detailed-facility-report?sys=SDWIS&fid=AS9311706
AUTO VILLAGE WATER SYSTEM,AS9710808,AS,Eastern District,,09,CWS,886,https://echo.epa.gov/detailed-facility-report?sys=SDWIS&fid=AS9710808
Add 1 Store - Faleniu,AS9900083,AS,,,09,TNCWS,25,https://echo.epa.gov/detailed-facility-report?sys=SDWIS&fid=AS9900083
Add One Store - Iliili,AS9900041,AS,,,09,TNCWS,25,https://echo.epa.gov/detailed-facility-report?sys=SDWIS&fid=AS9900041
Aeto Mart - Pago Pago,AS9900110,AS,,,09,TNCWS,25,https://echo.epa.gov/detailed-facility-report?sys=SDWIS&fid=AS9900110
Afono ASG,AS9710858,AS,,,09,CWS,524,https://echo.epa.gov/detailed-facility-report?sys=SDWIS&fid=AS9710858
Afono Village Water System,AS9710820,AS,,,09,CWS,356,https://echo.epa.gov/detailed-facility-report?sys=SDWIS&fid=AS9710820
Afono Village Water System (East Side),AS9711160,AS,,,09,CWS,60,https://echo.epa.gov/detailed-facility-report?sys=SDWIS&fid=AS9711160
Aiga Mart - Pago,AS9900011,AS,,,09,TNCWS,25,https://echo.epa.gov/detailed-facility-report?sys=SDWIS&fid=AS9900011
Airportway Gas Station,AS9900038,AS,,,09,TNCWS,25,https://echo.epa.gov/detailed-facility-report?sys=SDWIS&fid=AS9900038
Alao ASG PWS,AS9710754,AS,,,09,CWS,463,https://echo.epa.gov/detailed-facility-report?sys=SDWIS&fid=AS9710754
Alao Village Water System,AS9711120,AS,,,09,CWS,60,https://echo.epa.gov/detailed-facility-report?sys=SDWIS&fid=AS9711120
Alao Village Water System,AS0000036,AS,,,09,CWS,327,https://echo.epa.gov/detailed-facility-report?sys=SDWIS&fid=AS0000036
Amaluia Mart - Amaluia,AS9900050,AS,,,09,TNCWS,25,https://echo.epa.gov/detailed-facility-report?sys=SDWIS&fid=AS9900050
Amys Sewing Shop - Leloaloa,AS9900007,AS,,,09,TNCWS,25,https://echo.epa.gov/detailed-facility-report?sys=SDWIS&fid=AS9900007
Amys Sewing Shop - Nuuuli,AS9900017,AS,,,09,TNCWS,25,https://echo.epa.gov/detailed-facility-report?sys=SDWIS&fid=AS9900017
Amys Store - Petesa,AS9900034,AS,,,09,TNCWS,25,https://echo.epa.gov/detailed-facility-report?sys=SDWIS&fid=AS9900034
Ann Store - Faleniu,AS9900111,AS,,,09,TNCWS,25,https://echo.epa.gov/detailed-facility-report?sys=SDWIS&fid=AS9900111
Aoa ASG,AS9710652,AS,,,09,CWS,855,https://echo.epa.gov/detailed-facility-report?sys=SDWIS&fid=AS9710652
Apelu's Store - Fagaima,AS9900115,AS,,,09,TNCWS,25,https://echo.epa.gov/detailed-facility-report?sys=SDWIS&fid=AS9900115
Atu'u Mart,AS9900157,AS,,,09,TNCWS,25,https://echo.epa.gov/detailed-facility-report?sys=SDWIS&fid=AS9900157
Aua Village Water System,AS9710914,AS,,,09,CWS,110,https://echo.epa.gov/detailed-facility-report?sys=SDWIS&fid=AS9710914
Aunu'u RO ASG,AS9310754,AS,,,09,CWS,476,https://echo.epa.gov/detailed-facility-report?sys=SDWIS&fid=AS9310754
Aunuu ASG,AS9310751,AS,,,09,CWS,436,https://echo.epa.gov/detailed-facility-report?sys=SDWIS&fid=AS9310751
Bao Store - Ottoville,AS9900116,AS,,,09,TNCWS,25,https://echo.epa.gov/detailed-facility-report?sys=SDWIS&fid=AS9900116
Bell Mart - Faleniu,AS9900058,AS,,,09,TNCWS,25,https://echo.epa.gov/detailed-facility-report?sys=SDWIS&fid=AS9900058
Brenda's Laundromat - Nuuuli,AS9900137,AS,,,09,TNCWS,25,https://echo.epa.gov/detailed-facility-report?sys=SDWIS&fid=AS9900137
Brilliant Star - Nuuuli,AS9900086,AS,,,09,TNCWS,25,https://echo.epa.gov/detailed-facility-report?sys=SDWIS&fid=AS9900086
C&J Mart,AS9900161,AS,,,09,TNCWS,25,https://echo.epa.gov/detailed-facility-report?sys=SDWIS&fid=AS9900161
CM Mart - Vaitogi,AS9900044,AS,,,09,TNCWS,25,https://echo.epa.gov/detailed-facility-report?sys=SDWIS&fid=AS9900044
CS Mart - Vaitogi,AS9900069,AS,,,09,TNCWS,25,https://echo.epa.gov/detailed-facility-report?sys=SDWIS&fid=AS9900069
California Store Inc (L) - Leone,AS9900054,AS,,,09,TNCWS,25,https://echo.epa.gov/detailed-facility-report?sys=SDWIS&fid=AS9900054
California Store Inc (R ) - Leone,AS9900053,AS,,,09,TNCWS,25,https://echo.epa.gov/detailed-facility-report?sys=SDWIS&fid=AS9900053
Canton Mart - Puapua,AS9900047,AS,,,09,TNCWS,25,https://echo.epa.gov/detailed-facility-report?sys=SDWIS&fid=AS9900047
Central ASG,AS9711948,AS,,,09,CWS,50155,https://echo.epa.gov/detailed-facility-report?sys=SDWIS&fid=AS9711948
Chang Hong Mart - Fagatogo,AS9900062,AS,,,09,TNCWS,25,https://echo.epa.gov/detailed-facility-report?sys=SDWIS&fid=AS9900062
Chin Mart - Alofau,AS9900156,AS,,,09,TNCWS,25,https://echo.epa.gov/detailed-facility-report?sys=SDWIS&fid=AS9900156
Chin Mart - Alofau,AS9900002,AS,,,09,TNCWS,25,https://echo.epa.gov/detailed-facility-report?sys=SDWIS&fid=AS9900002
CoCo Mart (L) - Tafuna,AS9900104,AS,,,09,TNCWS,25,https://echo.epa.gov/detailed-facility-report?sys=SDWIS&fid=AS9900104
CoCo Mart (R ) - Tafuna,AS9900065,AS,,,09,TNCWS,25,https://echo.epa.gov/detailed-facility-report?sys=SDWIS&fid=AS9900065
Cost-U-Less - Tafuna,AS9900037,AS,,,09,TNCWS,25,https://echo.epa.gov/detailed-facility-report?sys=SDWIS&fid=AS9900037
DH Store - Utulei,AS9900132,AS,,,09,TNCWS,25,https://echo.epa.gov/detailed-facility-report?sys=SDWIS&fid=AS9900132
DL Store - Afono,AS9900136,AS,,,09,TNCWS,25,https://echo.epa.gov/detailed-facility-report?sys=SDWIS&fid=AS9900136
Divine Laundromat,AS9900158,AS,,,09,TNCWS,25,https://echo.epa.gov/detailed-facility-report?sys=SDWIS&fid=AS9900158
Dudu Mart - Afao,AS9900051,AS,,,09,TNCWS,25,https://echo.epa.gov/detailed-facility-report?sys=SDWIS&fid=AS9900051
EMP Laundromat - Iliili,AS9900074,AS,,,09,TNCWS,25,https://echo.epa.gov/detailed-facility-report?sys=SDWIS&fid=AS9900074
EMP Store - Vaitogi,AS9900113,AS,,,09,TNCWS,25,https://echo.epa.gov/detailed-facility-report?sys=SDWIS&fid=AS9900113
EZ Mart - Pavaiai,AS9900124,AS,,,09,TNCWS,25,https://echo.epa.gov/detailed-facility-report?sys=SDWIS&fid=AS9900124
FAGAITUA,AS0000010,AS,,,09,CWS,2000,https://echo.epa.gov/detailed-facility-report?sys=SDWIS&fid=AS0000010
FAGALII,AS0000041,AS,Eastern District,,09,CWS,78,https://echo.epa.gov/detailed-facility-report?sys=SDWIS&fid=AS0000041
FAGAMALO,AS0000030,AS,,,09,CWS,52,https://echo.epa.gov/detailed-facility-report?sys=SDWIS&fid=AS0000030
FAGANEANEA,AS0000012,AS,,,09,CWS,172,https://echo.epa.gov/detailed-facility-report?sys=SDWIS&fid=AS0000012
FAGASA,AS0000013,AS,,,09,CWS,622,https://echo.epa.gov/detailed-facility-report?sys=SDWIS&fid=AS0000013
FAGASA ASG PWS,AS9711322,AS,Eastern District,,09,CWS,717,https://echo.epa.gov/detailed-facility-report?sys=SDWIS&fid=AS9711322
FAGASAI AMERICAN SAMOA PPG,AS9711315,AS,Eastern District,,09,CWS,328,https://echo.epa.gov/detailed-facility-report?sys=SDWIS&fid=AS9711315
FALENIU,AS0000031,AS,,,09,CWS,548,https://echo.epa.gov/detailed-facility-report?sys=SDWIS&fid=AS0000031
FITIUTA,AS0000032,AS,,,09,CWS,436,https://echo.epa.gov/detailed-facility-report?sys=SDWIS&fid=AS0000032
Fagaalu Village Water System,AS9711150,AS,,,09,CWS,25,https://echo.epa.gov/detailed-facility-report?sys=SDWIS&fid=AS9711150
Fagalii Village Water System,AS9721042,AS,,,09,CWS,259,https://echo.epa.gov/detailed-facility-report?sys=SDWIS&fid=AS9721042
Fagamalo Village Water System,AS9721040,AS,,,09,CWS,55,https://echo.epa.gov/detailed-facility-report?sys=SDWIS&fid=AS9721040
Fagasa (Upper) Village Water System,AS9711110,AS,,,09,CWS,49,https://echo.epa.gov/detailed-facility-report?sys=SDWIS&fid=AS9711110
Fagasa ASG,AS9711356,AS,,,09,CWS,831,https://echo.epa.gov/detailed-facility-report?sys=SDWIS&fid=AS9711356
Fagasa Store - Fagasa,AS9900142,AS,,,09,TNCWS,25,https://echo.epa.gov/detailed-facility-report?sys=SDWIS&fid=AS9900142
Faleniu Store,AS9900163,AS,,,09,TNCWS,25,https://echo.epa.gov/detailed-facility-report?sys=SDWIS&fid=AS9900163
Family Mart - Nuuuli,AS9900109,AS,,,09,TNCWS,25,https://echo.epa.gov/detailed-facility-report?sys=SDWIS&fid=AS9900109
Fitiuta ASG,AS9630145,AS,,,09,CWS,358,https://echo.epa.gov/detailed-facility-report?sys=SDWIS&fid=AS9630145
Gold Conda - Fagaalu,AS9900014,AS,,,09,TNCWS,25,https://echo.epa.gov/detailed-facility-report?sys=SDWIS&fid=AS9900014
Gold Conda 1 ( R)- Fagaima,AS9900066,AS,,,09,TNCWS,25,https://echo.epa.gov/detailed-facility-report?sys=SDWIS&fid=AS9900066
Gold Conda 1 (L),AS9900129,AS,,,09,TNCWS,25,https://echo.epa.gov/detailed-facility-report?sys=SDWIS&fid=AS9900129
Golf Course's Corner (GCC),AS9900159,AS,,,09,TNCWS,25,https://echo.epa.gov/detailed-facility-report?sys=SDWIS&fid=AS9900159
HQH Store - Ottoville,AS9900067,AS,,,09,TNCWS,25,https://echo.epa.gov/detailed-facility-report?sys=SDWIS&fid=AS9900067
Happy Mart ( L ) - Tafuna,AS9900072,AS,,,09,TNCWS,25,https://echo.epa.gov/detailed-facility-report?sys=SDWIS&fid=AS9900072
Happy Mart ( R ) - Nuuuli,AS9900143,AS,,,09,TNCWS,25,https://echo.epa.gov/detailed-facility-report?sys=SDWIS&fid=AS9900143
Happy Mart (L) - Nuuuli,AS9900144,AS,,,09,TNCWS,25,https://echo.epa.gov/detailed-facility-report?sys=SDWIS&fid=AS9900144
Home Mart - Satala,AS9900091,AS,,,09,TNCWS,25,https://echo.epa.gov/detailed-facility-report?sys=SDWIS&fid=AS9900091
Huang Mart,AS9900162,AS,,,09,TNCWS,25,https://echo.epa.gov/detailed-facility-report?sys=SDWIS&fid=AS9900162
J & B Store - Iliili,AS9900043,AS,,,09,TNCWS,25,https://echo.epa.gov/detailed-facility-report?sys=SDWIS&fid=AS9900043
J K Laundromat - Malaeimi,AS9900126,AS,,,09,TNCWS,25,https://echo.epa.gov/detailed-facility-report?sys=SDWIS&fid=AS9900126
J.C.S (Janice Cold Store) - Kokoland,AS9900148,AS,,,09,TNCWS,25,https://echo.epa.gov/detailed-facility-report?sys=SDWIS&fid=AS9900148
JFL Malae Store - Vailoa,AS9900048,AS,,,09,TNCWS,25,https://echo.epa.gov/detailed-facility-report?sys=SDWIS&fid=AS9900048
JH Mart - Fagaima,AS9900025,AS,,,09,TNCWS,25,https://echo.epa.gov/detailed-facility-report?sys=SDWIS&fid=AS9900025
Janice Store - Puapua,AS9900045,AS,,,09,TNCWS,25,https://echo.epa.gov/detailed-facility-report?sys=SDWIS&fid=AS9900045
Jason's Store - Iliili,AS9900121,AS,,,09,TNCWS,25,https://echo.epa.gov/detailed-facility-report?sys=SDWIS&fid=AS9900121
Jimmy Mart - Petesa,AS9900160,AS,,,09,TNCWS,25,https://echo.epa.gov/detailed-facility-report?sys=SDWIS&fid=AS9900160
Jin Mart - Aua,AS9900094,AS,,,09,TNCWS,25,https://echo.epa.gov/detailed-facility-report?sys=SDWIS&fid=AS9900094
Joes Store - Nuuuli,AS9900021,AS,,,09,TNCWS,25,https://echo.epa.gov/detailed-facility-report?sys=SDWIS&fid=AS9900021
Julia Mart - Mapusaga,AS9900165,AS,,,09,TNCWS,25,https://echo.epa.gov/detailed-facility-report?sys=SDWIS&fid=AS9900165
K2 Mart - Nuuuli,AS9900020,AS,,,09,TNCWS,25,https://echo.epa.gov/detailed-facility-report?sys=SDWIS&fid=AS9900020
KF Merchandise Inc ( L ) - Nuuuli,AS9900018,AS,,,09,TNCWS,25,https://echo.epa.gov/detailed-facility-report?sys=SDWIS&fid=AS9900018
KF Merchandise Inc ( R ) - Nuuuli,AS9900155,AS,,,09,TNCWS,25,https://echo.epa.gov/detailed-facility-report?sys=SDWIS&fid=AS9900155
KF Merchandise Inc. ( L ) - Nuuuli,AS9900166,AS,,,09,TNCWS,25,https://echo.epa.gov/detailed-facility-report?sys=SDWIS&fid=AS9900166
KM Mart - Petesa,AS9900031,AS,,,09,TNCWS,25,https://echo.epa.gov/detailed-facility-report?sys=SDWIS&fid=AS9900031
KS Mart (L) - Tafuna,AS9900101,AS,,,09,TNCWS,25,https://echo.epa.gov/detailed-facility-report?sys=SDWIS&fid=AS9900101
KS Mart (R ) - Tafuna,AS9900040,AS,,,09,TNCWS,25,https://echo.epa.gov/detailed-facility-report?sys=SDWIS&fid=AS9900040
KS Mart - Tafuna,AS9900154,AS,,,09,TNCWS,25,https://echo.epa.gov/detailed-facility-report?sys=SDWIS&fid=AS9900154
KT Mart 1 (R ) - Tafuna,AS9900023,AS,,,09,TNCWS,25,https://echo.epa.gov/detailed-facility-report?sys=SDWIS&fid=AS9900023
KT Mart 2 (L) - Tafuna,AS9900024,AS,,,09,TNCWS,25,https://echo.epa.gov/detailed-facility-report?sys=SDWIS&fid=AS9900024
Kristohphers Store 2 - Tafuna,AS9900039,AS,,,09,TNCWS,25,https://echo.epa.gov/detailed-facility-report?sys=SDWIS&fid=AS9900039
Kristophers Store - Leone,AS9900052,AS,,,09,TNCWS,25,https://echo.epa.gov/detailed-facility-report?sys=SDWIS&fid=AS9900052
Kristophers Store 1 - Tafuna,AS9900102,AS,,,09,TNCWS,25,https://echo.epa.gov/detailed-facility-report?sys=SDWIS&fid=AS9900102
Kui Inc (L) - Fagaima,AS9900127,AS,,,09,TNCWS,25,https://echo.epa.gov/detailed-facility-report?sys=SDWIS&fid=AS9900127
L & J Store - Fagaima,AS9900114,AS,,,09,TNCWS,25,https://echo.epa.gov/detailed-facility-report?sys=SDWIS&fid=AS9900114
LAULII,AS0000014,AS,,,09,CWS,513,https://echo.epa.gov/detailed-facility-report?sys=SDWIS&fid=AS0000014
LEONE,AS0000017,AS,,,09,CWS,36,https://echo.epa.gov/detailed-facility-report?sys=SDWIS&fid=AS0000017
LEONE,AS0000016,AS,,,09,CWS,714,https://echo.epa.gov/detailed-facility-report?sys=SDWIS&fid=AS0000016
LEONE,AS0000015,AS,,,09,CWS,3000,https://echo.epa.gov/detailed-facility-report?sys=SDWIS&fid=AS0000015
LKK - Amouli,AS9900135,AS,,,09,TNCWS,25,https://echo.epa.gov/detailed-facility-report?sys=SDWIS&fid=AS9900135
LM Store (Sogi) - Leone,AS9900078,AS,,,09,TNCWS,25,https://echo.epa.gov/detailed-facility-report?sys=SDWIS&fid=AS9900078
LT II Store - Fagatogo,AS9900150,AS,,,09,TNCWS,25,https://echo.epa.gov/detailed-facility-report?sys=SDWIS&fid=AS9900150
LT Store - Fogagogo,AS9900068,AS,,,09,TNCWS,25,https://echo.epa.gov/detailed-facility-report?sys=SDWIS&fid=AS9900068
LYC Inc  II (L) - Leloaloa,AS9900008,AS,,,09,TNCWS,25,https://echo.epa.gov/detailed-facility-report?sys=SDWIS&fid=AS9900008
LYC Inc - Malaeimi,AS9900061,AS,,,09,TNCWS,25,https://echo.epa.gov/detailed-facility-report?sys=SDWIS&fid=AS9900061
LYC Inc II ( R ) - Leloaloa,AS9900140,AS,,,09,TNCWS,25,https://echo.epa.gov/detailed-facility-report?sys=SDWIS&fid=AS9900140
LYJ Mart 1 - Taputimu,AS9900139,AS,,,09,TNCWS,25,https://echo.epa.gov/detailed-facility-report?sys=SDWIS&fid=AS9900139
LYJ Mart 2 - Taputimu,AS9900138,AS,,,09,TNCWS,25,https://echo.epa.gov/detailed-facility-report?sys=SDWIS&fid=AS9900138
L_J Store - Fagaima,AS9900092,AS,,,09,TNCWS,25,https://echo.epa.gov/detailed-facility-report?sys=SDWIS&fid=AS9900092
Le Fonuea Store - Nuuuli,AS9900085,AS,,,09,TNCWS,25,https://echo.epa.gov/detailed-facility-report?sys=SDWIS&fid=AS9900085
Le Nasareta - Leone,AS9900146,AS,,,09,TNCWS,25,https://echo.epa.gov/detailed-facility-report?sys=SDWIS&fid=AS9900146
Lee's Enterprise - Kokoland,AS9900131,AS,,,09,TNCWS,25,https://echo.epa.gov/detailed-facility-report?sys=SDWIS&fid=AS9900131
Leoneville - Leone,AS9900064,AS,,,09,TNCWS,25,https://echo.epa.gov/detailed-facility-report?sys=SDWIS&fid=AS9900064
Lepua Mart 1 (R ) - Lepua,AS9900005,AS,,,09,TNCWS,25,https://echo.epa.gov/detailed-facility-report?sys=SDWIS&fid=AS9900005
Lepua Mart 2 (L) - Lepua,AS9900006,AS,,,09,TNCWS,25,https://echo.epa.gov/detailed-facility-report?sys=SDWIS&fid=AS9900006
Lin Mart - Pago,AS9900010,AS,,,09,TNCWS,25,https://echo.epa.gov/detailed-facility-report?sys=SDWIS&fid=AS9900010
Linna Mart - Amanave,AS9900079,AS,,,09,TNCWS,25,https://echo.epa.gov/detailed-facility-report?sys=SDWIS&fid=AS9900079
Lucky 7 - Nuuuli,AS9900112,AS,,,09,TNCWS,25,https://echo.epa.gov/detailed-facility-report?sys=SDWIS&fid=AS9900112
Lucky 777 (L) - Nuuuli,AS9900123,AS,,,09,TNCWS,25,https://echo.epa.gov/detailed-facility-report?sys=SDWIS&fid=AS9900123
Lucky 777 - Nuuuli,AS9900122,AS,,,09,TNCWS,25,https://echo.epa.gov/detailed-facility-report?sys=SDWIS&fid=AS9900122
Lucky Dragon - Malaeimi,AS9900130,AS,,,09,TNCWS,25,https://echo.epa.gov/detailed-facility-report?sys=SDWIS&fid=AS9900130
Lucky Star - Malaeimi,AS9900060,AS,,,09,TNCWS,25,https://echo.epa.gov/detailed-facility-report?sys=SDWIS&fid=AS9900060
MALAELOA,AS0000018,AS,,,09,CWS,256,https://echo.epa.gov/detailed-facility-report?sys=SDWIS&fid=AS0000018
MALAELOA,AS0000019,AS,,,09,CWS,301,https://echo.epa.gov/detailed-facility-report?sys=SDWIS&fid=AS0000019
MALAELOA VILLAGE WATER SYSTEM,AS9721229,AS,"Manu'a District, Western District",,09,CWS,1108,https://echo.epa.gov/detailed-facility-report?sys=SDWIS&fid=AS9721229
MAPUSAGA,AS0000021,AS,,,09,CWS,222,https://echo.epa.gov/detailed-facility-report?sys=SDWIS&fid=AS0000021
MASAUSI,AS0000037,AS,,,09,CWS,175,https://echo.epa.gov/detailed-facility-report?sys=SDWIS&fid=AS0000037
MASAUSI VILLAGE WATER SYSTEM,AS9710811,AS,"Eastern District, Manu'a District",,09,CWS,157,https://echo.epa.gov/detailed-facility-report?sys=SDWIS&fid=AS9710811
MASEFAU,AS0000038,AS,,,09,CWS,305,https://echo.epa.gov/detailed-facility-report?sys=SDWIS&fid=AS0000038
MASEFAU VILLAGE WATER SYSTEM,AS9710812,AS,"Eastern District, Manu'a District",,09,CWS,389,https://echo.epa.gov/detailed-facility-report?sys=SDWIS&fid=AS9710812
MATUU,AS0000020,AS,,,09,CWS,350,https://echo.epa.gov/detailed-facility-report?sys=SDWIS&fid=AS0000020
Malaeimi Mart,AS9900164,AS,,,09,TNCWS,25,https://echo.epa.gov/detailed-facility-report?sys=SDWIS&fid=AS9900164
Mapusaga Mini Mart - Mapusaga,AS9900099,AS,,,09,TNCWS,25,https://echo.epa.gov/detailed-facility-report?sys=SDWIS&fid=AS9900099
Masefau ASG,AS9710855,AS,,,09,CWS,664,https://echo.epa.gov/detailed-facility-report?sys=SDWIS&fid=AS9710855
Meng Store - Malaeloa,AS9900076,AS,,,09,TNCWS,25,https://echo.epa.gov/detailed-facility-report?sys=SDWIS&fid=AS9900076
Mu Store - Nuuuli,AS9900016,AS,,,09,TNCWS,25,https://echo.epa.gov/detailed-facility-report?sys=SDWIS&fid=AS9900016
Mu Store - Ottoville,AS9900026,AS,,,09,TNCWS,25,https://echo.epa.gov/detailed-facility-report?sys=SDWIS&fid=AS9900026
NUA AND SEETAGA,AS0000022,AS,,,09,CWS,366,https://echo.epa.gov/detailed-facility-report?sys=SDWIS&fid=AS0000022
NUUULI,AS0000023,AS,,,09,CWS,2095,https://echo.epa.gov/detailed-facility-report?sys=SDWIS&fid=AS0000023
OFU,AS0000033,AS,,,09,CWS,372,https://echo.epa.gov/detailed-facility-report?sys=SDWIS&fid=AS0000033
OLOSEGA,AS0000028,AS,,,09,CWS,193,https://echo.epa.gov/detailed-facility-report?sys=SDWIS&fid=AS0000028
ONENOA,AS0000024,AS,,,09,CWS,142,https://echo.epa.gov/detailed-facility-report?sys=SDWIS&fid=AS0000024
Ocean Market - Auasi,AS9900001,AS,,,09,TNCWS,25,https://echo.epa.gov/detailed-facility-report?sys=SDWIS&fid=AS9900001
Ofu - Olosega ASG,AS9430546,AS,,,09,CWS,465,https://echo.epa.gov/detailed-facility-report?sys=SDWIS&fid=AS9430546
Olosega ASG,AS9530447,AS,,,09,CWS,206,https://echo.epa.gov/detailed-facility-report?sys=SDWIS&fid=AS9530447
Olosega RO ASG,AS9530450,AS,,,09,CWS,206,https://echo.epa.gov/detailed-facility-report?sys=SDWIS&fid=AS9530450
Onenoa Village Water System,AS9710601,AS,,,09,CWS,60,https://echo.epa.gov/detailed-facility-report?sys=SDWIS&fid=AS9710601
P & F Mart - Iliili,AS9900080,AS,,,09,TNCWS,25,https://echo.epa.gov/detailed-facility-report?sys=SDWIS&fid=AS9900080
PAUAIAI,AS0000025,AS,,,09,CWS,900,https://echo.epa.gov/detailed-facility-report?sys=SDWIS&fid=AS0000025
POLOA,AS0000026,AS,,,09,CWS,166,https://echo.epa.gov/detailed-facility-report?sys=SDWIS&fid=AS0000026
POLOA VILLAGE WATER SYSTEM,AS9721038,AS,Western District,,09,CWS,176,https://echo.epa.gov/detailed-facility-report?sys=SDWIS&fid=AS9721038
Pacific Mini Mart 1 (L) - Tafuna,AS9900103,AS,,,09,TNCWS,25,https://echo.epa.gov/detailed-facility-report?sys=SDWIS&fid=AS9900103
Pacific Minimart  (R ) - Tafuna,AS9900035,AS,,,09,TNCWS,25,https://echo.epa.gov/detailed-facility-report?sys=SDWIS&fid=AS9900035
Pacific Minimart (L) - Tafuna,AS9900036,AS,,,09,TNCWS,25,https://echo.epa.gov/detailed-facility-report?sys=SDWIS&fid=AS9900036
Pago (Upper) Village Water System,AS9711100,AS,,,09,CWS,207,https://echo.epa.gov/detailed-facility-report?sys=SDWIS&fid=AS9711100
Pago Pago Supermarket - Pago Pago,AS9900153,AS,,,09,TNCWS,25,https://echo.epa.gov/detailed-facility-report?sys=SDWIS&fid=AS9900153
Pago Way Gas Station,AS9900012,AS,,,09,TNCWS,25,https://echo.epa.gov/detailed-facility-report?sys=SDWIS&fid=AS9900012
Pelene Supermarket - Pavaiai,AS9900055,AS,,,09,TNCWS,25,https://echo.epa.gov/detailed-facility-report?sys=SDWIS&fid=AS9900055
Puapua Mart - Puapua,AS9900070,AS,,,09,TNCWS,25,https://echo.epa.gov/detailed-facility-report?sys=SDWIS&fid=AS9900070
Rainbow Laundromat - Nuuuli,AS9900019,AS,,,09,TNCWS,25,https://echo.epa.gov/detailed-facility-report?sys=SDWIS&fid=AS9900019
Rainmaker Store - Aua,AS9900093,AS,,,09,TNCWS,25,https://echo.epa.gov/detailed-facility-report?sys=SDWIS&fid=AS9900093
SAILELE,AS0000039,AS,,,09,CWS,109,https://echo.epa.gov/detailed-facility-report?sys=SDWIS&fid=AS0000039
SAILELE ASG PWS,AS9710853,AS,Eastern District,,09,CWS,130,https://echo.epa.gov/detailed-facility-report?sys=SDWIS&fid=AS9710853
SILI AMERICAN SAMOA PPG,AS9540416,AS,Manu'a District,,09,CWS,38,https://echo.epa.gov/detailed-facility-report?sys=SDWIS&fid=AS9540416
SJ Mart and Fast Food - Aua,AS9900106,AS,,,09,TNCWS,25,https://echo.epa.gov/detailed-facility-report?sys=SDWIS&fid=AS9900106
Samoa Tasty - Mapusaga,AS9900059,AS,,,09,TNCWS,25,https://echo.epa.gov/detailed-facility-report?sys=SDWIS&fid=AS9900059
Samoa Tasty II - Pavaiai,AS9900081,AS,,,09,TNCWS,25,https://echo.epa.gov/detailed-facility-report?sys=SDWIS&fid=AS9900081
Shining Star Mart - Pago,AS9900009,AS,,,09,TNCWS,25,https://echo.epa.gov/detailed-facility-report?sys=SDWIS&fid=AS9900009
Shins Mart ( R) - Pavaiai,AS9900056,AS,,,09,TNCWS,25,https://echo.epa.gov/detailed-facility-report?sys=SDWIS&fid=AS9900056
Shins Mart (L) - Pavaiai,AS9900100,AS,,,09,TNCWS,25,https://echo.epa.gov/detailed-facility-report?sys=SDWIS&fid=AS9900100
Sing Na Store - Vaitogi,AS9900125,AS,,,09,TNCWS,25,https://echo.epa.gov/detailed-facility-report?sys=SDWIS&fid=AS9900125
Skyview - Aua,AS9900004,AS,,,09,TNCWS,25,https://echo.epa.gov/detailed-facility-report?sys=SDWIS&fid=AS9900004
Skyview II - Fagaitua,AS9900097,AS,,,09,TNCWS,25,https://echo.epa.gov/detailed-facility-report?sys=SDWIS&fid=AS9900097
Sonia Store,AS9900090,AS,,,09,TNCWS,25,https://echo.epa.gov/detailed-facility-report?sys=SDWIS&fid=AS9900090
Steven & Sons 1 ( R ) - Nuuuli,AS9900105,AS,,,09,TNCWS,25,https://echo.epa.gov/detailed-facility-report?sys=SDWIS&fid=AS9900105
Steven & Sons 2 (L) - Nuuuli,AS9900022,AS,,,09,TNCWS,25,https://echo.epa.gov/detailed-facility-report?sys=SDWIS&fid=AS9900022
T & J Store - Mapusaga,AS9900082,AS,,,09,TNCWS,25,https://echo.epa.gov/detailed-facility-report?sys=SDWIS&fid=AS9900082
T.E.C Inc. - Ottoville,AS9900149,AS,,,09,TNCWS,25,https://echo.epa.gov/detailed-facility-report?sys=SDWIS&fid=AS9900149
T.N.D - Fagaima,AS9900147,AS,,,09,TNCWS,25,https://echo.epa.gov/detailed-facility-report?sys=SDWIS&fid=AS9900147
TAFETA,AS9721449,AS,Eastern District,,09,CWS,120,https://echo.epa.gov/detailed-facility-report?sys=SDWIS&fid=AS9721449
TAU AND FALEASAO,AS0000034,AS,,,09,CWS,767,https://echo.epa.gov/detailed-facility-report?sys=SDWIS&fid=AS0000034
TCC Store - Iliili,AS9900042,AS,,,09,TNCWS,25,https://echo.epa.gov/detailed-facility-report?sys=SDWIS&fid=AS9900042
TJ Mart - Petesa,AS9900033,AS,,,09,TNCWS,25,https://echo.epa.gov/detailed-facility-report?sys=SDWIS&fid=AS9900033
TLT Store 1 - Fagaalu,AS9900119,AS,,,09,TNCWS,25,https://echo.epa.gov/detailed-facility-report?sys=SDWIS&fid=AS9900119
TLT Store 2  - Fagaalu,AS9900015,AS,,,09,TNCWS,25,https://echo.epa.gov/detailed-facility-report?sys=SDWIS&fid=AS9900015
TM Inc - Pago,AS9900071,AS,,,09,TNCWS,25,https://echo.epa.gov/detailed-facility-report?sys=SDWIS&fid=AS9900071
TM Mart II-Laulii,AS9900003,AS,,,09,TNCWS,25,https://echo.epa.gov/detailed-facility-report?sys=SDWIS&fid=AS9900003
TM Puapua - Puapua,AS9900075,AS,,,09,TNCWS,25,https://echo.epa.gov/detailed-facility-report?sys=SDWIS&fid=AS9900075
TMJ Store - Pavaiai,AS9900117,AS,,,09,TNCWS,25,https://echo.epa.gov/detailed-facility-report?sys=SDWIS&fid=AS9900117
TS Mart II - Laulii,AS9900095,AS,,,09,TNCWS,25,https://echo.epa.gov/detailed-facility-report?sys=SDWIS&fid=AS9900095
TSM Powerplant 1 - Tafuna,AS9900028,AS,,,09,TNCWS,25,https://echo.epa.gov/detailed-facility-report?sys=SDWIS&fid=AS9900028
TSM Powerplant 2 - Tafuna,AS9900029,AS,,,09,TNCWS,25,https://echo.epa.gov/detailed-facility-report?sys=SDWIS&fid=AS9900029
TSM Powerplant A (R ) - Tafuna,AS9900027,AS,,,09,TNCWS,25,https://echo.epa.gov/detailed-facility-report?sys=SDWIS&fid=AS9900027
TSM Powerplant B (L) - Tafuna,AS9900030,AS,,,09,TNCWS,25,https://echo.epa.gov/detailed-facility-report?sys=SDWIS&fid=AS9900030
TULA,AS0000035,AS,,,09,CWS,361,https://echo.epa.gov/detailed-facility-report?sys=SDWIS&fid=AS0000035
TULA ASG PWS,AS9710602,AS,Eastern District,,09,CWS,423,https://echo.epa.gov/detailed-facility-report?sys=SDWIS&fid=AS9710602
Ta'u RO ASG,AS9630249,AS,,,09,CWS,380,https://echo.epa.gov/detailed-facility-report?sys=SDWIS&fid=AS9630249
Tafuna Mini Mart - Tafuna,AS9900073,AS,,,09,TNCWS,25,https://echo.epa.gov/detailed-facility-report?sys=SDWIS&fid=AS9900073
Tais Store - Laulii,AS9900096,AS,,,09,TNCWS,25,https://echo.epa.gov/detailed-facility-report?sys=SDWIS&fid=AS9900096
Tau-Faleasao ASG,AS9630243,AS,,,09,CWS,515,https://echo.epa.gov/detailed-facility-report?sys=SDWIS&fid=AS9630243
Taumafai Store - Nuuuli,AS9900145,AS,,,09,TNCWS,25,https://echo.epa.gov/detailed-facility-report?sys=SDWIS&fid=AS9900145
Tia & Flo Store - Kokoland,AS9900032,AS,,,09,TNCWS,25,https://echo.epa.gov/detailed-facility-report?sys=SDWIS&fid=AS9900032
Tula Village Water System - Vai Sima,AS9711130,AS,,,09,CWS,40,https://echo.epa.gov/detailed-facility-report?sys=SDWIS&fid=AS9711130
Tula Village Water System - Vai Togi,AS9711140,AS,,,09,CWS,30,https://echo.epa.gov/detailed-facility-report?sys=SDWIS&fid=AS9711140
Tutuila Print Shop - Pago,AS9900151,AS,,,09,NTNCWS,25,https://echo.epa.gov/detailed-facility-report?sys=SDWIS&fid=AS9900151
Tutuila Store ( R ) - Leloaloa,AS9900152,AS,,,09,TNCWS,25,https://echo.epa.gov/detailed-facility-report?sys=SDWIS&fid=AS9900152
Tutuila Store (L)  - Leloaloa,AS9900063,AS,,,09,TNCWS,25,https://echo.epa.gov/detailed-facility-report?sys=SDWIS&fid=AS9900063
US Mart - Futiga,AS9900046,AS,,,09,TNCWS,25,https://echo.epa.gov/detailed-facility-report?sys=SDWIS&fid=AS9900046
VATIA,AS0000027,AS,,,09,CWS,395,https://echo.epa.gov/detailed-facility-report?sys=SDWIS&fid=AS0000027
VB Mart II - Pavaiai,AS9900057,AS,,,09,TNCWS,25,https://echo.epa.gov/detailed-facility-report?sys=SDWIS&fid=AS9900057
VILLAGE OF AGUGULU,AS9721036,AS,Eastern District,,09,CWS,76,https://echo.epa.gov/detailed-facility-report?sys=SDWIS&fid=AS9721036
VILLAGE OF ALAO,AS9710603,AS,Eastern District,,09,CWS,303,https://echo.epa.gov/detailed-facility-report?sys=SDWIS&fid=AS9710603
VILLAGE OF AMALUIA,AS9721032,AS,Eastern District,,09,CWS,220,https://echo.epa.gov/detailed-facility-report?sys=SDWIS&fid=AS9721032
VILLAGE OF AMANAVE,AS9721037,AS,Eastern District,,09,CWS,522,https://echo.epa.gov/detailed-facility-report?sys=SDWIS&fid=AS9721037
VILLAGE OF AOA,AS9710609,AS,Eastern District,,09,CWS,392,https://echo.epa.gov/detailed-facility-report?sys=SDWIS&fid=AS9710609
VILLAGE OF AOLOAU,AS9721441,AS,Eastern District,,09,CWS,609,https://echo.epa.gov/detailed-facility-report?sys=SDWIS&fid=AS9721441
VILLAGE OF ATAULOMA,AS9721033,AS,Eastern District,,09,CWS,287,https://echo.epa.gov/detailed-facility-report?sys=SDWIS&fid=AS9721033
VILLAGE OF AUMA,AS9721131,AS,Eastern District,,09,CWS,157,https://echo.epa.gov/detailed-facility-report?sys=SDWIS&fid=AS9721131
VILLAGE OF AUNUU,AS9310707,AS,Eastern District,,09,CWS,428,https://echo.epa.gov/detailed-facility-report?sys=SDWIS&fid=AS9310707
VILLAGE OF AUNUU,AS9311707,AS,Eastern District,,09,CWS,428,https://echo.epa.gov/detailed-facility-report?sys=SDWIS&fid=AS9311707
VILLAGE OF AVAU,AS9711325,AS,Eastern District,,09,CWS,45,https://echo.epa.gov/detailed-facility-report?sys=SDWIS&fid=AS9711325
VILLAGE OF FAGALII,AS9727042,AS,Eastern District,,09,CWS,78,https://echo.epa.gov/detailed-facility-report?sys=SDWIS&fid=AS9727042
VILLAGE OF FAGANEANEA,AS9711324,AS,Eastern District,,09,CWS,150,https://echo.epa.gov/detailed-facility-report?sys=SDWIS&fid=AS9711324
VILLAGE OF FALEASAO,AS9630344,AS,Eastern District,,09,CWS,222,https://echo.epa.gov/detailed-facility-report?sys=SDWIS&fid=AS9630344
VILLAGE OF FALENIU,AS9721128,AS,Eastern District,,09,CWS,517,https://echo.epa.gov/detailed-facility-report?sys=SDWIS&fid=AS9721128
VILLAGE OF LAULII,AS9710813,AS,Eastern District,,09,CWS,753,https://echo.epa.gov/detailed-facility-report?sys=SDWIS&fid=AS9710813
VILLAGE OF MATUU,AS9711323,AS,Manu'a District,,09,CWS,242,https://echo.epa.gov/detailed-facility-report?sys=SDWIS&fid=AS9711323
VILLAGE OF MESEPA,AS9721127,AS,Western District,,09,CWS,249,https://echo.epa.gov/detailed-facility-report?sys=SDWIS&fid=AS9721127
VILLAGE OF NUA,AS9721034,AS,Eastern District,,09,CWS,25,https://echo.epa.gov/detailed-facility-report?sys=SDWIS&fid=AS9721034
VILLAGE OF NUUULI,AS9711326,AS,Western District,,09,CWS,2619,https://echo.epa.gov/detailed-facility-report?sys=SDWIS&fid=AS9711326
VILLAGE OF POLOA-II,AS9721039,AS,Eastern District,,09,CWS,55,https://echo.epa.gov/detailed-facility-report?sys=SDWIS&fid=AS9721039
VILLAGE OF SAILELE,AS9710810,AS,Eastern District,,09,CWS,92,https://echo.epa.gov/detailed-facility-report?sys=SDWIS&fid=AS9710810
VILLAGE OF SEETAGA,AS9721035,AS,Eastern District,,09,CWS,302,https://echo.epa.gov/detailed-facility-report?sys=SDWIS&fid=AS9721035
VIP Laundromat - Nuuuli,AS9900088,AS,,,09,TNCWS,25,https://echo.epa.gov/detailed-facility-report?sys=SDWIS&fid=AS9900088
Vaiala Mart - Iliili,AS9900134,AS,,,09,TNCWS,25,https://echo.epa.gov/detailed-facility-report?sys=SDWIS&fid=AS9900134
Vailoa Laundromat - Vailoa,AS9900077,AS,,,09,TNCWS,25,https://echo.epa.gov/detailed-facility-report?sys=SDWIS&fid=AS9900077
Vaitele Mart - Nuuuli,AS9900133,AS,,,09,TNCWS,25,https://echo.epa.gov/detailed-facility-report?sys=SDWIS&fid=AS9900133
Vaitele Store - Nuuuli,AS9900098,AS,,,09,TNCWS,25,https://echo.epa.gov/detailed-facility-report?sys=SDWIS&fid=AS9900098
Vatia ASG,AS9710657,AS,,,09,CWS,390,https://echo.epa.gov/detailed-facility-report?sys=SDWIS&fid=AS9710657
Vatia Village Water System,AS9710621,AS,,,09,CWS,428,https://echo.epa.gov/detailed-facility-report?sys=SDWIS&fid=AS9710621
West Mini Mart (L) - Leone,AS9900049,AS,,,09,TNCWS,25,https://echo.epa.gov/detailed-facility-report?sys=SDWIS&fid=AS9900049
Yan Store - Leone,AS9900118,AS,,,09,TNCWS,25,https://echo.epa.gov/detailed-facility-report?sys=SDWIS&fid=AS9900118
Young Mart - Utulei,AS9900013,AS,,,09,TNCWS,25,https://echo.epa.gov/detailed-facility-report?sys=SDWIS&fid=AS9900013
ZL Mart - Iliili,AS9900120,AS,,,09,TNCWS,25,https://echo.epa.gov/detailed-facility-report?sys=SDWIS&fid=AS9900120
