EPARegion,SNC,SDWDateLastFeaEPA,SDWDateLastFea,SignificantDeficiencyCount,DfrUrl,PrimarySourceDesc,SDWAContaminants,SDWDateLastVisit,PWSTypeCode,CountiesServed,SDWDateLastIeaEPA,SiteVisits5yrInspections,Ifea,StateCode,SDWDateLastIeaSt,GwSwCode,IndianCountry,ZipCodesServed,LeadAndCopperViol,FIPSCodes,SDWDateLastVisitEPA,Viopaccr,Vioremain,MaxScore,QtrsWithVio,VioFlag,RulesVio,PWSTypeDesc,SDWDateLastVisitLocal,Viortcfea,CitiesServed,Sansurvey5yr,PbViol,Viofeanot,CuAle,PopulationServedCount,Rc350Viol,MrFlag,SDWAContaminantsInViol3yr,OwnerDesc,PbAle,SDWDateLastFeaSt,OwnerTypeCode,PWSId,PWSActivityDesc,HealthFlag,PWSName,SeriousViolator,SiteVisits5yrAll,SDWA3yrComplQtrsHistory,PrimarySourceCode,TRIbalFlag,RulesVio3yr,QtrsWithSNC,PWSActivityCode,FeaFlag,CurrVioFlag,Viortcnofea,CuViol,OtherFlag,IeaFlag,NewVioFlg,SNCFlag,RegistryID,SDWAContaminantsInCurViol,SDWDateLastIea,Insp5yrFlag,PnFlag,Feas,SDWDateLastVisitState,SiteVisits5yrOther
09,No Violation,,,,https://echo.epa.gov/detailed-facility-report?sys=SDWIS&fid=AS9900141,Surface water purchased,,,TNCWS,,,0,,AS,,SW,N,,,60,,0,0,1,0,0,0,Transient non-community system,,,4 Season's - Puapua,,,,,25,,No,,Private,,,P,AS9900141,Active,No,4 Seasons - Nuuuli,No,0,_____________,SWP,0,0,0,A,0,0,,,No,0,No,0,AS9900141,,,0,No,,,
09,No Violation,,,,https://echo.epa.gov/detailed-facility-report?sys=SDWIS&fid=AS9900084,Surface water purchased,,,TNCWS,,,0,,AS,,SW,N,,,60,,0,0,1,0,0,0,Transient non-community system,,,AB Mart & Wholesale - Malaeimi,,,,,25,,No,,Private,,,P,AS9900084,Active,No,AB Mart & Wholesale - Malaeimi,No,0,_____________,SWP,0,0,0,A,0,0,,,No,0,No,0,110063336741,,,0,No,,,
09,No Violation,,,,https://echo.epa.gov/detailed-facility-report?sys=SDWIS&fid=AS9900089,Surface water purchased,,05/13/2016,TNCWS,,,0,,AS,,SW,N,,,60,,0,0,1,0,0,0,Transient non-community system,,,ABC Fax Store - Fagatogo,1,,,,25,,No,,Private,,,P,AS9900089,Active,No,ABC Fax Store - Fagatogo,No,1,_____________,SWP,0,0,0,A,0,0,,,No,0,No,0,110063351411,,,1,No,,05/13/2016,1
09,No Violation,,,,https://echo.epa.gov/detailed-facility-report?sys=SDWIS&fid=AS9900041,Surface water purchased,,,TNCWS,,,0,,AS,,SW,N,,,60,,0,0,1,0,0,0,Transient non-community system,,,Add One Store - Iliili,,,,,25,,No,,Private,,,P,AS9900041,Active,No,Add One Store - Iliili,No,0,_____________,SWP,0,0,0,A,0,0,,,No,0,No,0,110063353204,,,0,No,,,
09,No Violation,,,,https://echo.epa.gov/detailed-facility-report?sys=SDWIS&fid=AS9900110,Surface water purchased,,,TNCWS,,,0,,AS,,SW,N,,,60,,0,0,1,0,0,0,Transient non-community system,,,Aeto Mart - Pago Pago,,,,,25,,No,,Private,,,P,AS9900110,Active,No,Aeto Mart - Pago Pago,No,0,_____________,SWP,0,0,0,A,0,0,,,No,0,No,0,110063333352,,,0,No,,,
09,No Violation,,,,https://echo.epa.gov/detailed-facility-report?sys=SDWIS&fid=AS9710858,Ground water,"2378=1,2,4-Trichlorobenzene; 2380=cis-1,2-Dichloroethylene; 2955=Xylenes, Total; 2964=DICHLOROMETHANE; 2968=o-Dichlorobenzene; 2969=p-Dichlorobenzene; 2976=Vinyl chloride; 2977=1,1-Dichloroethylene; 2979=trans-1,2-Dichloroethylene; 2980=1,2-Dichloroethane; 2981=1,1,1-Trichloroethane; 2982=Carbon tetrachloride; 2983=1,2-Dichloropropane; 2984=Trichloroethylene; 2985=1,1,2-Trichloroethane; 2987=Tetrachloroethylene; 2989=CHLOROBENZENE; 2990=Benzene; 2991=Toluene; 2992=Ethylbenzene; 2996=Styrene; 3014=E. COLI; 3100=Coliform (TCR); 4010=Combined Radium (-226 and -228); 4100=Gross Beta Particle Activity",11/16/2016,CWS,,,0,,AS,05/31/2012,GW,N,,,60,,2,0,1,11,1,0,Community water system,,,Afono,1,,,,524,,No,,State government,,,S,AS9710858,Active,No,Afono ASG,No,1,VVVVVVVVVVV__,GW,0,3,0,A,0,0,2,,No,0,No,0,110013024002,,05/31/2012,1,No,,11/16/2016,1
09,Serious Violator,,09/27/1989,,https://echo.epa.gov/detailed-facility-report?sys=SDWIS&fid=AS9710820,Surface water,"0200=Surface Water Treatment Rule; 1005=Arsenic; 1010=Barium; 1015=Cadmium; 1020=Chromium; 1024=CYANIDE; 1025=Fluoride; 1035=Mercury; 1040=Nitrate; 1041=Nitrite; 1045=Selenium; 1074=Antimony, Total; 1075=Beryllium, Total; 1085=Thallium, Total; 2005=Endrin; 2010=BHC-GAMMA; 2015=Methoxychlor; 2020=Toxaphene; 2031=Dalapon; 2032=Diquat; 2033=Endothall; 2034=Glyphosate; 2035=Di(2-ethylhexyl) adipate; 2036=OXAMYL; 2037=Simazine; 2039=Di(2-ethylhexyl) phthalate; 2040=Picloram; 2041=Dinoseb; 2042=Hexachlorocyclopentadiene; 2046=Carbofuran; 2050=Atrazine; 2051=LASSO; 2063=2,3,7,8-TCDD; 2065=Heptachlor; 2067=Heptachlor epoxide; 2105=2,4-D; 2110=2,4,5-TP; 2274=HEXACHLOROBENZENE; 2306=Benzo(a)pyrene; 2326=Pentachlorophenol; 2378=1,2,4-Trichlorobenzene; 2380=cis-1,2-Dichloroethylene; 2383=Total Polychlorinated Biphenyls (PCB); 2931=1,2-DIBROMO-3-CHLOROPROPANE; 2946=ETHYLENE DIBROMIDE; 2955=Xylenes, Total; 2959=Chlordane; 2964=DICHLOROMETHANE; 2968=o-Dichlorobenzene; 2969=p-Dichlorobenzene; 2976=Vinyl chloride; 2977=1,1-Dichloroethylene; 2979=trans-1,2-Dichloroethylene; 2980=1,2-Dichloroethane; 2981=1,1,1-Trichloroethane; 2982=Carbon tetrachloride; 2983=1,2-Dichloropropane; 2984=Trichloroethylene; 2985=1,1,2-Trichloroethane; 2987=Tetrachloroethylene; 2989=CHLOROBENZENE; 2990=Benzene; 2991=Toluene; 2992=Ethylbenzene; 2996=Styrene; 3100=Coliform (TCR); 4000=Gross Alpha, Excl. Radon and U; 4006=Combined Uranium; 4010=Combined Radium (-226 and -228); 5000=Lead and Copper Rule; 7000=Consumer Confidence Rule; 7500=Public Notice; 8000=Revised Total Coliform Rule",,CWS,,,0,,AS,06/07/2012,SW,N,,,60,,247,222,1,12,1,12,Community water system,,22,Afono Village,,,,,356,,Yes,"0200=Surface Water Treatment Rule; 1005=Arsenic; 1010=Barium; 1015=Cadmium; 1020=Chromium; 1024=CYANIDE; 1025=Fluoride; 1035=Mercury; 1040=Nitrate; 1045=Selenium; 1074=Antimony, Total; 1075=Beryllium, Total; 1085=Thallium, Total; 2005=Endrin; 2010=BHC-GAMMA; 2015=Methoxychlor; 2020=Toxaphene; 2031=Dalapon; 2032=Diquat; 2033=Endothall; 2034=Glyphosate; 2035=Di(2-ethylhexyl) adipate; 2036=OXAMYL; 2037=Simazine; 2039=Di(2-ethylhexyl) phthalate; 2040=Picloram; 2041=Dinoseb; 2042=Hexachlorocyclopentadiene; 2046=Carbofuran; 2050=Atrazine; 2051=LASSO; 2063=2,3,7,8-TCDD; 2065=Heptachlor; 2067=Heptachlor epoxide; 2105=2,4-D; 2110=2,4,5-TP; 2274=HEXACHLOROBENZENE; 2306=Benzo(a)pyrene; 2326=Pentachlorophenol; 2378=1,2,4-Trichlorobenzene; 2380=cis-1,2-Dichloroethylene; 2383=Total Polychlorinated Biphenyls (PCB); 2931=1,2-DIBROMO-3-CHLOROPROPANE; 2946=ETHYLENE DIBROMIDE; 2955=Xylenes, Total; 2959=Chlordane; 2964=DICHLOROMETHANE; 2968=o-Dichlorobenzene; 2969=p-Dichlorobenzene; 2976=Vinyl chloride; 2977=1,1-Dichloroethylene; 2979=trans-1,2-Dichloroethylene; 2980=1,2-Dichloroethane; 2981=1,1,1-Trichloroethane; 2982=Carbon tetrachloride; 2983=1,2-Dichloropropane; 2984=Trichloroethylene; 2985=1,1,2-Trichloroethane; 2987=Tetrachloroethylene; 2989=CHLOROBENZENE; 2990=Benzene; 2991=Toluene; 2992=Ethylbenzene; 2996=Styrene; 3100=Coliform (TCR); 4000=Gross Alpha, Excl. Radon and U; 4006=Combined Uranium; 4010=Combined Radium (-226 and -228); 5000=Lead and Copper Rule; 7000=Consumer Confidence Rule; 7500=Public Notice; 8000=Revised Total Coliform Rule",Local government,,09/27/1989,L,AS9710820,Active,Yes,Afono Village Water System,Yes,0,SSSSSSSSSSSSV,SW,0,12,12,A,0,1,3,,Yes,0,No,1,110013024002,"0200=Surface Water Treatment Rule; 1005=Arsenic; 1010=Barium; 1015=Cadmium; 1020=Chromium; 1024=CYANIDE; 1025=Fluoride; 1035=Mercury; 1040=Nitrate; 1045=Selenium; 1074=Antimony, Total; 1075=Beryllium, Total; 1085=Thallium, Total; 2005=Endrin; 2010=BHC-GAMMA; 2015=Methoxychlor; 2020=Toxaphene; 2031=Dalapon; 2032=Diquat; 2033=Endothall; 2034=Glyphosate; 2035=Di(2-ethylhexyl) adipate; 2036=OXAMYL; 2037=Simazine; 2039=Di(2-ethylhexyl) phthalate; 2040=Picloram; 2041=Dinoseb; 2042=Hexachlorocyclopentadiene; 2046=Carbofuran; 2050=Atrazine; 2051=LASSO; 2063=2,3,7,8-TCDD; 2065=Heptachlor; 2067=Heptachlor epoxide; 2105=2,4-D; 2110=2,4,5-TP; 2274=HEXACHLOROBENZENE; 2306=Benzo(a)pyrene; 2326=Pentachlorophenol; 2378=1,2,4-Trichlorobenzene; 2380=cis-1,2-Dichloroethylene; 2383=Total Polychlorinated Biphenyls (PCB); 2931=1,2-DIBROMO-3-CHLOROPROPANE; 2946=ETHYLENE DIBROMIDE; 2955=Xylenes, Total; 2959=Chlordane; 2964=DICHLOROMETHANE; 2968=o-Dichlorobenzene; 2969=p-Dichlorobenzene; 2976=Vinyl chloride; 2977=1,1-Dichloroethylene; 2979=trans-1,2-Dichloroethylene; 2980=1,2-Dichloroethane; 2981=1,1,1-Trichloroethane; 2982=Carbon tetrachloride; 2983=1,2-Dichloropropane; 2984=Trichloroethylene; 2985=1,1,2-Trichloroethane; 2987=Tetrachloroethylene; 2989=CHLOROBENZENE; 2990=Benzene; 2991=Toluene; 2992=Ethylbenzene; 2996=Styrene; 4000=Gross Alpha, Excl. Radon and U; 4006=Combined Uranium; 4010=Combined Radium (-226 and -228); 5000=Lead and Copper Rule; 7000=Consumer Confidence Rule; 7500=Public Notice; 8000=Revised Total Coliform Rule",06/07/2012,0,Yes,,08/04/2010,1
09,Serious Violator,,,,https://echo.epa.gov/detailed-facility-report?sys=SDWIS&fid=AS9711160,Surface water,0200=Surface Water Treatment Rule; 3100=Coliform (TCR); 7000=Consumer Confidence Rule; 8000=Revised Total Coliform Rule,,CWS,,,0,,AS,,SW,N,,,60,,54,31,1,12,1,3,Community water system,,,Afono Village Water System (East Side),,,,,60,,Yes,3100=Coliform (TCR); 7000=Consumer Confidence Rule; 8000=Revised Total Coliform Rule,Local government,,,L,AS9711160,Active,No,Afono Village Water System (East Side),Yes,0,SSSSSSSSSSSSV,SW,0,4,12,A,0,1,23,,Yes,0,No,1,110063373567,7000=Consumer Confidence Rule; 8000=Revised Total Coliform Rule,,0,No,,,
09,Serious Violator,,09/27/1989,,https://echo.epa.gov/detailed-facility-report?sys=SDWIS&fid=AS0000036,Surface water,3100=Coliform (TCR); 7000=Consumer Confidence Rule; 8000=Revised Total Coliform Rule,,CWS,,,0,,AS,,SW,N,,,60,,30,27,1,12,1,3,Community water system,,3,Alao,,,,,327,,Yes,3100=Coliform (TCR); 7000=Consumer Confidence Rule; 8000=Revised Total Coliform Rule,Local government,,09/27/1989,L,AS0000036,Active,No,Alao Village Water System,Yes,0,VVVVVVSSSSSSV,SW,0,3,6,A,0,1,,,Yes,0,No,1,110048473610,7000=Consumer Confidence Rule; 8000=Revised Total Coliform Rule,,0,No,,,
09,No Violation,,,,https://echo.epa.gov/detailed-facility-report?sys=SDWIS&fid=AS9900050,Surface water purchased,,,TNCWS,,,0,,AS,,SW,N,,,60,,0,0,1,0,0,0,Transient non-community system,,,Amaluia Mart - Amaluia,,,,,25,,No,,Private,,,P,AS9900050,Active,No,Amaluia Mart - Amaluia,No,0,_____________,SWP,0,0,0,A,0,0,,,No,0,No,0,110063333361,,,0,No,,,
09,No Violation,,,,https://echo.epa.gov/detailed-facility-report?sys=SDWIS&fid=AS9900017,Surface water purchased,,,TNCWS,,,0,,AS,,SW,N,,,60,,0,0,1,0,0,0,Transient non-community system,,,Amys Sewing Shop - Nuuuli,,,,,25,,No,,Private,,,P,AS9900017,Active,No,Amys Sewing Shop - Nuuuli,No,0,_____________,SWP,0,0,0,A,0,0,,,No,0,No,0,110063356611,,,0,No,,,
09,No Violation,,,,https://echo.epa.gov/detailed-facility-report?sys=SDWIS&fid=AS9900034,Surface water purchased,,,TNCWS,,,0,,AS,,SW,N,,,60,,0,0,1,0,0,0,Transient non-community system,,,Amys Store - Petesa,,,,,25,,No,,Private,,,P,AS9900034,Active,No,Amys Store - Petesa,No,0,_____________,SWP,0,0,0,A,0,0,,,No,0,No,0,110063356602,,,0,No,,,
09,No Violation,,,,https://echo.epa.gov/detailed-facility-report?sys=SDWIS&fid=AS9900111,Surface water purchased,,,TNCWS,,,0,,AS,,SW,N,,,60,,0,0,1,0,0,0,Transient non-community system,,,Ann Store - Faleniu,,,,,25,,No,,Private,,,P,AS9900111,Active,No,Ann Store - Faleniu,No,0,_____________,SWP,0,0,0,A,0,0,,,No,0,No,0,110063353142,,,0,No,,,
09,In Violation,,,,https://echo.epa.gov/detailed-facility-report?sys=SDWIS&fid=AS9710652,Ground water,1041=Nitrite; 2456=Total Haloacetic Acids (HAA5); 2950=TTHM; 3100=Coliform (TCR); 4010=Combined Radium (-226 and -228); 4100=Gross Beta Particle Activity; 8000=Revised Total Coliform Rule,11/12/2015,CWS,,,0,,AS,11/05/2012,GW,N,,,60,,8,3,1,12,1,2,Community water system,,,Aoa,1,,,,855,,Yes,2456=Total Haloacetic Acids (HAA5); 2950=TTHM; 8000=Revised Total Coliform Rule,State government,,,S,AS9710652,Active,No,Aoa ASG,No,1,VVVSSSSSSSSVV,GW,0,5,8,A,0,1,5,,No,0,No,0,110048473594,,11/05/2012,1,No,,11/12/2015,1
09,No Violation,,,,https://echo.epa.gov/detailed-facility-report?sys=SDWIS&fid=AS9900157,Surface water purchased,,,TNCWS,,,0,,AS,,SW,N,,,60,,0,0,1,0,0,0,Transient non-community system,,,Atu'u Mart,,,,,25,,No,,Private,,,P,AS9900157,Active,No,Atu'u Mart,No,0,_____________,SWP,0,0,0,A,0,0,,,No,0,No,0,AS9900157,,,0,No,,,
09,Serious Violator,,09/27/1989,,https://echo.epa.gov/detailed-facility-report?sys=SDWIS&fid=AS9710914,Surface water,"0200=Surface Water Treatment Rule; 1005=Arsenic; 1010=Barium; 1015=Cadmium; 1020=Chromium; 1024=CYANIDE; 1025=Fluoride; 1035=Mercury; 1040=Nitrate; 1041=Nitrite; 1045=Selenium; 1074=Antimony, Total; 1075=Beryllium, Total; 1085=Thallium, Total; 2005=Endrin; 2010=BHC-GAMMA; 2015=Methoxychlor; 2020=Toxaphene; 2031=Dalapon; 2032=Diquat; 2033=Endothall; 2034=Glyphosate; 2035=Di(2-ethylhexyl) adipate; 2036=OXAMYL; 2037=Simazine; 2039=Di(2-ethylhexyl) phthalate; 2040=Picloram; 2041=Dinoseb; 2042=Hexachlorocyclopentadiene; 2046=Carbofuran; 2050=Atrazine; 2051=LASSO; 2063=2,3,7,8-TCDD; 2065=Heptachlor; 2067=Heptachlor epoxide; 2105=2,4-D; 2110=2,4,5-TP; 2274=HEXACHLOROBENZENE; 2306=Benzo(a)pyrene; 2326=Pentachlorophenol; 2378=1,2,4-Trichlorobenzene; 2380=cis-1,2-Dichloroethylene; 2383=Total Polychlorinated Biphenyls (PCB); 2931=1,2-DIBROMO-3-CHLOROPROPANE; 2946=ETHYLENE DIBROMIDE; 2955=Xylenes, Total; 2959=Chlordane; 2964=DICHLOROMETHANE; 2968=o-Dichlorobenzene; 2969=p-Dichlorobenzene; 2976=Vinyl chloride; 2977=1,1-Dichloroethylene; 2979=trans-1,2-Dichloroethylene; 2980=1,2-Dichloroethane; 2981=1,1,1-Trichloroethane; 2982=Carbon tetrachloride; 2983=1,2-Dichloropropane; 2984=Trichloroethylene; 2985=1,1,2-Trichloroethane; 2987=Tetrachloroethylene; 2989=CHLOROBENZENE; 2990=Benzene; 2991=Toluene; 2992=Ethylbenzene; 2996=Styrene; 3100=Coliform (TCR); 4000=Gross Alpha, Excl. Radon and U; 4006=Combined Uranium; 4010=Combined Radium (-226 and -228); 5000=Lead and Copper Rule; 7000=Consumer Confidence Rule; 8000=Revised Total Coliform Rule",,CWS,,,0,,AS,,SW,N,,,60,,222,198,1,12,1,10,Community water system,,,Village of Aua,,,,,110,,Yes,"1005=Arsenic; 1010=Barium; 1015=Cadmium; 1020=Chromium; 1024=CYANIDE; 1025=Fluoride; 1035=Mercury; 1040=Nitrate; 1045=Selenium; 1074=Antimony, Total; 1075=Beryllium, Total; 1085=Thallium, Total; 2005=Endrin; 2010=BHC-GAMMA; 2015=Methoxychlor; 2020=Toxaphene; 2031=Dalapon; 2032=Diquat; 2033=Endothall; 2034=Glyphosate; 2035=Di(2-ethylhexyl) adipate; 2036=OXAMYL; 2037=Simazine; 2039=Di(2-ethylhexyl) phthalate; 2040=Picloram; 2041=Dinoseb; 2042=Hexachlorocyclopentadiene; 2046=Carbofuran; 2050=Atrazine; 2051=LASSO; 2063=2,3,7,8-TCDD; 2065=Heptachlor; 2067=Heptachlor epoxide; 2105=2,4-D; 2110=2,4,5-TP; 2274=HEXACHLOROBENZENE; 2306=Benzo(a)pyrene; 2326=Pentachlorophenol; 2378=1,2,4-Trichlorobenzene; 2380=cis-1,2-Dichloroethylene; 2383=Total Polychlorinated Biphenyls (PCB); 2931=1,2-DIBROMO-3-CHLOROPROPANE; 2946=ETHYLENE DIBROMIDE; 2955=Xylenes, Total; 2959=Chlordane; 2964=DICHLOROMETHANE; 2968=o-Dichlorobenzene; 2969=p-Dichlorobenzene; 2976=Vinyl chloride; 2977=1,1-Dichloroethylene; 2979=trans-1,2-Dichloroethylene; 2980=1,2-Dichloroethane; 2981=1,1,1-Trichloroethane; 2982=Carbon tetrachloride; 2983=1,2-Dichloropropane; 2984=Trichloroethylene; 2985=1,1,2-Trichloroethane; 2987=Tetrachloroethylene; 2989=CHLOROBENZENE; 2990=Benzene; 2991=Toluene; 2992=Ethylbenzene; 2996=Styrene; 3100=Coliform (TCR); 4000=Gross Alpha, Excl. Radon and U; 4006=Combined Uranium; 4010=Combined Radium (-226 and -228); 5000=Lead and Copper Rule; 7000=Consumer Confidence Rule; 8000=Revised Total Coliform Rule",Local government,,09/27/1989,L,AS9710914,Active,No,Aua Village Water System,Yes,0,SSSSSSSSSSSSV,SW,0,11,12,A,0,1,24,,Yes,0,No,1,110048428126,"1040=Nitrate; 2005=Endrin; 2010=BHC-GAMMA; 2015=Methoxychlor; 2020=Toxaphene; 2031=Dalapon; 2032=Diquat; 2033=Endothall; 2034=Glyphosate; 2035=Di(2-ethylhexyl) adipate; 2036=OXAMYL; 2037=Simazine; 2039=Di(2-ethylhexyl) phthalate; 2040=Picloram; 2041=Dinoseb; 2042=Hexachlorocyclopentadiene; 2046=Carbofuran; 2050=Atrazine; 2051=LASSO; 2063=2,3,7,8-TCDD; 2065=Heptachlor; 2067=Heptachlor epoxide; 2105=2,4-D; 2110=2,4,5-TP; 2274=HEXACHLOROBENZENE; 2306=Benzo(a)pyrene; 2326=Pentachlorophenol; 2378=1,2,4-Trichlorobenzene; 2380=cis-1,2-Dichloroethylene; 2383=Total Polychlorinated Biphenyls (PCB); 2931=1,2-DIBROMO-3-CHLOROPROPANE; 2946=ETHYLENE DIBROMIDE; 2955=Xylenes, Total; 2959=Chlordane; 2964=DICHLOROMETHANE; 2968=o-Dichlorobenzene; 2969=p-Dichlorobenzene; 2976=Vinyl chloride; 2977=1,1-Dichloroethylene; 2979=trans-1,2-Dichloroethylene; 2980=1,2-Dichloroethane; 2981=1,1,1-Trichloroethane; 2982=Carbon tetrachloride; 2983=1,2-Dichloropropane; 2984=Trichloroethylene; 2985=1,1,2-Trichloroethane; 2987=Tetrachloroethylene; 2989=CHLOROBENZENE; 2990=Benzene; 2991=Toluene; 2992=Ethylbenzene; 2996=Styrene; 4000=Gross Alpha, Excl. Radon and U; 4006=Combined Uranium; 4010=Combined Radium (-226 and -228); 5000=Lead and Copper Rule; 7000=Consumer Confidence Rule; 8000=Revised Total Coliform Rule",,0,No,,09/30/1986,
09,Serious Violator,,,,https://echo.epa.gov/detailed-facility-report?sys=SDWIS&fid=AS9310751,Ground water,"1040=Nitrate; 2005=Endrin; 2010=BHC-GAMMA; 2015=Methoxychlor; 2020=Toxaphene; 2031=Dalapon; 2032=Diquat; 2033=Endothall; 2034=Glyphosate; 2035=Di(2-ethylhexyl) adipate; 2036=OXAMYL; 2037=Simazine; 2039=Di(2-ethylhexyl) phthalate; 2040=Picloram; 2041=Dinoseb; 2042=Hexachlorocyclopentadiene; 2046=Carbofuran; 2050=Atrazine; 2051=LASSO; 2063=2,3,7,8-TCDD; 2065=Heptachlor; 2067=Heptachlor epoxide; 2105=2,4-D; 2110=2,4,5-TP; 2274=HEXACHLOROBENZENE; 2306=Benzo(a)pyrene; 2326=Pentachlorophenol; 2383=Total Polychlorinated Biphenyls (PCB); 2456=Total Haloacetic Acids (HAA5); 2931=1,2-DIBROMO-3-CHLOROPROPANE; 2946=ETHYLENE DIBROMIDE; 2950=TTHM; 2959=Chlordane; 3014=E. COLI; 3100=Coliform (TCR); 4100=Gross Beta Particle Activity; 5000=Lead and Copper Rule; 7500=Public Notice",07/19/2016,CWS,,,0,3,AS,10/07/2015,GW,N,,0,60,,136,29,1,12,1,4,Community water system,,,Aunu'u,2,0,,,436,0,Yes,1040=Nitrate; 2456=Total Haloacetic Acids (HAA5); 2950=TTHM; 3014=E. COLI; 5000=Lead and Copper Rule; 7500=Public Notice,State government,,,S,AS9310751,Active,Yes,Aunuu ASG,Yes,3,SSSSSSSSSSSSV,GW,0,7,12,A,0,1,107,0,Yes,1,No,1,110048334664,2456=Total Haloacetic Acids (HAA5); 2950=TTHM; 3014=E. COLI; 5000=Lead and Copper Rule; 7500=Public Notice,10/07/2015,1,Yes,,07/19/2016,3
09,No Violation,,,,https://echo.epa.gov/detailed-facility-report?sys=SDWIS&fid=AS9900116,Surface water purchased,,07/17/2015,TNCWS,,,0,,AS,,SW,N,,,60,,0,0,1,0,0,0,Transient non-community system,,,Bao Store - Ottoville,3,,,,25,,No,,Private,,,P,AS9900116,Active,No,Bao Store - Ottoville,No,3,_____________,SWP,0,0,0,A,0,0,,,No,0,No,0,110063334725,,,1,No,,07/17/2015,3
09,No Violation,,,,https://echo.epa.gov/detailed-facility-report?sys=SDWIS&fid=AS9900058,Surface water purchased,,,TNCWS,,,0,,AS,,SW,N,,,60,,0,0,1,0,0,0,Transient non-community system,,,Bell Mart - Faleniu,,,,,25,,No,,Private,,,P,AS9900058,Active,No,Bell Mart - Faleniu,No,0,_____________,SWP,0,0,0,A,0,0,,,No,0,No,0,110063351224,,,0,No,,,
09,No Violation,,,,https://echo.epa.gov/detailed-facility-report?sys=SDWIS&fid=AS9900086,Surface water purchased,,06/23/2016,TNCWS,,,0,,AS,,SW,N,,,60,,0,0,1,0,0,0,Transient non-community system,,,Lin Mart - Nuuuli,1,,,,25,,No,,Private,,,P,AS9900086,Active,No,Brilliant Star - Nuuuli,No,1,_____________,SWP,0,0,0,A,0,0,,,No,0,No,0,110063336723,,,1,No,,06/23/2016,1
09,No Violation,,,,https://echo.epa.gov/detailed-facility-report?sys=SDWIS&fid=AS9900161,Surface water purchased,,,TNCWS,,,0,,AS,,SW,N,,,60,,0,0,1,0,0,0,Transient non-community system,,,,,,,,25,,No,,Private,,,P,AS9900161,Active,No,C&J Mart,No,0,_____________,SWP,0,0,0,A,0,0,,,No,0,No,0,AS9900161,,,0,No,,,
09,No Violation,,,,https://echo.epa.gov/detailed-facility-report?sys=SDWIS&fid=AS9900069,Surface water purchased,,,TNCWS,,,0,,AS,,SW,N,,,60,,0,0,1,0,0,0,Transient non-community system,,,CS Mart - Vaitogi,,,,,25,,No,,Private,,,P,AS9900069,Active,No,CS Mart - Vaitogi,No,0,_____________,SWP,0,0,0,A,0,0,,,No,0,No,0,110063353106,,,0,No,,,
09,No Violation,,,,https://echo.epa.gov/detailed-facility-report?sys=SDWIS&fid=AS9900054,Surface water purchased,,,TNCWS,,,0,,AS,,SW,N,,,60,,0,0,1,0,0,0,Transient non-community system,,,California Store Inc. 2 (L) - Leone,,,,,25,,No,,Private,,,P,AS9900054,Active,No,California Store Inc (L) - Leone,No,0,_____________,SWP,0,0,0,A,0,0,,,No,0,No,0,110063351251,,,0,No,,,
09,No Violation,,,,https://echo.epa.gov/detailed-facility-report?sys=SDWIS&fid=AS9900053,Surface water purchased,,,TNCWS,,,0,,AS,,SW,N,,,60,,0,0,1,0,0,0,Transient non-community system,,,California Store Inc. 1 (R ) - Leone,,,,,25,,No,,Private,,,P,AS9900053,Active,No,California Store Inc (R ) - Leone,No,0,_____________,SWP,0,0,0,A,0,0,,,No,0,No,0,110063351260,,,0,No,,,
09,No Violation,,,,https://echo.epa.gov/detailed-facility-report?sys=SDWIS&fid=AS9900047,Surface water purchased,,,TNCWS,,,0,,AS,,SW,N,,,60,,0,0,1,0,0,0,Transient non-community system,,,Canton Mart - Puapua,,,,,25,,No,,Private,,,P,AS9900047,Active,No,Canton Mart - Puapua,No,0,_____________,SWP,0,0,0,A,0,0,,,No,0,No,0,110063332488,,,0,No,,,
09,Serious Violator,,,,https://echo.epa.gov/detailed-facility-report?sys=SDWIS&fid=AS9711948,Surface water,"0200=Surface Water Treatment Rule; 1005=Arsenic; 1010=Barium; 1015=Cadmium; 1020=Chromium; 1024=CYANIDE; 1025=Fluoride; 1035=Mercury; 1040=Nitrate; 1041=Nitrite; 1045=Selenium; 1074=Antimony, Total; 1075=Beryllium, Total; 1085=Thallium, Total; 2005=Endrin; 2010=BHC-GAMMA; 2015=Methoxychlor; 2020=Toxaphene; 2031=Dalapon; 2032=Diquat; 2033=Endothall; 2034=Glyphosate; 2035=Di(2-ethylhexyl) adipate; 2036=OXAMYL; 2037=Simazine; 2039=Di(2-ethylhexyl) phthalate; 2040=Picloram; 2041=Dinoseb; 2042=Hexachlorocyclopentadiene; 2046=Carbofuran; 2050=Atrazine; 2051=LASSO; 2063=2,3,7,8-TCDD; 2065=Heptachlor; 2067=Heptachlor epoxide; 2105=2,4-D; 2110=2,4,5-TP; 2274=HEXACHLOROBENZENE; 2306=Benzo(a)pyrene; 2326=Pentachlorophenol; 2378=1,2,4-Trichlorobenzene; 2380=cis-1,2-Dichloroethylene; 2383=Total Polychlorinated Biphenyls (PCB); 2456=Total Haloacetic Acids (HAA5); 2931=1,2-DIBROMO-3-CHLOROPROPANE; 2946=ETHYLENE DIBROMIDE; 2950=TTHM; 2955=Xylenes, Total; 2959=Chlordane; 2964=DICHLOROMETHANE; 2968=o-Dichlorobenzene; 2969=p-Dichlorobenzene; 2976=Vinyl chloride; 2977=1,1-Dichloroethylene; 2979=trans-1,2-Dichloroethylene; 2980=1,2-Dichloroethane; 2981=1,1,1-Trichloroethane; 2982=Carbon tetrachloride; 2983=1,2-Dichloropropane; 2984=Trichloroethylene; 2985=1,1,2-Trichloroethane; 2987=Tetrachloroethylene; 2989=CHLOROBENZENE; 2990=Benzene; 2991=Toluene; 2992=Ethylbenzene; 2996=Styrene; 3100=Coliform (TCR); 4000=Gross Alpha, Excl. Radon and U; 4006=Combined Uranium; 4010=Combined Radium (-226 and -228); 4100=Gross Beta Particle Activity; 7500=Public Notice; 8000=Revised Total Coliform Rule",07/11/2016,CWS,,,0,,AS,09/01/2011,SW,N,,,60,,84,70,1,12,1,8,Community water system,,,Tutuila,1,,,,50155,,Yes,"0200=Surface Water Treatment Rule; 1040=Nitrate; 1041=Nitrite; 2005=Endrin; 2010=BHC-GAMMA; 2015=Methoxychlor; 2020=Toxaphene; 2031=Dalapon; 2032=Diquat; 2033=Endothall; 2034=Glyphosate; 2035=Di(2-ethylhexyl) adipate; 2036=OXAMYL; 2037=Simazine; 2039=Di(2-ethylhexyl) phthalate; 2040=Picloram; 2041=Dinoseb; 2042=Hexachlorocyclopentadiene; 2046=Carbofuran; 2050=Atrazine; 2051=LASSO; 2063=2,3,7,8-TCDD; 2065=Heptachlor; 2067=Heptachlor epoxide; 2105=2,4-D; 2110=2,4,5-TP; 2274=HEXACHLOROBENZENE; 2306=Benzo(a)pyrene; 2326=Pentachlorophenol; 2378=1,2,4-Trichlorobenzene; 2380=cis-1,2-Dichloroethylene; 2383=Total Polychlorinated Biphenyls (PCB); 2456=Total Haloacetic Acids (HAA5); 2931=1,2-DIBROMO-3-CHLOROPROPANE; 2946=ETHYLENE DIBROMIDE; 2950=TTHM; 2955=Xylenes, Total; 2959=Chlordane; 2964=DICHLOROMETHANE; 2968=o-Dichlorobenzene; 2969=p-Dichlorobenzene; 2976=Vinyl chloride; 2977=1,1-Dichloroethylene; 2979=trans-1,2-Dichloroethylene; 2980=1,2-Dichloroethane; 2981=1,1,1-Trichloroethane; 2982=Carbon tetrachloride; 2983=1,2-Dichloropropane; 2984=Trichloroethylene; 2985=1,1,2-Trichloroethane; 2987=Tetrachloroethylene; 2989=CHLOROBENZENE; 2990=Benzene; 2991=Toluene; 2992=Ethylbenzene; 2996=Styrene; 4010=Combined Radium (-226 and -228); 7500=Public Notice; 8000=Revised Total Coliform Rule",State government,3,,S,AS9711948,Active,Yes,Central ASG,Yes,1,SVSSSSSSSSSSV,SW,0,8,11,A,0,1,14,,Yes,0,No,1,110013024137,"0200=Surface Water Treatment Rule; 1040=Nitrate; 1041=Nitrite; 2005=Endrin; 2010=BHC-GAMMA; 2015=Methoxychlor; 2020=Toxaphene; 2031=Dalapon; 2032=Diquat; 2033=Endothall; 2034=Glyphosate; 2035=Di(2-ethylhexyl) adipate; 2036=OXAMYL; 2037=Simazine; 2039=Di(2-ethylhexyl) phthalate; 2040=Picloram; 2041=Dinoseb; 2042=Hexachlorocyclopentadiene; 2046=Carbofuran; 2050=Atrazine; 2051=LASSO; 2063=2,3,7,8-TCDD; 2065=Heptachlor; 2067=Heptachlor epoxide; 2105=2,4-D; 2110=2,4,5-TP; 2274=HEXACHLOROBENZENE; 2306=Benzo(a)pyrene; 2326=Pentachlorophenol; 2378=1,2,4-Trichlorobenzene; 2380=cis-1,2-Dichloroethylene; 2383=Total Polychlorinated Biphenyls (PCB); 2931=1,2-DIBROMO-3-CHLOROPROPANE; 2946=ETHYLENE DIBROMIDE; 2955=Xylenes, Total; 2959=Chlordane; 2964=DICHLOROMETHANE; 2968=o-Dichlorobenzene; 2969=p-Dichlorobenzene; 2976=Vinyl chloride; 2977=1,1-Dichloroethylene; 2979=trans-1,2-Dichloroethylene; 2980=1,2-Dichloroethane; 2981=1,1,1-Trichloroethane; 2982=Carbon tetrachloride; 2983=1,2-Dichloropropane; 2984=Trichloroethylene; 2985=1,1,2-Trichloroethane; 2987=Tetrachloroethylene; 2989=CHLOROBENZENE; 2990=Benzene; 2991=Toluene; 2992=Ethylbenzene; 2996=Styrene; 4010=Combined Radium (-226 and -228); 7500=Public Notice; 8000=Revised Total Coliform Rule",09/01/2011,1,Yes,,07/11/2016,1
09,No Violation,,,,https://echo.epa.gov/detailed-facility-report?sys=SDWIS&fid=AS9900037,Surface water purchased,,,TNCWS,,,0,,AS,,SW,N,,,60,,0,0,1,0,0,0,Transient non-community system,,,Cost-U-Less - Tafuna,,,,,25,,No,,Private,,,P,AS9900037,Active,No,Cost-U-Less - Tafuna,No,0,_____________,SWP,0,0,0,A,0,0,,,No,0,No,0,110063351484,,,0,No,,,
09,No Violation,,,,https://echo.epa.gov/detailed-facility-report?sys=SDWIS&fid=AS9900132,Surface water purchased,,,TNCWS,,,0,,AS,,SW,N,,,60,,0,0,1,0,0,0,Transient non-community system,,,DH Store - Utulei,,,,,25,,No,,Private,,,P,AS9900132,Active,No,DH Store - Utulei,No,0,_____________,SWP,0,0,0,A,0,0,,,No,0,No,0,110067275264,,,0,No,,,
09,No Violation,,,,https://echo.epa.gov/detailed-facility-report?sys=SDWIS&fid=AS9900158,Surface water purchased,,,TNCWS,,,0,,AS,,SW,N,,,60,,0,0,1,0,0,0,Transient non-community system,,,Divine Laundromat,,,,,25,,No,,Private,,,P,AS9900158,Active,No,Divine Laundromat,No,0,_____________,SWP,0,0,0,A,0,0,,,No,0,No,0,AS9900158,,,0,No,,,
09,No Violation,,,,https://echo.epa.gov/detailed-facility-report?sys=SDWIS&fid=AS9900074,Surface water purchased,,,TNCWS,,,0,,AS,,SW,N,,,60,,0,0,1,0,0,0,Transient non-community system,,,EMP Laundromat - Iliili,,,,,25,,No,,Private,,,P,AS9900074,Active,No,EMP Laundromat - Iliili,No,0,_____________,SWP,0,0,0,A,0,0,,,No,0,No,0,110063353080,,,0,No,,,
09,No Violation,,,,https://echo.epa.gov/detailed-facility-report?sys=SDWIS&fid=AS9900113,Surface water purchased,,,TNCWS,,,0,,AS,,SW,N,,,60,,0,0,1,6,1,0,Transient non-community system,,,EMP Store - Vaitogi,,,,,25,,No,,Private,,,P,AS9900113,Active,No,EMP Store - Vaitogi,No,0,____SSSSSS___,SWP,0,0,6,A,0,0,,,No,0,No,0,110063353133,,,0,No,,,
09,No Violation,,,,https://echo.epa.gov/detailed-facility-report?sys=SDWIS&fid=AS9900124,Surface water purchased,,,TNCWS,,,0,,AS,,SW,N,,,60,,0,0,1,3,1,0,Transient non-community system,,,EZ Mart - Pavaiai,,,,,25,,No,,Private,,,P,AS9900124,Active,No,EZ Mart - Pavaiai,No,0,_______SSS___,SWP,0,0,3,A,0,0,,,No,0,No,0,110067276003,,,0,No,,,
09,Serious Violator,,09/27/1989,,https://echo.epa.gov/detailed-facility-report?sys=SDWIS&fid=AS9721042,Surface water,"0200=Surface Water Treatment Rule; 1005=Arsenic; 1010=Barium; 1015=Cadmium; 1020=Chromium; 1024=CYANIDE; 1025=Fluoride; 1035=Mercury; 1040=Nitrate; 1041=Nitrite; 1045=Selenium; 1074=Antimony, Total; 1075=Beryllium, Total; 1085=Thallium, Total; 2005=Endrin; 2010=BHC-GAMMA; 2015=Methoxychlor; 2020=Toxaphene; 2031=Dalapon; 2032=Diquat; 2033=Endothall; 2034=Glyphosate; 2035=Di(2-ethylhexyl) adipate; 2036=OXAMYL; 2037=Simazine; 2039=Di(2-ethylhexyl) phthalate; 2040=Picloram; 2041=Dinoseb; 2042=Hexachlorocyclopentadiene; 2046=Carbofuran; 2050=Atrazine; 2051=LASSO; 2063=2,3,7,8-TCDD; 2065=Heptachlor; 2067=Heptachlor epoxide; 2105=2,4-D; 2110=2,4,5-TP; 2274=HEXACHLOROBENZENE; 2306=Benzo(a)pyrene; 2326=Pentachlorophenol; 2378=1,2,4-Trichlorobenzene; 2380=cis-1,2-Dichloroethylene; 2383=Total Polychlorinated Biphenyls (PCB); 2931=1,2-DIBROMO-3-CHLOROPROPANE; 2946=ETHYLENE DIBROMIDE; 2955=Xylenes, Total; 2959=Chlordane; 2964=DICHLOROMETHANE; 2968=o-Dichlorobenzene; 2969=p-Dichlorobenzene; 2976=Vinyl chloride; 2977=1,1-Dichloroethylene; 2979=trans-1,2-Dichloroethylene; 2980=1,2-Dichloroethane; 2981=1,1,1-Trichloroethane; 2982=Carbon tetrachloride; 2983=1,2-Dichloropropane; 2984=Trichloroethylene; 2985=1,1,2-Trichloroethane; 2987=Tetrachloroethylene; 2989=CHLOROBENZENE; 2990=Benzene; 2991=Toluene; 2992=Ethylbenzene; 2996=Styrene; 3100=Coliform (TCR); 4000=Gross Alpha, Excl. Radon and U; 4006=Combined Uranium; 4010=Combined Radium (-226 and -228); 5000=Lead and Copper Rule; 7000=Consumer Confidence Rule; 7500=Public Notice; 8000=Revised Total Coliform Rule",,CWS,,,0,,AS,06/07/2012,SW,N,,,60,,261,231,1,12,1,11,Community water system,,26,Fagali'I Village,,,,,259,,Yes,"0200=Surface Water Treatment Rule; 1005=Arsenic; 1010=Barium; 1015=Cadmium; 1020=Chromium; 1024=CYANIDE; 1025=Fluoride; 1035=Mercury; 1040=Nitrate; 1045=Selenium; 1074=Antimony, Total; 1075=Beryllium, Total; 1085=Thallium, Total; 2005=Endrin; 2010=BHC-GAMMA; 2015=Methoxychlor; 2020=Toxaphene; 2031=Dalapon; 2032=Diquat; 2033=Endothall; 2034=Glyphosate; 2035=Di(2-ethylhexyl) adipate; 2036=OXAMYL; 2037=Simazine; 2039=Di(2-ethylhexyl) phthalate; 2040=Picloram; 2041=Dinoseb; 2042=Hexachlorocyclopentadiene; 2046=Carbofuran; 2050=Atrazine; 2051=LASSO; 2063=2,3,7,8-TCDD; 2065=Heptachlor; 2067=Heptachlor epoxide; 2105=2,4-D; 2110=2,4,5-TP; 2274=HEXACHLOROBENZENE; 2306=Benzo(a)pyrene; 2326=Pentachlorophenol; 2378=1,2,4-Trichlorobenzene; 2380=cis-1,2-Dichloroethylene; 2383=Total Polychlorinated Biphenyls (PCB); 2931=1,2-DIBROMO-3-CHLOROPROPANE; 2946=ETHYLENE DIBROMIDE; 2955=Xylenes, Total; 2959=Chlordane; 2964=DICHLOROMETHANE; 2968=o-Dichlorobenzene; 2969=p-Dichlorobenzene; 2976=Vinyl chloride; 2977=1,1-Dichloroethylene; 2979=trans-1,2-Dichloroethylene; 2980=1,2-Dichloroethane; 2981=1,1,1-Trichloroethane; 2982=Carbon tetrachloride; 2983=1,2-Dichloropropane; 2984=Trichloroethylene; 2985=1,1,2-Trichloroethane; 2987=Tetrachloroethylene; 2989=CHLOROBENZENE; 2990=Benzene; 2991=Toluene; 2992=Ethylbenzene; 2996=Styrene; 3100=Coliform (TCR); 4000=Gross Alpha, Excl. Radon and U; 4006=Combined Uranium; 4010=Combined Radium (-226 and -228); 5000=Lead and Copper Rule; 7000=Consumer Confidence Rule; 8000=Revised Total Coliform Rule",Local government,,09/27/1989,L,AS9721042,Active,Yes,Fagalii Village Water System,Yes,0,SSSSSSSSSSSSV,SW,0,12,12,A,0,1,4,,Yes,0,No,1,110013020024,"0200=Surface Water Treatment Rule; 1005=Arsenic; 1010=Barium; 1015=Cadmium; 1020=Chromium; 1024=CYANIDE; 1025=Fluoride; 1035=Mercury; 1040=Nitrate; 1045=Selenium; 1074=Antimony, Total; 1075=Beryllium, Total; 1085=Thallium, Total; 2005=Endrin; 2010=BHC-GAMMA; 2015=Methoxychlor; 2020=Toxaphene; 2031=Dalapon; 2032=Diquat; 2033=Endothall; 2034=Glyphosate; 2035=Di(2-ethylhexyl) adipate; 2036=OXAMYL; 2037=Simazine; 2039=Di(2-ethylhexyl) phthalate; 2040=Picloram; 2041=Dinoseb; 2042=Hexachlorocyclopentadiene; 2046=Carbofuran; 2050=Atrazine; 2051=LASSO; 2063=2,3,7,8-TCDD; 2065=Heptachlor; 2067=Heptachlor epoxide; 2105=2,4-D; 2110=2,4,5-TP; 2274=HEXACHLOROBENZENE; 2306=Benzo(a)pyrene; 2326=Pentachlorophenol; 2378=1,2,4-Trichlorobenzene; 2380=cis-1,2-Dichloroethylene; 2383=Total Polychlorinated Biphenyls (PCB); 2931=1,2-DIBROMO-3-CHLOROPROPANE; 2946=ETHYLENE DIBROMIDE; 2955=Xylenes, Total; 2959=Chlordane; 2964=DICHLOROMETHANE; 2968=o-Dichlorobenzene; 2969=p-Dichlorobenzene; 2976=Vinyl chloride; 2977=1,1-Dichloroethylene; 2979=trans-1,2-Dichloroethylene; 2980=1,2-Dichloroethane; 2981=1,1,1-Trichloroethane; 2982=Carbon tetrachloride; 2983=1,2-Dichloropropane; 2984=Trichloroethylene; 2985=1,1,2-Trichloroethane; 2987=Tetrachloroethylene; 2989=CHLOROBENZENE; 2990=Benzene; 2991=Toluene; 2992=Ethylbenzene; 2996=Styrene; 4000=Gross Alpha, Excl. Radon and U; 4006=Combined Uranium; 4010=Combined Radium (-226 and -228); 5000=Lead and Copper Rule; 7000=Consumer Confidence Rule; 8000=Revised Total Coliform Rule",06/07/2012,0,No,,08/06/2010,
09,Serious Violator,,09/27/1989,,https://echo.epa.gov/detailed-facility-report?sys=SDWIS&fid=AS9721040,Surface water,"0200=Surface Water Treatment Rule; 1005=Arsenic; 1010=Barium; 1015=Cadmium; 1020=Chromium; 1024=CYANIDE; 1025=Fluoride; 1035=Mercury; 1040=Nitrate; 1041=Nitrite; 1045=Selenium; 1074=Antimony, Total; 1075=Beryllium, Total; 1085=Thallium, Total; 2005=Endrin; 2010=BHC-GAMMA; 2015=Methoxychlor; 2020=Toxaphene; 2031=Dalapon; 2032=Diquat; 2033=Endothall; 2034=Glyphosate; 2035=Di(2-ethylhexyl) adipate; 2036=OXAMYL; 2037=Simazine; 2039=Di(2-ethylhexyl) phthalate; 2040=Picloram; 2041=Dinoseb; 2042=Hexachlorocyclopentadiene; 2046=Carbofuran; 2050=Atrazine; 2051=LASSO; 2063=2,3,7,8-TCDD; 2065=Heptachlor; 2067=Heptachlor epoxide; 2105=2,4-D; 2110=2,4,5-TP; 2274=HEXACHLOROBENZENE; 2306=Benzo(a)pyrene; 2326=Pentachlorophenol; 2378=1,2,4-Trichlorobenzene; 2380=cis-1,2-Dichloroethylene; 2383=Total Polychlorinated Biphenyls (PCB); 2931=1,2-DIBROMO-3-CHLOROPROPANE; 2946=ETHYLENE DIBROMIDE; 2955=Xylenes, Total; 2959=Chlordane; 2964=DICHLOROMETHANE; 2968=o-Dichlorobenzene; 2969=p-Dichlorobenzene; 2976=Vinyl chloride; 2977=1,1-Dichloroethylene; 2979=trans-1,2-Dichloroethylene; 2980=1,2-Dichloroethane; 2981=1,1,1-Trichloroethane; 2982=Carbon tetrachloride; 2983=1,2-Dichloropropane; 2984=Trichloroethylene; 2985=1,1,2-Trichloroethane; 2987=Tetrachloroethylene; 2989=CHLOROBENZENE; 2990=Benzene; 2991=Toluene; 2992=Ethylbenzene; 2996=Styrene; 3100=Coliform (TCR); 4000=Gross Alpha, Excl. Radon and U; 4006=Combined Uranium; 4010=Combined Radium (-226 and -228); 5000=Lead and Copper Rule; 7000=Consumer Confidence Rule; 7500=Public Notice; 8000=Revised Total Coliform Rule",,CWS,,,0,,AS,06/07/2012,SW,N,,,60,,263,236,1,12,1,12,Community water system,,27,Fagamalo,,,,,55,,Yes,"0200=Surface Water Treatment Rule; 1005=Arsenic; 1010=Barium; 1015=Cadmium; 1020=Chromium; 1024=CYANIDE; 1025=Fluoride; 1035=Mercury; 1040=Nitrate; 1045=Selenium; 1074=Antimony, Total; 1075=Beryllium, Total; 1085=Thallium, Total; 2005=Endrin; 2010=BHC-GAMMA; 2015=Methoxychlor; 2020=Toxaphene; 2031=Dalapon; 2032=Diquat; 2033=Endothall; 2034=Glyphosate; 2035=Di(2-ethylhexyl) adipate; 2036=OXAMYL; 2037=Simazine; 2039=Di(2-ethylhexyl) phthalate; 2040=Picloram; 2041=Dinoseb; 2042=Hexachlorocyclopentadiene; 2046=Carbofuran; 2050=Atrazine; 2051=LASSO; 2063=2,3,7,8-TCDD; 2065=Heptachlor; 2067=Heptachlor epoxide; 2105=2,4-D; 2110=2,4,5-TP; 2274=HEXACHLOROBENZENE; 2306=Benzo(a)pyrene; 2326=Pentachlorophenol; 2378=1,2,4-Trichlorobenzene; 2380=cis-1,2-Dichloroethylene; 2383=Total Polychlorinated Biphenyls (PCB); 2931=1,2-DIBROMO-3-CHLOROPROPANE; 2946=ETHYLENE DIBROMIDE; 2955=Xylenes, Total; 2959=Chlordane; 2964=DICHLOROMETHANE; 2968=o-Dichlorobenzene; 2969=p-Dichlorobenzene; 2976=Vinyl chloride; 2977=1,1-Dichloroethylene; 2979=trans-1,2-Dichloroethylene; 2980=1,2-Dichloroethane; 2981=1,1,1-Trichloroethane; 2982=Carbon tetrachloride; 2983=1,2-Dichloropropane; 2984=Trichloroethylene; 2985=1,1,2-Trichloroethane; 2987=Tetrachloroethylene; 2989=CHLOROBENZENE; 2990=Benzene; 2991=Toluene; 2992=Ethylbenzene; 2996=Styrene; 3100=Coliform (TCR); 4000=Gross Alpha, Excl. Radon and U; 4006=Combined Uranium; 4010=Combined Radium (-226 and -228); 5000=Lead and Copper Rule; 7000=Consumer Confidence Rule; 7500=Public Notice; 8000=Revised Total Coliform Rule",Local government,,09/27/1989,L,AS9721040,Active,Yes,Fagamalo Village Water System,Yes,0,SSSSSSSSSSSSV,SW,0,12,12,A,0,1,,,Yes,0,No,1,110013255850,"0200=Surface Water Treatment Rule; 1005=Arsenic; 1010=Barium; 1015=Cadmium; 1020=Chromium; 1024=CYANIDE; 1025=Fluoride; 1035=Mercury; 1040=Nitrate; 1045=Selenium; 1074=Antimony, Total; 1075=Beryllium, Total; 1085=Thallium, Total; 2005=Endrin; 2010=BHC-GAMMA; 2015=Methoxychlor; 2020=Toxaphene; 2031=Dalapon; 2032=Diquat; 2033=Endothall; 2034=Glyphosate; 2035=Di(2-ethylhexyl) adipate; 2036=OXAMYL; 2037=Simazine; 2039=Di(2-ethylhexyl) phthalate; 2040=Picloram; 2041=Dinoseb; 2042=Hexachlorocyclopentadiene; 2046=Carbofuran; 2050=Atrazine; 2051=LASSO; 2063=2,3,7,8-TCDD; 2065=Heptachlor; 2067=Heptachlor epoxide; 2105=2,4-D; 2110=2,4,5-TP; 2274=HEXACHLOROBENZENE; 2306=Benzo(a)pyrene; 2326=Pentachlorophenol; 2378=1,2,4-Trichlorobenzene; 2380=cis-1,2-Dichloroethylene; 2383=Total Polychlorinated Biphenyls (PCB); 2931=1,2-DIBROMO-3-CHLOROPROPANE; 2946=ETHYLENE DIBROMIDE; 2955=Xylenes, Total; 2959=Chlordane; 2964=DICHLOROMETHANE; 2968=o-Dichlorobenzene; 2969=p-Dichlorobenzene; 2976=Vinyl chloride; 2977=1,1-Dichloroethylene; 2979=trans-1,2-Dichloroethylene; 2980=1,2-Dichloroethane; 2981=1,1,1-Trichloroethane; 2982=Carbon tetrachloride; 2983=1,2-Dichloropropane; 2984=Trichloroethylene; 2985=1,1,2-Trichloroethane; 2987=Tetrachloroethylene; 2989=CHLOROBENZENE; 2990=Benzene; 2991=Toluene; 2992=Ethylbenzene; 2996=Styrene; 4000=Gross Alpha, Excl. Radon and U; 4006=Combined Uranium; 4010=Combined Radium (-226 and -228); 5000=Lead and Copper Rule; 7000=Consumer Confidence Rule; 7500=Public Notice; 8000=Revised Total Coliform Rule",06/07/2012,0,Yes,,08/05/2010,
09,Serious Violator,,,,https://echo.epa.gov/detailed-facility-report?sys=SDWIS&fid=AS9711110,Surface water,"0200=Surface Water Treatment Rule; 1005=Arsenic; 1010=Barium; 1015=Cadmium; 1020=Chromium; 1024=CYANIDE; 1025=Fluoride; 1035=Mercury; 1040=Nitrate; 1041=Nitrite; 1045=Selenium; 1074=Antimony, Total; 1075=Beryllium, Total; 1085=Thallium, Total; 2005=Endrin; 2010=BHC-GAMMA; 2015=Methoxychlor; 2020=Toxaphene; 2031=Dalapon; 2032=Diquat; 2033=Endothall; 2034=Glyphosate; 2035=Di(2-ethylhexyl) adipate; 2036=OXAMYL; 2037=Simazine; 2039=Di(2-ethylhexyl) phthalate; 2040=Picloram; 2041=Dinoseb; 2042=Hexachlorocyclopentadiene; 2046=Carbofuran; 2050=Atrazine; 2051=LASSO; 2063=2,3,7,8-TCDD; 2065=Heptachlor; 2067=Heptachlor epoxide; 2105=2,4-D; 2110=2,4,5-TP; 2274=HEXACHLOROBENZENE; 2306=Benzo(a)pyrene; 2326=Pentachlorophenol; 2378=1,2,4-Trichlorobenzene; 2380=cis-1,2-Dichloroethylene; 2383=Total Polychlorinated Biphenyls (PCB); 2931=1,2-DIBROMO-3-CHLOROPROPANE; 2946=ETHYLENE DIBROMIDE; 2955=Xylenes, Total; 2959=Chlordane; 2964=DICHLOROMETHANE; 2968=o-Dichlorobenzene; 2969=p-Dichlorobenzene; 2976=Vinyl chloride; 2977=1,1-Dichloroethylene; 2979=trans-1,2-Dichloroethylene; 2980=1,2-Dichloroethane; 2981=1,1,1-Trichloroethane; 2982=Carbon tetrachloride; 2983=1,2-Dichloropropane; 2984=Trichloroethylene; 2985=1,1,2-Trichloroethane; 2987=Tetrachloroethylene; 2989=CHLOROBENZENE; 2990=Benzene; 2991=Toluene; 2992=Ethylbenzene; 2996=Styrene; 3100=Coliform (TCR); 4000=Gross Alpha, Excl. Radon and U; 4006=Combined Uranium; 4010=Combined Radium (-226 and -228); 5000=Lead and Copper Rule; 7000=Consumer Confidence Rule; 8000=Revised Total Coliform Rule",,CWS,,,0,,AS,,SW,N,,,60,,220,198,1,12,1,10,Community water system,,,Fagasa (Upper),,,,,49,,Yes,"1005=Arsenic; 1010=Barium; 1015=Cadmium; 1020=Chromium; 1024=CYANIDE; 1025=Fluoride; 1035=Mercury; 1040=Nitrate; 1045=Selenium; 1074=Antimony, Total; 1075=Beryllium, Total; 1085=Thallium, Total; 2005=Endrin; 2010=BHC-GAMMA; 2015=Methoxychlor; 2020=Toxaphene; 2031=Dalapon; 2032=Diquat; 2033=Endothall; 2034=Glyphosate; 2035=Di(2-ethylhexyl) adipate; 2036=OXAMYL; 2037=Simazine; 2039=Di(2-ethylhexyl) phthalate; 2040=Picloram; 2041=Dinoseb; 2042=Hexachlorocyclopentadiene; 2046=Carbofuran; 2050=Atrazine; 2051=LASSO; 2063=2,3,7,8-TCDD; 2065=Heptachlor; 2067=Heptachlor epoxide; 2105=2,4-D; 2110=2,4,5-TP; 2274=HEXACHLOROBENZENE; 2306=Benzo(a)pyrene; 2326=Pentachlorophenol; 2378=1,2,4-Trichlorobenzene; 2380=cis-1,2-Dichloroethylene; 2383=Total Polychlorinated Biphenyls (PCB); 2931=1,2-DIBROMO-3-CHLOROPROPANE; 2946=ETHYLENE DIBROMIDE; 2955=Xylenes, Total; 2959=Chlordane; 2964=DICHLOROMETHANE; 2968=o-Dichlorobenzene; 2969=p-Dichlorobenzene; 2976=Vinyl chloride; 2977=1,1-Dichloroethylene; 2979=trans-1,2-Dichloroethylene; 2980=1,2-Dichloroethane; 2981=1,1,1-Trichloroethane; 2982=Carbon tetrachloride; 2983=1,2-Dichloropropane; 2984=Trichloroethylene; 2985=1,1,2-Trichloroethane; 2987=Tetrachloroethylene; 2989=CHLOROBENZENE; 2990=Benzene; 2991=Toluene; 2992=Ethylbenzene; 2996=Styrene; 3100=Coliform (TCR); 4000=Gross Alpha, Excl. Radon and U; 4006=Combined Uranium; 4010=Combined Radium (-226 and -228); 5000=Lead and Copper Rule; 7000=Consumer Confidence Rule; 8000=Revised Total Coliform Rule",Local government,,,L,AS9711110,Active,No,Fagasa (Upper) Village Water System,Yes,0,SSSSSSSSSSSSV,SW,0,11,12,A,0,1,22,,Yes,0,No,1,110048428643,"1040=Nitrate; 2005=Endrin; 2010=BHC-GAMMA; 2015=Methoxychlor; 2020=Toxaphene; 2031=Dalapon; 2032=Diquat; 2033=Endothall; 2034=Glyphosate; 2035=Di(2-ethylhexyl) adipate; 2036=OXAMYL; 2037=Simazine; 2039=Di(2-ethylhexyl) phthalate; 2040=Picloram; 2041=Dinoseb; 2042=Hexachlorocyclopentadiene; 2046=Carbofuran; 2050=Atrazine; 2051=LASSO; 2063=2,3,7,8-TCDD; 2065=Heptachlor; 2067=Heptachlor epoxide; 2105=2,4-D; 2110=2,4,5-TP; 2274=HEXACHLOROBENZENE; 2306=Benzo(a)pyrene; 2326=Pentachlorophenol; 2378=1,2,4-Trichlorobenzene; 2380=cis-1,2-Dichloroethylene; 2383=Total Polychlorinated Biphenyls (PCB); 2931=1,2-DIBROMO-3-CHLOROPROPANE; 2946=ETHYLENE DIBROMIDE; 2955=Xylenes, Total; 2959=Chlordane; 2964=DICHLOROMETHANE; 2968=o-Dichlorobenzene; 2969=p-Dichlorobenzene; 2976=Vinyl chloride; 2977=1,1-Dichloroethylene; 2979=trans-1,2-Dichloroethylene; 2980=1,2-Dichloroethane; 2981=1,1,1-Trichloroethane; 2982=Carbon tetrachloride; 2983=1,2-Dichloropropane; 2984=Trichloroethylene; 2985=1,1,2-Trichloroethane; 2987=Tetrachloroethylene; 2989=CHLOROBENZENE; 2990=Benzene; 2991=Toluene; 2992=Ethylbenzene; 2996=Styrene; 4000=Gross Alpha, Excl. Radon and U; 4006=Combined Uranium; 4010=Combined Radium (-226 and -228); 5000=Lead and Copper Rule; 7000=Consumer Confidence Rule; 8000=Revised Total Coliform Rule",,0,No,,,
09,In Violation,,,,https://echo.epa.gov/detailed-facility-report?sys=SDWIS&fid=AS9711356,Ground water,1040=Nitrate; 2456=Total Haloacetic Acids (HAA5); 2950=TTHM; 3100=Coliform (TCR); 4010=Combined Radium (-226 and -228); 4100=Gross Beta Particle Activity,11/16/2016,CWS,,,0,,AS,,GW,N,,,60,,11,8,1,12,1,2,Community water system,,,Fagasa,1,,,,831,,Yes,1040=Nitrate; 2456=Total Haloacetic Acids (HAA5); 2950=TTHM,State government,,,S,AS9711356,Active,No,Fagasa ASG,No,1,SSSSVVVVVVVVV,GW,0,4,4,A,0,1,3,,No,0,No,0,110013024020,,,1,No,,11/16/2016,1
09,No Violation,,,,https://echo.epa.gov/detailed-facility-report?sys=SDWIS&fid=AS9900163,Surface water purchased,,,TNCWS,,,0,,AS,,SW,N,,,60,,0,0,1,0,0,0,Transient non-community system,,,,,,,,25,,No,,Private,,,P,AS9900163,Active,No,Faleniu Store,No,0,_____________,SWP,0,0,0,A,0,0,,,No,0,No,0,AS9900163,,,0,No,,,
09,No Violation,,,,https://echo.epa.gov/detailed-facility-report?sys=SDWIS&fid=AS9900109,Surface water purchased,,,TNCWS,,,0,,AS,,SW,N,,,60,,0,0,1,0,0,0,Transient non-community system,,,Family Mart - Nuuuli,,,,,25,,No,,Private,,,P,AS9900109,Active,No,Family Mart - Nuuuli,No,0,_____________,SWP,0,0,0,A,0,0,,,No,0,No,0,110063339757,,,0,No,,,
09,Serious Violator,,,3,https://echo.epa.gov/detailed-facility-report?sys=SDWIS&fid=AS9630145,Ground water,"1040=Nitrate; 2005=Endrin; 2010=BHC-GAMMA; 2015=Methoxychlor; 2020=Toxaphene; 2031=Dalapon; 2032=Diquat; 2033=Endothall; 2034=Glyphosate; 2035=Di(2-ethylhexyl) adipate; 2036=OXAMYL; 2037=Simazine; 2039=Di(2-ethylhexyl) phthalate; 2040=Picloram; 2041=Dinoseb; 2042=Hexachlorocyclopentadiene; 2046=Carbofuran; 2050=Atrazine; 2051=LASSO; 2063=2,3,7,8-TCDD; 2065=Heptachlor; 2067=Heptachlor epoxide; 2105=2,4-D; 2110=2,4,5-TP; 2274=HEXACHLOROBENZENE; 2306=Benzo(a)pyrene; 2326=Pentachlorophenol; 2378=1,2,4-Trichlorobenzene; 2380=cis-1,2-Dichloroethylene; 2383=Total Polychlorinated Biphenyls (PCB); 2931=1,2-DIBROMO-3-CHLOROPROPANE; 2946=ETHYLENE DIBROMIDE; 2955=Xylenes, Total; 2959=Chlordane; 2964=DICHLOROMETHANE; 2968=o-Dichlorobenzene; 2969=p-Dichlorobenzene; 2976=Vinyl chloride; 2977=1,1-Dichloroethylene; 2979=trans-1,2-Dichloroethylene; 2980=1,2-Dichloroethane; 2981=1,1,1-Trichloroethane; 2982=Carbon tetrachloride; 2983=1,2-Dichloropropane; 2984=Trichloroethylene; 2985=1,1,2-Trichloroethane; 2987=Tetrachloroethylene; 2989=CHLOROBENZENE; 2990=Benzene; 2991=Toluene; 2992=Ethylbenzene; 2996=Styrene; 3100=Coliform (TCR); 4010=Combined Radium (-226 and -228); 4100=Gross Beta Particle Activity; 5000=Lead and Copper Rule; 8000=Revised Total Coliform Rule",06/12/2017,CWS,,,0,,AS,02/22/2012,GW,N,,,60,,10,7,1,12,1,3,Community water system,,,Fitiuta,2,,,4,358,,Yes,1040=Nitrate; 5000=Lead and Copper Rule; 8000=Revised Total Coliform Rule,State government,4,,S,AS9630145,Active,No,Fitiuta ASG,Yes,2,VVVVVVVSSSSSV,GW,0,3,5,A,0,1,3,,No,0,No,1,110013023405,5000=Lead and Copper Rule,02/22/2012,1,No,,06/12/2017,2
09,No Violation,,,,https://echo.epa.gov/detailed-facility-report?sys=SDWIS&fid=AS9900159,Surface water purchased,,,TNCWS,,,0,,AS,,SW,N,,,60,,0,0,1,0,0,0,Transient non-community system,,,Iliili,,,,,25,,No,,Private,,,P,AS9900159,Active,No,Golf Course's Corner (GCC),No,0,_____________,SWP,0,0,0,A,0,0,,,No,0,No,0,AS9900159,,,0,No,,,
09,No Violation,,,,https://echo.epa.gov/detailed-facility-report?sys=SDWIS&fid=AS9900067,Surface water purchased,,,TNCWS,,,0,,AS,,SW,N,,,60,,0,0,1,3,1,0,Transient non-community system,,,HQH Store - Ottoville,,,,,25,,No,,Private,,,P,AS9900067,Active,No,HQH Store - Ottoville,No,0,_______SSS___,SWP,0,0,3,A,0,0,,,No,0,No,0,110063333334,,,0,No,,,
09,No Violation,,,,https://echo.epa.gov/detailed-facility-report?sys=SDWIS&fid=AS9900143,Surface water purchased,,,TNCWS,,,0,,AS,,SW,N,,,60,,0,0,1,0,0,0,Transient non-community system,,,Nuuuli,,,,,25,,No,,Private,,,P,AS9900143,Active,No,Happy Mart ( R ) - Nuuuli,No,0,_____________,SWP,0,0,0,A,0,0,,,No,0,No,0,AS9900143,,,0,No,,,
09,No Violation,,,,https://echo.epa.gov/detailed-facility-report?sys=SDWIS&fid=AS9900144,Surface water purchased,,,TNCWS,,,0,,AS,,SW,N,,,60,,0,0,1,0,0,0,Transient non-community system,,,Nuuuli,,,,,25,,No,,Private,,,P,AS9900144,Active,No,Happy Mart (L) - Nuuuli,No,0,_____________,SWP,0,0,0,A,0,0,,,No,0,No,0,AS9900144,,,0,No,,,
09,No Violation,,,,https://echo.epa.gov/detailed-facility-report?sys=SDWIS&fid=AS9900162,Surface water purchased,,,TNCWS,,,0,,AS,,SW,N,,,60,,0,0,1,0,0,0,Transient non-community system,,,,,,,,25,,No,,Private,,,P,AS9900162,Active,No,Huang Mart,No,0,_____________,SWP,0,0,0,A,0,0,,,No,0,No,0,AS9900162,,,0,No,,,
09,No Violation,,,,https://echo.epa.gov/detailed-facility-report?sys=SDWIS&fid=AS9900043,Surface water purchased,,,TNCWS,,,0,,AS,,SW,N,,,60,,0,0,1,0,0,0,Transient non-community system,,,J & B Store - Iliili,,,,,25,,No,,Private,,,P,AS9900043,Active,No,J & B Store - Iliili,No,0,_____________,SWP,0,0,0,A,0,0,,,No,0,No,0,110063351466,,,0,No,,,
09,No Violation,,,,https://echo.epa.gov/detailed-facility-report?sys=SDWIS&fid=AS9900126,Surface water purchased,,,TNCWS,,,0,,AS,,SW,N,,,60,,0,0,1,0,0,0,Transient non-community system,,,J & K Laundromat,,,,,25,,No,,Private,,,P,AS9900126,Active,No,J K Laundromat - Malaeimi,No,0,_____________,SWP,0,0,0,A,0,0,,,No,0,No,0,110067275246,,,0,No,,,
09,No Violation,,,,https://echo.epa.gov/detailed-facility-report?sys=SDWIS&fid=AS9900148,Surface water purchased,,,TNCWS,,,0,,AS,,SW,N,,,60,,0,0,1,0,0,0,Transient non-community system,,,Kokoland,,,,,25,,No,,Private,,,P,AS9900148,Active,No,J.C.S (Janice Cold Store) - Kokoland,No,0,_____________,SWP,0,0,0,A,0,0,,,No,0,No,0,AS9900148,,,0,No,,,
09,No Violation,,,,https://echo.epa.gov/detailed-facility-report?sys=SDWIS&fid=AS9900160,Surface water purchased,,,TNCWS,,,0,,AS,,SW,N,,,60,,0,0,1,0,0,0,Transient non-community system,,,Jimmy Mart - Petesa,,,,,25,,No,,Private,,,P,AS9900160,Active,No,Jimmy Mart - Petesa,No,0,_____________,SWP,0,0,0,A,0,0,,,No,0,No,0,AS9900160,,,0,No,,,
09,No Violation,,,,https://echo.epa.gov/detailed-facility-report?sys=SDWIS&fid=AS9900165,Surface water purchased,,,TNCWS,,,0,,AS,,SW,N,,,60,,0,0,1,0,0,0,Transient non-community system,,,,,,,,25,,No,,Private,,,P,AS9900165,Active,No,Julia Mart - Mapusaga,No,0,_____________,SWP,0,0,0,A,0,0,,,No,0,No,0,AS9900165,,,0,No,,,
09,No Violation,,,,https://echo.epa.gov/detailed-facility-report?sys=SDWIS&fid=AS9900018,Surface water purchased,,,TNCWS,,,0,,AS,,SW,N,,,60,,0,0,1,0,0,0,Transient non-community system,,,,,,,,25,,No,,Private,,,P,AS9900018,Active,No,KF Merchandise Inc ( L ) - Nuuuli,No,0,_____________,SWP,0,0,0,A,0,0,,,No,0,No,0,110063356568,,,0,No,,,
09,No Violation,,,,https://echo.epa.gov/detailed-facility-report?sys=SDWIS&fid=AS9900155,Surface water purchased,,,TNCWS,,,0,,AS,,SW,N,,,60,,0,0,1,0,0,0,Transient non-community system,,,Nuuuli,,,,,25,,No,,Private,,,P,AS9900155,Active,No,KF Merchandise Inc ( R ) - Nuuuli,No,0,_____________,SWP,0,0,0,A,0,0,,,No,0,No,0,AS9900155,,,0,No,,,
09,No Violation,,,,https://echo.epa.gov/detailed-facility-report?sys=SDWIS&fid=AS9900031,Surface water purchased,,,TNCWS,,,0,,AS,,SW,N,,,60,,0,0,1,0,0,0,Transient non-community system,,,KM Mart - Petesa,,,,,25,,No,,Private,,,P,AS9900031,Active,No,KM Mart - Petesa,No,0,_____________,SWP,0,0,0,A,0,0,,,No,0,No,0,110063332479,,,0,No,,,
09,No Violation,,,,https://echo.epa.gov/detailed-facility-report?sys=SDWIS&fid=AS9900154,Surface water purchased,,,TNCWS,,,0,,AS,,SW,N,,,60,,0,0,1,0,0,0,Transient non-community system,,,KS Mart - Tafuna,,,,,25,,No,,Private,,,P,AS9900154,Active,No,KS Mart - Tafuna,No,0,_____________,SWP,0,0,0,A,0,0,,,No,0,No,0,AS9900154,,,0,No,,,
09,No Violation,,,,https://echo.epa.gov/detailed-facility-report?sys=SDWIS&fid=AS9900039,Surface water purchased,,,TNCWS,,,0,,AS,,SW,N,,,60,,0,0,1,6,1,0,Transient non-community system,,,Kristohphers Store,,,,,25,,No,,Private,,,P,AS9900039,Active,No,Kristohphers Store 2 - Tafuna,No,0,____SSSSSS___,SWP,0,0,6,A,0,0,,,No,0,No,0,110063335886,,,0,No,,,
09,No Violation,,,,https://echo.epa.gov/detailed-facility-report?sys=SDWIS&fid=AS9900052,Surface water purchased,,,TNCWS,,,0,,AS,,SW,N,,,60,,0,0,1,0,0,0,Transient non-community system,,,Kristophers Store - Leone,,,,,25,,No,,Private,,,P,AS9900052,Active,No,Kristophers Store - Leone,No,0,_____________,SWP,0,0,0,A,0,0,,,No,0,No,0,110063356522,,,0,No,,,
09,No Violation,,,,https://echo.epa.gov/detailed-facility-report?sys=SDWIS&fid=AS9900102,Surface water purchased,,,TNCWS,,,0,,AS,,SW,N,,,60,,0,0,1,0,0,0,Transient non-community system,,,Kristophers Store (L) - Tafuna,,,,,25,,No,,Private,,,P,AS9900102,Active,No,Kristophers Store 1 - Tafuna,No,0,_____________,SWP,0,0,0,A,0,0,,,No,0,No,0,110063335895,,,0,No,,,
09,No Violation,,,,https://echo.epa.gov/detailed-facility-report?sys=SDWIS&fid=AS9900127,Surface water purchased,,,TNCWS,,,0,,AS,,SW,N,,,60,,0,0,1,0,0,0,Transient non-community system,,,Gold Conda 2 (L),,,,,25,,No,,Private,,,P,AS9900127,Active,No,Kui Inc (L) - Fagaima,No,0,_____________,SWP,0,0,0,A,0,0,,,No,0,No,0,110067305909,,,0,No,,,
09,No Violation,,,,https://echo.epa.gov/detailed-facility-report?sys=SDWIS&fid=AS9900135,Surface water purchased,,,TNCWS,,,0,,AS,,SW,N,,,60,,0,0,1,0,0,0,Transient non-community system,,,Amouli,,,,,25,,No,,Private,,,P,AS9900135,Active,No,LKK - Amouli,No,0,_____________,SWP,0,0,0,A,0,0,,,No,0,No,0,110069305852,,,0,No,,,
09,No Violation,,,,https://echo.epa.gov/detailed-facility-report?sys=SDWIS&fid=AS9900150,Surface water purchased,,,TNCWS,,,0,,AS,,SW,N,,,60,,0,0,1,0,0,0,Transient non-community system,,,LT II Store - Fagatogo,,,,,25,,No,,Private,,,P,AS9900150,Active,No,LT II Store - Fagatogo,No,0,_____________,SWP,0,0,0,A,0,0,,,No,0,No,0,AS9900150,,,0,No,,,
09,No Violation,,,,https://echo.epa.gov/detailed-facility-report?sys=SDWIS&fid=AS9900068,Surface water purchased,,,TNCWS,,,0,,AS,,SW,N,,,60,,0,0,1,0,0,0,Transient non-community system,,,LT Store - Fogagogo,,,,,25,,No,,Private,,,P,AS9900068,Active,No,LT Store - Fogagogo,No,0,_____________,SWP,0,0,0,A,0,0,,,No,0,No,0,110063333325,,,0,No,,,
09,No Violation,,,1,https://echo.epa.gov/detailed-facility-report?sys=SDWIS&fid=AS9900008,Surface water purchased,,03/11/2016,TNCWS,,,0,,AS,,SW,N,,,60,,0,0,1,0,0,0,Transient non-community system,,,LYC Inc  II - Leloaloa,1,,,,25,,No,,Private,,,P,AS9900008,Active,No,LYC Inc  II (L) - Leloaloa,No,1,_____________,SWP,0,0,0,A,0,0,,,No,0,No,0,110063351340,,,1,No,,03/11/2016,1
09,No Violation,,,,https://echo.epa.gov/detailed-facility-report?sys=SDWIS&fid=AS9900061,Surface water purchased,,,TNCWS,,,0,,AS,,SW,N,,,60,,0,0,1,0,0,0,Transient non-community system,,,LYC Inc - Malaeimi,,,,,25,,No,,Private,,,P,AS9900061,Active,No,LYC Inc - Malaeimi,No,0,_____________,SWP,0,0,0,A,0,0,,,No,0,No,0,110063351448,,,0,No,,,
09,No Violation,,,,https://echo.epa.gov/detailed-facility-report?sys=SDWIS&fid=AS9900140,Surface water purchased,,,TNCWS,,,0,,AS,,SW,N,,,60,,0,0,1,0,0,0,Transient non-community system,,,LYC Inc II ( R ) - Leloaloa,,,,,25,,No,,Private,,,P,AS9900140,Active,No,LYC Inc II ( R ) - Leloaloa,No,0,_____________,SWP,0,0,0,A,0,0,,,No,0,No,0,AS9900140,,,0,No,,,
09,No Violation,,,,https://echo.epa.gov/detailed-facility-report?sys=SDWIS&fid=AS9900139,Surface water purchased,,,TNCWS,,,0,,AS,,SW,N,,,60,,0,0,1,2,1,0,Transient non-community system,,,Taputimu,,,,,25,,No,,Private,,,P,AS9900139,Active,No,LYJ Mart 1 - Taputimu,No,0,_______SS____,SWP,0,0,2,A,0,0,,,No,0,No,0,AS9900139,,,0,No,,,
09,No Violation,,,,https://echo.epa.gov/detailed-facility-report?sys=SDWIS&fid=AS9900138,Surface water purchased,,,TNCWS,,,0,,AS,,SW,N,,,60,,0,0,1,0,0,0,Transient non-community system,,,Taputimu,,,,,25,,No,,Private,,,P,AS9900138,Active,No,LYJ Mart 2 - Taputimu,No,0,_____________,SWP,0,0,0,A,0,0,,,No,0,No,0,AS9900138,,,0,No,,,
09,No Violation,,,,https://echo.epa.gov/detailed-facility-report?sys=SDWIS&fid=AS9900092,Surface water purchased,,,TNCWS,,,0,,AS,,SW,N,,,60,,0,0,1,0,0,0,Transient non-community system,,,Lin Mart,,,,,25,,No,,Private,,,P,AS9900092,Active,No,L_J Store - Fagaima,No,0,_____________,SWP,0,0,0,A,0,0,,,No,0,No,0,110063332497,,,0,No,,,
09,No Violation,,,,https://echo.epa.gov/detailed-facility-report?sys=SDWIS&fid=AS9900085,Surface water purchased,,,TNCWS,,,0,,AS,,SW,N,,,60,,0,0,1,0,0,0,Transient non-community system,,,Le Fonuea Store - Nuuuli,,,,,25,,No,,Private,,,P,AS9900085,Active,No,Le Fonuea Store - Nuuuli,No,0,_____________,SWP,0,0,0,A,0,0,,,No,0,No,0,110063335074,,,0,No,,,
09,No Violation,,,,https://echo.epa.gov/detailed-facility-report?sys=SDWIS&fid=AS9900146,Surface water purchased,,,TNCWS,,,0,,AS,,SW,N,,,60,,0,0,1,0,0,0,Transient non-community system,,,Leone,,,,,25,,No,,Private,,,P,AS9900146,Active,No,Le Nasareta - Leone,No,0,_____________,SWP,0,0,0,A,0,0,,,No,0,No,0,AS9900146,,,0,No,,,
09,No Violation,,,,https://echo.epa.gov/detailed-facility-report?sys=SDWIS&fid=AS9900131,Surface water purchased,,02/04/2016,TNCWS,,,0,,AS,,SW,N,,,60,,0,0,1,0,0,0,Transient non-community system,,,Lee's Enterprise - Kokoland,2,,,,25,,No,,Private,,,P,AS9900131,Active,No,Lee's Enterprise - Kokoland,No,2,_____________,SWP,0,0,0,A,0,0,,,No,0,No,0,110067275273,,,1,No,,02/04/2016,2
09,No Violation,,,,https://echo.epa.gov/detailed-facility-report?sys=SDWIS&fid=AS9900064,Surface water purchased,,,TNCWS,,,0,,AS,,SW,N,,,60,,0,0,1,0,0,0,Transient non-community system,,,Leoneville - Leone,,,,,25,,No,,Private,,,P,AS9900064,Active,No,Leoneville - Leone,No,0,_____________,SWP,0,0,0,A,0,0,,,No,0,No,0,110063339711,,,0,No,,,
09,No Violation,,,,https://echo.epa.gov/detailed-facility-report?sys=SDWIS&fid=AS9900010,Surface water purchased,,,TNCWS,,,0,,AS,,SW,N,,,60,,0,0,1,0,0,0,Transient non-community system,,,Lin Mart - Pago,,,,,25,,No,,Private,,,P,AS9900010,Active,No,Lin Mart - Pago,No,0,_____________,SWP,0,0,0,A,0,0,,,No,0,No,0,110063362551,,,0,No,,,
09,No Violation,,,,https://echo.epa.gov/detailed-facility-report?sys=SDWIS&fid=AS9900079,Surface water purchased,,,TNCWS,,,0,,AS,,SW,N,,,60,,0,0,1,0,0,0,Transient non-community system,,,Linna Mart - Amanave,,,,,25,,No,,Private,,,P,AS9900079,Active,No,Linna Mart - Amanave,No,0,_____________,SWP,0,0,0,A,0,0,,,No,0,No,0,110063339720,,,0,No,,,
09,No Violation,,,,https://echo.epa.gov/detailed-facility-report?sys=SDWIS&fid=AS9900112,Surface water purchased,,,TNCWS,,,0,,AS,,SW,N,,,60,,0,0,1,6,1,0,Transient non-community system,,,Nuuuli,,,,,25,,No,,Private,,,P,AS9900112,Active,No,Lucky 7 - Nuuuli,No,0,____SSSSSS___,SWP,0,0,6,A,0,0,,,No,0,No,0,110063340610,,,0,No,,,
09,No Violation,,,,https://echo.epa.gov/detailed-facility-report?sys=SDWIS&fid=AS9900122,Surface water purchased,,,TNCWS,,,0,,AS,,SW,N,,,60,,0,0,1,0,0,0,Transient non-community system,,,Lucky 777 ( R ) - Nuuuli,,,,,25,,No,,Private,,,P,AS9900122,Active,No,Lucky 777 - Nuuuli,No,0,_____________,SWP,0,0,0,A,0,0,,,No,0,No,0,110064358644,,,0,No,,,
09,No Violation,,,,https://echo.epa.gov/detailed-facility-report?sys=SDWIS&fid=AS9900130,Surface water purchased,,,TNCWS,,,0,,AS,,SW,N,,,60,,0,0,1,0,0,0,Transient non-community system,,,P & F Mart - Iliili,,,,,25,,No,,Private,,,P,AS9900130,Active,No,Lucky Dragon - Malaeimi,No,0,_____________,SWP,0,0,0,A,0,0,,,No,0,No,0,110067275282,,,0,No,,,
09,No Violation,,,,https://echo.epa.gov/detailed-facility-report?sys=SDWIS&fid=AS9900164,Surface water purchased,,,TNCWS,,,0,,AS,,SW,N,,,60,,0,0,1,0,0,0,Transient non-community system,,,,,,,,25,,No,,Private,,,P,AS9900164,Active,No,Malaeimi Mart,No,0,_____________,SWP,0,0,0,A,0,0,,,No,0,No,0,AS9900164,,,0,No,,,
09,No Violation,,,,https://echo.epa.gov/detailed-facility-report?sys=SDWIS&fid=AS9900099,Surface water purchased,,,TNCWS,,,0,,AS,,SW,N,,,60,,0,0,1,0,0,0,Transient non-community system,,,Mapusaga Mini Mart - Mapusaga,,,,,25,,No,,Private,,,P,AS9900099,Active,No,Mapusaga Mini Mart - Mapusaga,No,0,_____________,SWP,0,0,0,A,0,0,,,No,0,No,0,110063336778,,,0,No,,,
09,Serious Violator,,,,https://echo.epa.gov/detailed-facility-report?sys=SDWIS&fid=AS9710855,Ground water,1040=Nitrate; 2456=Total Haloacetic Acids (HAA5); 2950=TTHM; 4010=Combined Radium (-226 and -228); 4100=Gross Beta Particle Activity; 5000=Lead and Copper Rule,11/12/2015,CWS,,,0,,AS,,GW,N,,,60,,10,9,1,12,1,3,Community water system,,,"Masefau, Masausi & Sailele",1,,,,664,,Yes,1040=Nitrate; 2456=Total Haloacetic Acids (HAA5); 2950=TTHM; 5000=Lead and Copper Rule,State government,,,S,AS9710855,Active,No,Masefau ASG,Yes,1,VVSSVVVSSSSSV,GW,0,4,7,A,0,1,1,,No,0,No,1,110013023940,5000=Lead and Copper Rule,,1,No,,11/12/2015,1
09,No Violation,,,,https://echo.epa.gov/detailed-facility-report?sys=SDWIS&fid=AS9900076,Surface water purchased,,,TNCWS,,,0,,AS,,SW,N,,,60,,0,0,1,0,0,0,Transient non-community system,,,Meng Store - Malaeloa,,,,,25,,No,,Private,,,P,AS9900076,Active,No,Meng Store - Malaeloa,No,0,_____________,SWP,0,0,0,A,0,0,,,No,0,No,0,110063339695,,,0,No,,,
09,No Violation,,,,https://echo.epa.gov/detailed-facility-report?sys=SDWIS&fid=AS9900016,Surface water purchased,,,TNCWS,,,0,,AS,,SW,N,,,60,,0,0,1,0,0,0,Transient non-community system,,,Nuuuli,,,,,25,,No,,Private,,,P,AS9900016,Active,No,Mu Store - Nuuuli,No,0,_____________,SWP,0,0,0,A,0,0,,,No,0,No,0,110063351304,,,0,No,,,
09,No Violation,,,,https://echo.epa.gov/detailed-facility-report?sys=SDWIS&fid=AS9900001,Surface water purchased,,,TNCWS,,,0,,AS,,SW,N,,,60,,0,0,1,0,0,0,Transient non-community system,,,Ocean Market - Auasi,,,,,25,,No,,Private,,,P,AS9900001,Active,No,Ocean Market - Auasi,No,0,_____________,SWP,0,0,0,A,0,0,,,No,0,No,0,110063336787,,,0,No,,,
09,Serious Violator,,,3,https://echo.epa.gov/detailed-facility-report?sys=SDWIS&fid=AS9430546,Ground water,"1005=Arsenic; 1010=Barium; 1015=Cadmium; 1020=Chromium; 1024=CYANIDE; 1025=Fluoride; 1035=Mercury; 1040=Nitrate; 1041=Nitrite; 1045=Selenium; 1074=Antimony, Total; 1075=Beryllium, Total; 1085=Thallium, Total; 2005=Endrin; 2010=BHC-GAMMA; 2015=Methoxychlor; 2020=Toxaphene; 2031=Dalapon; 2032=Diquat; 2033=Endothall; 2034=Glyphosate; 2035=Di(2-ethylhexyl) adipate; 2036=OXAMYL; 2037=Simazine; 2039=Di(2-ethylhexyl) phthalate; 2040=Picloram; 2041=Dinoseb; 2042=Hexachlorocyclopentadiene; 2046=Carbofuran; 2050=Atrazine; 2051=LASSO; 2063=2,3,7,8-TCDD; 2065=Heptachlor; 2067=Heptachlor epoxide; 2105=2,4-D; 2110=2,4,5-TP; 2274=HEXACHLOROBENZENE; 2306=Benzo(a)pyrene; 2326=Pentachlorophenol; 2378=1,2,4-Trichlorobenzene; 2380=cis-1,2-Dichloroethylene; 2383=Total Polychlorinated Biphenyls (PCB); 2456=Total Haloacetic Acids (HAA5); 2931=1,2-DIBROMO-3-CHLOROPROPANE; 2946=ETHYLENE DIBROMIDE; 2950=TTHM; 2955=Xylenes, Total; 2959=Chlordane; 2964=DICHLOROMETHANE; 2968=o-Dichlorobenzene; 2969=p-Dichlorobenzene; 2976=Vinyl chloride; 2977=1,1-Dichloroethylene; 2979=trans-1,2-Dichloroethylene; 2980=1,2-Dichloroethane; 2981=1,1,1-Trichloroethane; 2982=Carbon tetrachloride; 2983=1,2-Dichloropropane; 2984=Trichloroethylene; 2985=1,1,2-Trichloroethane; 2987=Tetrachloroethylene; 2989=CHLOROBENZENE; 2990=Benzene; 2991=Toluene; 2992=Ethylbenzene; 2996=Styrene; 3014=E. COLI; 3100=Coliform (TCR); 4000=Gross Alpha, Excl. Radon and U; 4006=Combined Uranium; 4010=Combined Radium (-226 and -228); 8000=Revised Total Coliform Rule",06/09/2017,CWS,,,0,,AS,11/07/2011,GW,N,,,60,,43,26,1,12,1,8,Community water system,,,Ofu - Olosega,2,,,10,465,,Yes,"1005=Arsenic; 1010=Barium; 1015=Cadmium; 1020=Chromium; 1024=CYANIDE; 1025=Fluoride; 1035=Mercury; 1045=Selenium; 1074=Antimony, Total; 1075=Beryllium, Total; 1085=Thallium, Total; 2005=Endrin; 2010=BHC-GAMMA; 2015=Methoxychlor; 2020=Toxaphene; 2031=Dalapon; 2032=Diquat; 2033=Endothall; 2034=Glyphosate; 2035=Di(2-ethylhexyl) adipate; 2036=OXAMYL; 2037=Simazine; 2039=Di(2-ethylhexyl) phthalate; 2040=Picloram; 2041=Dinoseb; 2042=Hexachlorocyclopentadiene; 2046=Carbofuran; 2050=Atrazine; 2051=LASSO; 2063=2,3,7,8-TCDD; 2065=Heptachlor; 2067=Heptachlor epoxide; 2105=2,4-D; 2110=2,4,5-TP; 2274=HEXACHLOROBENZENE; 2306=Benzo(a)pyrene; 2326=Pentachlorophenol; 2378=1,2,4-Trichlorobenzene; 2380=cis-1,2-Dichloroethylene; 2383=Total Polychlorinated Biphenyls (PCB); 2456=Total Haloacetic Acids (HAA5); 2931=1,2-DIBROMO-3-CHLOROPROPANE; 2946=ETHYLENE DIBROMIDE; 2950=TTHM; 2955=Xylenes, Total; 2959=Chlordane; 2964=DICHLOROMETHANE; 2968=o-Dichlorobenzene; 2969=p-Dichlorobenzene; 2976=Vinyl chloride; 2977=1,1-Dichloroethylene; 2979=trans-1,2-Dichloroethylene; 2980=1,2-Dichloroethane; 2981=1,1,1-Trichloroethane; 2982=Carbon tetrachloride; 2983=1,2-Dichloropropane; 2984=Trichloroethylene; 2985=1,1,2-Trichloroethane; 2987=Tetrachloroethylene; 2989=CHLOROBENZENE; 2990=Benzene; 2991=Toluene; 2992=Ethylbenzene; 2996=Styrene; 3014=E. COLI; 3100=Coliform (TCR); 4000=Gross Alpha, Excl. Radon and U; 4006=Combined Uranium; 4010=Combined Radium (-226 and -228); 8000=Revised Total Coliform Rule",State government,10,,S,AS9430546,Active,No,Ofu - Olosega ASG,Yes,2,SSSSSSSSSSSSV,GW,0,9,12,A,0,1,17,,No,0,No,1,110013023254,3014=E. COLI,11/07/2011,1,No,,06/09/2017,2
09,Serious Violator,,,,https://echo.epa.gov/detailed-facility-report?sys=SDWIS&fid=AS9710601,Surface water,"0200=Surface Water Treatment Rule; 1005=Arsenic; 1010=Barium; 1015=Cadmium; 1020=Chromium; 1024=CYANIDE; 1025=Fluoride; 1035=Mercury; 1040=Nitrate; 1041=Nitrite; 1045=Selenium; 1074=Antimony, Total; 1075=Beryllium, Total; 1085=Thallium, Total; 2005=Endrin; 2010=BHC-GAMMA; 2015=Methoxychlor; 2020=Toxaphene; 2031=Dalapon; 2032=Diquat; 2033=Endothall; 2034=Glyphosate; 2035=Di(2-ethylhexyl) adipate; 2036=OXAMYL; 2037=Simazine; 2039=Di(2-ethylhexyl) phthalate; 2040=Picloram; 2041=Dinoseb; 2042=Hexachlorocyclopentadiene; 2046=Carbofuran; 2050=Atrazine; 2051=LASSO; 2063=2,3,7,8-TCDD; 2065=Heptachlor; 2067=Heptachlor epoxide; 2105=2,4-D; 2110=2,4,5-TP; 2274=HEXACHLOROBENZENE; 2306=Benzo(a)pyrene; 2326=Pentachlorophenol; 2378=1,2,4-Trichlorobenzene; 2380=cis-1,2-Dichloroethylene; 2383=Total Polychlorinated Biphenyls (PCB); 2931=1,2-DIBROMO-3-CHLOROPROPANE; 2946=ETHYLENE DIBROMIDE; 2955=Xylenes, Total; 2959=Chlordane; 2964=DICHLOROMETHANE; 2968=o-Dichlorobenzene; 2969=p-Dichlorobenzene; 2976=Vinyl chloride; 2977=1,1-Dichloroethylene; 2979=trans-1,2-Dichloroethylene; 2980=1,2-Dichloroethane; 2981=1,1,1-Trichloroethane; 2982=Carbon tetrachloride; 2983=1,2-Dichloropropane; 2984=Trichloroethylene; 2985=1,1,2-Trichloroethane; 2987=Tetrachloroethylene; 2989=CHLOROBENZENE; 2990=Benzene; 2991=Toluene; 2992=Ethylbenzene; 2996=Styrene; 3100=Coliform (TCR); 4000=Gross Alpha, Excl. Radon and U; 4006=Combined Uranium; 4010=Combined Radium (-226 and -228); 5000=Lead and Copper Rule; 7000=Consumer Confidence Rule; 7500=Public Notice; 8000=Revised Total Coliform Rule",,CWS,,,0,,AS,06/07/2012,SW,N,,,60,,249,223,1,12,1,12,Community water system,,,Onenoa,,,,,60,,Yes,"0200=Surface Water Treatment Rule; 1005=Arsenic; 1010=Barium; 1015=Cadmium; 1020=Chromium; 1024=CYANIDE; 1025=Fluoride; 1035=Mercury; 1040=Nitrate; 1045=Selenium; 1074=Antimony, Total; 1075=Beryllium, Total; 1085=Thallium, Total; 2005=Endrin; 2010=BHC-GAMMA; 2015=Methoxychlor; 2020=Toxaphene; 2031=Dalapon; 2032=Diquat; 2033=Endothall; 2034=Glyphosate; 2035=Di(2-ethylhexyl) adipate; 2036=OXAMYL; 2037=Simazine; 2039=Di(2-ethylhexyl) phthalate; 2040=Picloram; 2041=Dinoseb; 2042=Hexachlorocyclopentadiene; 2046=Carbofuran; 2050=Atrazine; 2051=LASSO; 2063=2,3,7,8-TCDD; 2065=Heptachlor; 2067=Heptachlor epoxide; 2105=2,4-D; 2110=2,4,5-TP; 2274=HEXACHLOROBENZENE; 2306=Benzo(a)pyrene; 2326=Pentachlorophenol; 2378=1,2,4-Trichlorobenzene; 2380=cis-1,2-Dichloroethylene; 2383=Total Polychlorinated Biphenyls (PCB); 2931=1,2-DIBROMO-3-CHLOROPROPANE; 2946=ETHYLENE DIBROMIDE; 2955=Xylenes, Total; 2959=Chlordane; 2964=DICHLOROMETHANE; 2968=o-Dichlorobenzene; 2969=p-Dichlorobenzene; 2976=Vinyl chloride; 2977=1,1-Dichloroethylene; 2979=trans-1,2-Dichloroethylene; 2980=1,2-Dichloroethane; 2981=1,1,1-Trichloroethane; 2982=Carbon tetrachloride; 2983=1,2-Dichloropropane; 2984=Trichloroethylene; 2985=1,1,2-Trichloroethane; 2987=Tetrachloroethylene; 2989=CHLOROBENZENE; 2990=Benzene; 2991=Toluene; 2992=Ethylbenzene; 2996=Styrene; 3100=Coliform (TCR); 4000=Gross Alpha, Excl. Radon and U; 4006=Combined Uranium; 4010=Combined Radium (-226 and -228); 5000=Lead and Copper Rule; 7000=Consumer Confidence Rule; 7500=Public Notice; 8000=Revised Total Coliform Rule",Local government,,,L,AS9710601,Active,Yes,Onenoa Village Water System,Yes,0,SSSSSSSSSSSSV,SW,0,12,12,A,0,1,26,,Yes,0,No,1,110013023487,"0200=Surface Water Treatment Rule; 1005=Arsenic; 1010=Barium; 1015=Cadmium; 1020=Chromium; 1024=CYANIDE; 1025=Fluoride; 1035=Mercury; 1040=Nitrate; 1045=Selenium; 1074=Antimony, Total; 1075=Beryllium, Total; 1085=Thallium, Total; 2005=Endrin; 2010=BHC-GAMMA; 2015=Methoxychlor; 2020=Toxaphene; 2031=Dalapon; 2032=Diquat; 2033=Endothall; 2034=Glyphosate; 2035=Di(2-ethylhexyl) adipate; 2036=OXAMYL; 2037=Simazine; 2039=Di(2-ethylhexyl) phthalate; 2040=Picloram; 2041=Dinoseb; 2042=Hexachlorocyclopentadiene; 2046=Carbofuran; 2050=Atrazine; 2051=LASSO; 2063=2,3,7,8-TCDD; 2065=Heptachlor; 2067=Heptachlor epoxide; 2105=2,4-D; 2110=2,4,5-TP; 2274=HEXACHLOROBENZENE; 2306=Benzo(a)pyrene; 2326=Pentachlorophenol; 2378=1,2,4-Trichlorobenzene; 2380=cis-1,2-Dichloroethylene; 2383=Total Polychlorinated Biphenyls (PCB); 2931=1,2-DIBROMO-3-CHLOROPROPANE; 2946=ETHYLENE DIBROMIDE; 2955=Xylenes, Total; 2959=Chlordane; 2964=DICHLOROMETHANE; 2968=o-Dichlorobenzene; 2969=p-Dichlorobenzene; 2976=Vinyl chloride; 2977=1,1-Dichloroethylene; 2979=trans-1,2-Dichloroethylene; 2980=1,2-Dichloroethane; 2981=1,1,1-Trichloroethane; 2982=Carbon tetrachloride; 2983=1,2-Dichloropropane; 2984=Trichloroethylene; 2985=1,1,2-Trichloroethane; 2987=Tetrachloroethylene; 2989=CHLOROBENZENE; 2990=Benzene; 2991=Toluene; 2992=Ethylbenzene; 2996=Styrene; 4000=Gross Alpha, Excl. Radon and U; 4006=Combined Uranium; 4010=Combined Radium (-226 and -228); 5000=Lead and Copper Rule; 7000=Consumer Confidence Rule; 7500=Public Notice; 8000=Revised Total Coliform Rule",06/07/2012,0,Yes,,08/03/2010,
09,No Violation,,,,https://echo.epa.gov/detailed-facility-report?sys=SDWIS&fid=AS9900080,Surface water purchased,,05/25/2016,TNCWS,,,0,,AS,,SW,N,,,60,,0,0,1,3,1,0,Transient non-community system,,,P & F Mart - Iliili,1,,,,25,,No,,Private,,,P,AS9900080,Active,No,P & F Mart - Iliili,No,1,_______SSS___,SWP,0,0,3,A,0,0,,,No,0,No,0,110063334734,,,1,No,,05/25/2016,1
09,No Violation,,,,https://echo.epa.gov/detailed-facility-report?sys=SDWIS&fid=AS9900035,Surface water purchased,,,TNCWS,,,0,,AS,,SW,N,,,60,,0,0,1,0,0,0,Transient non-community system,,,Pacific Minimart 1 (R ) - Tafuna,,,,,25,,No,,Private,,,P,AS9900035,Active,No,Pacific Minimart  (R ) - Tafuna,No,0,_____________,SWP,0,0,0,A,0,0,,,No,0,No,0,110063356540,,,0,No,,,
09,No Violation,,,,https://echo.epa.gov/detailed-facility-report?sys=SDWIS&fid=AS9900036,Surface water purchased,,,TNCWS,,,0,,AS,,SW,N,,,60,,0,0,1,0,0,0,Transient non-community system,,,Pacific Minimart 2 (L) - Tafuna,,,,,25,,No,,Private,,,P,AS9900036,Active,No,Pacific Minimart (L) - Tafuna,No,0,_____________,SWP,0,0,0,A,0,0,,,No,0,No,0,110063356531,,,0,No,,,
09,Serious Violator,,,,https://echo.epa.gov/detailed-facility-report?sys=SDWIS&fid=AS9711100,Surface water,"0200=Surface Water Treatment Rule; 1005=Arsenic; 1010=Barium; 1015=Cadmium; 1020=Chromium; 1024=CYANIDE; 1025=Fluoride; 1035=Mercury; 1040=Nitrate; 1041=Nitrite; 1045=Selenium; 1074=Antimony, Total; 1075=Beryllium, Total; 1085=Thallium, Total; 2005=Endrin; 2010=BHC-GAMMA; 2015=Methoxychlor; 2020=Toxaphene; 2031=Dalapon; 2032=Diquat; 2033=Endothall; 2034=Glyphosate; 2035=Di(2-ethylhexyl) adipate; 2036=OXAMYL; 2037=Simazine; 2039=Di(2-ethylhexyl) phthalate; 2040=Picloram; 2041=Dinoseb; 2042=Hexachlorocyclopentadiene; 2046=Carbofuran; 2050=Atrazine; 2051=LASSO; 2063=2,3,7,8-TCDD; 2065=Heptachlor; 2067=Heptachlor epoxide; 2105=2,4-D; 2110=2,4,5-TP; 2274=HEXACHLOROBENZENE; 2306=Benzo(a)pyrene; 2326=Pentachlorophenol; 2378=1,2,4-Trichlorobenzene; 2380=cis-1,2-Dichloroethylene; 2383=Total Polychlorinated Biphenyls (PCB); 2931=1,2-DIBROMO-3-CHLOROPROPANE; 2946=ETHYLENE DIBROMIDE; 2955=Xylenes, Total; 2959=Chlordane; 2964=DICHLOROMETHANE; 2968=o-Dichlorobenzene; 2969=p-Dichlorobenzene; 2976=Vinyl chloride; 2977=1,1-Dichloroethylene; 2979=trans-1,2-Dichloroethylene; 2980=1,2-Dichloroethane; 2981=1,1,1-Trichloroethane; 2982=Carbon tetrachloride; 2983=1,2-Dichloropropane; 2984=Trichloroethylene; 2985=1,1,2-Trichloroethane; 2987=Tetrachloroethylene; 2989=CHLOROBENZENE; 2990=Benzene; 2991=Toluene; 2992=Ethylbenzene; 2996=Styrene; 3100=Coliform (TCR); 4000=Gross Alpha, Excl. Radon and U; 4006=Combined Uranium; 4010=Combined Radium (-226 and -228); 5000=Lead and Copper Rule; 7000=Consumer Confidence Rule; 8000=Revised Total Coliform Rule",,CWS,,,0,,AS,,SW,N,,,60,,220,198,1,12,1,10,Community water system,,,Pago (Upper),,,,,207,,Yes,"1005=Arsenic; 1010=Barium; 1015=Cadmium; 1020=Chromium; 1024=CYANIDE; 1025=Fluoride; 1035=Mercury; 1040=Nitrate; 1045=Selenium; 1074=Antimony, Total; 1075=Beryllium, Total; 1085=Thallium, Total; 2005=Endrin; 2010=BHC-GAMMA; 2015=Methoxychlor; 2020=Toxaphene; 2031=Dalapon; 2032=Diquat; 2033=Endothall; 2034=Glyphosate; 2035=Di(2-ethylhexyl) adipate; 2036=OXAMYL; 2037=Simazine; 2039=Di(2-ethylhexyl) phthalate; 2040=Picloram; 2041=Dinoseb; 2042=Hexachlorocyclopentadiene; 2046=Carbofuran; 2050=Atrazine; 2051=LASSO; 2063=2,3,7,8-TCDD; 2065=Heptachlor; 2067=Heptachlor epoxide; 2105=2,4-D; 2110=2,4,5-TP; 2274=HEXACHLOROBENZENE; 2306=Benzo(a)pyrene; 2326=Pentachlorophenol; 2378=1,2,4-Trichlorobenzene; 2380=cis-1,2-Dichloroethylene; 2383=Total Polychlorinated Biphenyls (PCB); 2931=1,2-DIBROMO-3-CHLOROPROPANE; 2946=ETHYLENE DIBROMIDE; 2955=Xylenes, Total; 2959=Chlordane; 2964=DICHLOROMETHANE; 2968=o-Dichlorobenzene; 2969=p-Dichlorobenzene; 2976=Vinyl chloride; 2977=1,1-Dichloroethylene; 2979=trans-1,2-Dichloroethylene; 2980=1,2-Dichloroethane; 2981=1,1,1-Trichloroethane; 2982=Carbon tetrachloride; 2983=1,2-Dichloropropane; 2984=Trichloroethylene; 2985=1,1,2-Trichloroethane; 2987=Tetrachloroethylene; 2989=CHLOROBENZENE; 2990=Benzene; 2991=Toluene; 2992=Ethylbenzene; 2996=Styrene; 3100=Coliform (TCR); 4000=Gross Alpha, Excl. Radon and U; 4006=Combined Uranium; 4010=Combined Radium (-226 and -228); 5000=Lead and Copper Rule; 7000=Consumer Confidence Rule; 8000=Revised Total Coliform Rule",Local government,,,L,AS9711100,Active,No,Pago (Upper) Village Water System,Yes,0,SSSSSSSSSSSSV,SW,0,11,12,A,0,1,22,,Yes,0,No,1,110048428607,"1040=Nitrate; 2005=Endrin; 2010=BHC-GAMMA; 2015=Methoxychlor; 2020=Toxaphene; 2031=Dalapon; 2032=Diquat; 2033=Endothall; 2034=Glyphosate; 2035=Di(2-ethylhexyl) adipate; 2036=OXAMYL; 2037=Simazine; 2039=Di(2-ethylhexyl) phthalate; 2040=Picloram; 2041=Dinoseb; 2042=Hexachlorocyclopentadiene; 2046=Carbofuran; 2050=Atrazine; 2051=LASSO; 2063=2,3,7,8-TCDD; 2065=Heptachlor; 2067=Heptachlor epoxide; 2105=2,4-D; 2110=2,4,5-TP; 2274=HEXACHLOROBENZENE; 2306=Benzo(a)pyrene; 2326=Pentachlorophenol; 2378=1,2,4-Trichlorobenzene; 2380=cis-1,2-Dichloroethylene; 2383=Total Polychlorinated Biphenyls (PCB); 2931=1,2-DIBROMO-3-CHLOROPROPANE; 2946=ETHYLENE DIBROMIDE; 2955=Xylenes, Total; 2959=Chlordane; 2964=DICHLOROMETHANE; 2968=o-Dichlorobenzene; 2969=p-Dichlorobenzene; 2976=Vinyl chloride; 2977=1,1-Dichloroethylene; 2979=trans-1,2-Dichloroethylene; 2980=1,2-Dichloroethane; 2981=1,1,1-Trichloroethane; 2982=Carbon tetrachloride; 2983=1,2-Dichloropropane; 2984=Trichloroethylene; 2985=1,1,2-Trichloroethane; 2987=Tetrachloroethylene; 2989=CHLOROBENZENE; 2990=Benzene; 2991=Toluene; 2992=Ethylbenzene; 2996=Styrene; 4000=Gross Alpha, Excl. Radon and U; 4006=Combined Uranium; 4010=Combined Radium (-226 and -228); 5000=Lead and Copper Rule; 7000=Consumer Confidence Rule; 8000=Revised Total Coliform Rule",,0,No,,,
09,No Violation,,,,https://echo.epa.gov/detailed-facility-report?sys=SDWIS&fid=AS9900153,Surface water purchased,,,TNCWS,,,0,,AS,,SW,N,,,60,,0,0,1,0,0,0,Transient non-community system,,,Pago Pago Supermarket - Pago Pago,,,,,25,,No,,Private,,,P,AS9900153,Active,No,Pago Pago Supermarket - Pago Pago,No,0,_____________,SWP,0,0,0,A,0,0,,,No,0,No,0,AS9900153,,,0,No,,,
09,No Violation,,,,https://echo.epa.gov/detailed-facility-report?sys=SDWIS&fid=AS9900070,Surface water purchased,,,TNCWS,,,0,,AS,,SW,N,,,60,,0,0,1,0,0,0,Transient non-community system,,,Puapua Mart - Puapua,,,,,25,,No,,Private,,,P,AS9900070,Active,No,Puapua Mart - Puapua,No,0,_____________,SWP,0,0,0,A,0,0,,,No,0,No,0,110063356657,,,0,No,,,
09,No Violation,,,,https://echo.epa.gov/detailed-facility-report?sys=SDWIS&fid=AS9900059,Surface water purchased,,,TNCWS,,,0,,AS,,SW,N,,,60,,0,0,1,0,0,0,Transient non-community system,,,Samoa Tasty - Mapusaga,,,,,25,,No,,Private,,,P,AS9900059,Active,No,Samoa Tasty - Mapusaga,No,0,_____________,SWP,0,0,0,A,0,0,,,No,0,No,0,110063356577,,,0,No,,,
09,No Violation,,,,https://echo.epa.gov/detailed-facility-report?sys=SDWIS&fid=AS9900100,Surface water purchased,,,TNCWS,,,0,,AS,,SW,N,,,60,,0,0,1,0,0,0,Transient non-community system,,,Shins Mart 2 (L) - Pavaiai,,,,,25,,No,,Private,,,P,AS9900100,Active,No,Shins Mart (L) - Pavaiai,No,0,_____________,SWP,0,0,0,A,0,0,,,No,0,No,0,110063374977,,,0,No,,,
09,No Violation,,,,https://echo.epa.gov/detailed-facility-report?sys=SDWIS&fid=AS9900125,Surface water purchased,,,TNCWS,,,0,,AS,,SW,N,,,60,,0,0,1,0,0,0,Transient non-community system,,,Sing Na Store,,,,,25,,No,,Native American,,,N,AS9900125,Active,No,Sing Na Store - Vaitogi,No,0,_____________,SWP,0,0,0,A,0,0,,,No,0,No,0,110067275255,,,0,No,,,
09,No Violation,,,,https://echo.epa.gov/detailed-facility-report?sys=SDWIS&fid=AS9900004,Surface water purchased,,,TNCWS,,,0,,AS,,SW,N,,,60,,0,0,1,0,0,0,Transient non-community system,,,Skyview - Aua,,,,,25,,No,,Private,,,P,AS9900004,Active,No,Skyview - Aua,No,0,_____________,SWP,0,0,0,A,0,0,,,No,0,No,0,110063353179,,,0,No,,,
09,No Violation,,,,https://echo.epa.gov/detailed-facility-report?sys=SDWIS&fid=AS9900097,Surface water purchased,,,TNCWS,,,0,,AS,,SW,N,,,60,,0,0,1,0,0,0,Transient non-community system,,,Skyview - Fagaitua,,,,,25,,No,,Private,,,P,AS9900097,Active,No,Skyview II - Fagaitua,No,0,_____________,SWP,0,0,0,A,0,0,,,No,0,No,0,110063353188,,,0,No,,,
09,No Violation,,,,https://echo.epa.gov/detailed-facility-report?sys=SDWIS&fid=AS9900149,Surface water purchased,,,TNCWS,,,0,,AS,,SW,N,,,60,,0,0,1,6,1,0,Transient non-community system,,,Ottoville,,,,,25,,No,,Private,,,P,AS9900149,Active,No,T.E.C Inc. - Ottoville,No,0,____SSSSSS___,SWP,0,0,6,A,0,0,,,No,0,No,0,AS9900149,,,0,No,,,
09,No Violation,,,,https://echo.epa.gov/detailed-facility-report?sys=SDWIS&fid=AS9900147,Surface water purchased,,,TNCWS,,,0,,AS,,SW,N,,,60,,0,0,1,0,0,0,Transient non-community system,,,Fagaima,,,,,25,,No,,Private,,,P,AS9900147,Active,No,T.N.D - Fagaima,No,0,_____________,SWP,0,0,0,A,0,0,,,No,0,No,0,AS9900147,,,0,No,,,
09,No Violation,,,,https://echo.epa.gov/detailed-facility-report?sys=SDWIS&fid=AS9900033,Surface water purchased,,,TNCWS,,,0,,AS,,SW,N,,,60,,0,0,1,0,0,0,Transient non-community system,,,TJ Mart - Petesa,,,,,25,,No,,Private,,,P,AS9900033,Active,No,TJ Mart - Petesa,No,0,_____________,SWP,0,0,0,A,0,0,,,No,0,No,0,110063351493,,,0,No,,,
09,No Violation,,,,https://echo.epa.gov/detailed-facility-report?sys=SDWIS&fid=AS9900119,Surface water purchased,,,TNCWS,,,0,,AS,,SW,N,,,60,,0,0,1,5,1,0,Transient non-community system,,,TLT Store (L) - Fagaalu,,,,,25,,No,,Private,,,P,AS9900119,Active,No,TLT Store 1 - Fagaalu,No,0,____SSSSS____,SWP,0,0,5,A,0,0,,,No,0,No,0,110063335314,,,0,No,,,
09,No Violation,,,,https://echo.epa.gov/detailed-facility-report?sys=SDWIS&fid=AS9900015,Surface water purchased,,,TNCWS,,,0,,AS,,SW,N,,,60,,0,0,1,0,0,0,Transient non-community system,,,TLT Store (R ) - Fagaalu,,,,,25,,No,,Private,,,P,AS9900015,Active,No,TLT Store 2  - Fagaalu,No,0,_____________,SWP,0,0,0,A,0,0,,,No,0,No,0,110063335305,,,0,No,,,
09,No Violation,,,,https://echo.epa.gov/detailed-facility-report?sys=SDWIS&fid=AS9900071,Surface water purchased,,,TNCWS,,,0,,AS,,SW,N,,,60,,0,0,1,0,0,0,Transient non-community system,,,Super M - Pago,,,,,25,,No,,Private,,,P,AS9900071,Active,No,TM Inc - Pago,No,0,_____________,SWP,0,0,0,A,0,0,,,No,0,No,0,110063356648,,,0,No,,,
09,No Violation,,,,https://echo.epa.gov/detailed-facility-report?sys=SDWIS&fid=AS9900117,Surface water purchased,,,TNCWS,,,0,,AS,,SW,N,,,60,,0,0,1,0,0,0,Transient non-community system,,,KMJ Store - Pavaiai,,,,,25,,No,,Private,,,P,AS9900117,Active,No,TMJ Store - Pavaiai,No,0,_____________,SWP,0,0,0,A,0,0,,,No,0,No,0,110063336769,,,0,No,,,
09,No Violation,,,,https://echo.epa.gov/detailed-facility-report?sys=SDWIS&fid=AS9900028,Surface water purchased,,,TNCWS,,,0,,AS,,SW,N,,,60,,0,0,1,0,0,0,Transient non-community system,,,TSM Powerplant A (L) - Tafuna,,,,,25,,No,,Private,,,P,AS9900028,Active,No,TSM Powerplant 1 - Tafuna,No,0,_____________,SWP,0,0,0,A,0,0,,,No,0,No,0,110063336698,,,0,No,,,
09,No Violation,,,,https://echo.epa.gov/detailed-facility-report?sys=SDWIS&fid=AS9900029,Surface water purchased,,,TNCWS,,,0,,AS,,SW,N,,,60,,0,0,1,0,0,0,Transient non-community system,,,TSM Powerplant B (R ) - Tafuna,,,,,25,,No,,Private,,,P,AS9900029,Active,No,TSM Powerplant 2 - Tafuna,No,0,_____________,SWP,0,0,0,A,0,0,,,No,0,No,0,110063336689,,,0,No,,,
09,No Violation,,,,https://echo.epa.gov/detailed-facility-report?sys=SDWIS&fid=AS9900073,Surface water purchased,,01/13/2016,TNCWS,,,0,,AS,,SW,N,,,60,,0,0,1,0,0,0,Transient non-community system,,,Tafuna Mini Mart - Tafuna,2,,,,25,,No,,Private,,,P,AS9900073,Active,No,Tafuna Mini Mart - Tafuna,No,2,_____________,SWP,0,0,0,A,0,0,,,No,0,No,0,110063353099,,,1,No,,01/13/2016,2
09,Serious Violator,,,1,https://echo.epa.gov/detailed-facility-report?sys=SDWIS&fid=AS9630243,Ground water,"1005=Arsenic; 1010=Barium; 1015=Cadmium; 1020=Chromium; 1024=CYANIDE; 1025=Fluoride; 1035=Mercury; 1040=Nitrate; 1041=Nitrite; 1045=Selenium; 1074=Antimony, Total; 1075=Beryllium, Total; 1085=Thallium, Total; 2005=Endrin; 2010=BHC-GAMMA; 2015=Methoxychlor; 2020=Toxaphene; 2031=Dalapon; 2032=Diquat; 2033=Endothall; 2034=Glyphosate; 2035=Di(2-ethylhexyl) adipate; 2036=OXAMYL; 2037=Simazine; 2039=Di(2-ethylhexyl) phthalate; 2040=Picloram; 2041=Dinoseb; 2042=Hexachlorocyclopentadiene; 2046=Carbofuran; 2050=Atrazine; 2051=LASSO; 2063=2,3,7,8-TCDD; 2065=Heptachlor; 2067=Heptachlor epoxide; 2105=2,4-D; 2110=2,4,5-TP; 2274=HEXACHLOROBENZENE; 2306=Benzo(a)pyrene; 2326=Pentachlorophenol; 2378=1,2,4-Trichlorobenzene; 2380=cis-1,2-Dichloroethylene; 2383=Total Polychlorinated Biphenyls (PCB); 2456=Total Haloacetic Acids (HAA5); 2931=1,2-DIBROMO-3-CHLOROPROPANE; 2946=ETHYLENE DIBROMIDE; 2950=TTHM; 2955=Xylenes, Total; 2959=Chlordane; 2964=DICHLOROMETHANE; 2968=o-Dichlorobenzene; 2969=p-Dichlorobenzene; 2976=Vinyl chloride; 2977=1,1-Dichloroethylene; 2979=trans-1,2-Dichloroethylene; 2980=1,2-Dichloroethane; 2981=1,1,1-Trichloroethane; 2982=Carbon tetrachloride; 2983=1,2-Dichloropropane; 2984=Trichloroethylene; 2985=1,1,2-Trichloroethane; 2987=Tetrachloroethylene; 2989=CHLOROBENZENE; 2990=Benzene; 2991=Toluene; 2992=Ethylbenzene; 2996=Styrene; 3100=Coliform (TCR); 4000=Gross Alpha, Excl. Radon and U; 4006=Combined Uranium; 4010=Combined Radium (-226 and -228); 4100=Gross Beta Particle Activity; 7000=Consumer Confidence Rule; 8000=Revised Total Coliform Rule",06/12/2017,CWS,,,0,,AS,12/19/2003,GW,N,,,60,,29,23,1,12,1,8,Community water system,,,Ta'u & Faleasao,3,,,,515,,Yes,"1005=Arsenic; 1010=Barium; 1015=Cadmium; 1020=Chromium; 1024=CYANIDE; 1025=Fluoride; 1035=Mercury; 1040=Nitrate; 1045=Selenium; 1074=Antimony, Total; 1075=Beryllium, Total; 1085=Thallium, Total; 2005=Endrin; 2010=BHC-GAMMA; 2015=Methoxychlor; 2020=Toxaphene; 2031=Dalapon; 2032=Diquat; 2033=Endothall; 2034=Glyphosate; 2035=Di(2-ethylhexyl) adipate; 2036=OXAMYL; 2037=Simazine; 2039=Di(2-ethylhexyl) phthalate; 2040=Picloram; 2041=Dinoseb; 2042=Hexachlorocyclopentadiene; 2046=Carbofuran; 2050=Atrazine; 2051=LASSO; 2063=2,3,7,8-TCDD; 2065=Heptachlor; 2067=Heptachlor epoxide; 2105=2,4-D; 2110=2,4,5-TP; 2274=HEXACHLOROBENZENE; 2306=Benzo(a)pyrene; 2326=Pentachlorophenol; 2378=1,2,4-Trichlorobenzene; 2380=cis-1,2-Dichloroethylene; 2383=Total Polychlorinated Biphenyls (PCB); 2456=Total Haloacetic Acids (HAA5); 2931=1,2-DIBROMO-3-CHLOROPROPANE; 2946=ETHYLENE DIBROMIDE; 2950=TTHM; 2955=Xylenes, Total; 2959=Chlordane; 2964=DICHLOROMETHANE; 2968=o-Dichlorobenzene; 2969=p-Dichlorobenzene; 2976=Vinyl chloride; 2977=1,1-Dichloroethylene; 2979=trans-1,2-Dichloroethylene; 2980=1,2-Dichloroethane; 2981=1,1,1-Trichloroethane; 2982=Carbon tetrachloride; 2983=1,2-Dichloropropane; 2984=Trichloroethylene; 2985=1,1,2-Trichloroethane; 2987=Tetrachloroethylene; 2989=CHLOROBENZENE; 2990=Benzene; 2991=Toluene; 2992=Ethylbenzene; 2996=Styrene; 7000=Consumer Confidence Rule; 8000=Revised Total Coliform Rule",State government,,,S,AS9630243,Active,Yes,Tau-Faleasao ASG,Yes,3,SSSSSSSSSSSSV,GW,0,9,12,A,0,1,6,,Yes,0,No,1,110013023450,7000=Consumer Confidence Rule,12/19/2003,1,No,,06/12/2017,3
09,No Violation,,,,https://echo.epa.gov/detailed-facility-report?sys=SDWIS&fid=AS9900032,Surface water purchased,,,TNCWS,,,0,,AS,,SW,N,,,60,,0,0,1,0,0,0,Transient non-community system,,,Tia & Flo Store - Kokoland,,,,,25,,No,,Private,,,P,AS9900032,Active,No,Tia & Flo Store - Kokoland,No,0,_____________,SWP,0,0,0,A,0,0,,,No,0,No,0,110063333370,,,0,No,,,
09,No Violation,,,,https://echo.epa.gov/detailed-facility-report?sys=SDWIS&fid=AS9900151,Surface water purchased,,,NTNCWS,,,0,,AS,,SW,N,,,60,,0,0,1,0,0,0,Non-Transient non-community system,,,Tutuila Print Shop - Pago,,,,,25,,No,,Private,,,P,AS9900151,Active,No,Tutuila Print Shop - Pago,No,0,_____________,SWP,0,0,0,A,0,0,,,No,0,No,0,AS9900151,,,0,No,,,
09,No Violation,,,,https://echo.epa.gov/detailed-facility-report?sys=SDWIS&fid=AS9900152,Surface water purchased,,,TNCWS,,,0,,AS,,SW,N,,,60,,0,0,1,6,1,0,Transient non-community system,,,Tutuila Store ( R ) - Leloaloa,,,,,25,,No,,Private,,,P,AS9900152,Active,No,Tutuila Store ( R ) - Leloaloa,No,0,____SSSSSS___,SWP,0,0,6,A,0,0,,,No,0,No,0,AS9900152,,,0,No,,,
09,No Violation,,,,https://echo.epa.gov/detailed-facility-report?sys=SDWIS&fid=AS9900063,Surface water purchased,,03/20/2017,TNCWS,,,0,,AS,,SW,N,,,60,,0,0,1,0,0,0,Transient non-community system,,,Tutuila Store - Leloaloa,1,,,,25,,No,,Private,,,P,AS9900063,Active,No,Tutuila Store (L)  - Leloaloa,No,1,_____________,SWP,0,0,0,A,0,0,,,No,0,No,0,110063332460,,,1,No,,03/20/2017,1
09,No Violation,,,,https://echo.epa.gov/detailed-facility-report?sys=SDWIS&fid=AS9900046,Surface water purchased,,,TNCWS,,,0,,AS,,SW,N,,,60,,0,0,1,0,0,0,Transient non-community system,,,US Mart - Futiga,,,,,25,,No,,Private,,,P,AS9900046,Active,No,US Mart - Futiga,No,0,_____________,SWP,0,0,0,A,0,0,,,No,0,No,0,110063353197,,,0,No,,,
09,No Violation,,,,https://echo.epa.gov/detailed-facility-report?sys=SDWIS&fid=AS9900134,Surface water purchased,,,TNCWS,,,0,,AS,,SW,N,,,60,,0,0,1,0,0,0,Transient non-community system,,,Iliili,,,,,25,,No,,Private,,,P,AS9900134,Active,No,Vaiala Mart - Iliili,No,0,_____________,SWP,0,0,0,A,0,0,,,No,0,No,0,110069305861,,,0,No,,,
09,No Violation,,,,https://echo.epa.gov/detailed-facility-report?sys=SDWIS&fid=AS9900133,Surface water purchased,,,TNCWS,,,0,,AS,,SW,N,,,60,,0,0,1,0,0,0,Transient non-community system,,,Nuuuli,,,,,25,,No,,Private,,,P,AS9900133,Active,No,Vaitele Mart - Nuuuli,No,0,_____________,SWP,0,0,0,A,0,0,,,No,0,No,0,110069296425,,,0,No,,,
09,No Violation,,,,https://echo.epa.gov/detailed-facility-report?sys=SDWIS&fid=AS9710657,Ground water,2456=Total Haloacetic Acids (HAA5); 2950=TTHM; 4010=Combined Radium (-226 and -228); 4100=Gross Beta Particle Activity,11/16/2015,CWS,,,0,,AS,,GW,N,,,60,,2,0,1,12,1,1,Community water system,,,Vatia,1,,,,390,,No,2456=Total Haloacetic Acids (HAA5); 2950=TTHM,State government,,,S,AS9710657,Active,No,Vatia ASG,No,1,VVV_VVVVVVVVV,GW,0,3,0,A,0,0,2,,No,0,No,0,110013023593,,,1,No,,11/16/2015,1
09,Serious Violator,,09/27/1989,,https://echo.epa.gov/detailed-facility-report?sys=SDWIS&fid=AS9710621,Surface water,"0200=Surface Water Treatment Rule; 1005=Arsenic; 1010=Barium; 1015=Cadmium; 1020=Chromium; 1024=CYANIDE; 1025=Fluoride; 1035=Mercury; 1040=Nitrate; 1041=Nitrite; 1045=Selenium; 1074=Antimony, Total; 1075=Beryllium, Total; 1085=Thallium, Total; 2005=Endrin; 2010=BHC-GAMMA; 2015=Methoxychlor; 2020=Toxaphene; 2031=Dalapon; 2032=Diquat; 2033=Endothall; 2034=Glyphosate; 2035=Di(2-ethylhexyl) adipate; 2036=OXAMYL; 2037=Simazine; 2039=Di(2-ethylhexyl) phthalate; 2040=Picloram; 2041=Dinoseb; 2042=Hexachlorocyclopentadiene; 2046=Carbofuran; 2050=Atrazine; 2051=LASSO; 2063=2,3,7,8-TCDD; 2065=Heptachlor; 2067=Heptachlor epoxide; 2105=2,4-D; 2110=2,4,5-TP; 2274=HEXACHLOROBENZENE; 2306=Benzo(a)pyrene; 2326=Pentachlorophenol; 2378=1,2,4-Trichlorobenzene; 2380=cis-1,2-Dichloroethylene; 2383=Total Polychlorinated Biphenyls (PCB); 2931=1,2-DIBROMO-3-CHLOROPROPANE; 2946=ETHYLENE DIBROMIDE; 2955=Xylenes, Total; 2959=Chlordane; 2964=DICHLOROMETHANE; 2968=o-Dichlorobenzene; 2969=p-Dichlorobenzene; 2976=Vinyl chloride; 2977=1,1-Dichloroethylene; 2979=trans-1,2-Dichloroethylene; 2980=1,2-Dichloroethane; 2981=1,1,1-Trichloroethane; 2982=Carbon tetrachloride; 2983=1,2-Dichloropropane; 2984=Trichloroethylene; 2985=1,1,2-Trichloroethane; 2987=Tetrachloroethylene; 2989=CHLOROBENZENE; 2990=Benzene; 2991=Toluene; 2992=Ethylbenzene; 2996=Styrene; 3100=Coliform (TCR); 4000=Gross Alpha, Excl. Radon and U; 4006=Combined Uranium; 4010=Combined Radium (-226 and -228); 5000=Lead and Copper Rule; 7000=Consumer Confidence Rule; 7500=Public Notice; 8000=Revised Total Coliform Rule",,CWS,,,0,,AS,06/07/2012,SW,N,,,60,,252,225,1,12,1,12,Community water system,,27,Vatia,,,,,428,,Yes,"0200=Surface Water Treatment Rule; 1005=Arsenic; 1010=Barium; 1015=Cadmium; 1020=Chromium; 1024=CYANIDE; 1025=Fluoride; 1035=Mercury; 1040=Nitrate; 1045=Selenium; 1074=Antimony, Total; 1075=Beryllium, Total; 1085=Thallium, Total; 2005=Endrin; 2010=BHC-GAMMA; 2015=Methoxychlor; 2020=Toxaphene; 2031=Dalapon; 2032=Diquat; 2033=Endothall; 2034=Glyphosate; 2035=Di(2-ethylhexyl) adipate; 2036=OXAMYL; 2037=Simazine; 2039=Di(2-ethylhexyl) phthalate; 2040=Picloram; 2041=Dinoseb; 2042=Hexachlorocyclopentadiene; 2046=Carbofuran; 2050=Atrazine; 2051=LASSO; 2063=2,3,7,8-TCDD; 2065=Heptachlor; 2067=Heptachlor epoxide; 2105=2,4-D; 2110=2,4,5-TP; 2274=HEXACHLOROBENZENE; 2306=Benzo(a)pyrene; 2326=Pentachlorophenol; 2378=1,2,4-Trichlorobenzene; 2380=cis-1,2-Dichloroethylene; 2383=Total Polychlorinated Biphenyls (PCB); 2931=1,2-DIBROMO-3-CHLOROPROPANE; 2946=ETHYLENE DIBROMIDE; 2955=Xylenes, Total; 2959=Chlordane; 2964=DICHLOROMETHANE; 2968=o-Dichlorobenzene; 2969=p-Dichlorobenzene; 2976=Vinyl chloride; 2977=1,1-Dichloroethylene; 2979=trans-1,2-Dichloroethylene; 2980=1,2-Dichloroethane; 2981=1,1,1-Trichloroethane; 2982=Carbon tetrachloride; 2983=1,2-Dichloropropane; 2984=Trichloroethylene; 2985=1,1,2-Trichloroethane; 2987=Tetrachloroethylene; 2989=CHLOROBENZENE; 2990=Benzene; 2991=Toluene; 2992=Ethylbenzene; 2996=Styrene; 3100=Coliform (TCR); 4000=Gross Alpha, Excl. Radon and U; 4006=Combined Uranium; 4010=Combined Radium (-226 and -228); 5000=Lead and Copper Rule; 7000=Consumer Confidence Rule; 7500=Public Notice; 8000=Revised Total Coliform Rule",Local government,,09/27/1989,L,AS9710621,Active,Yes,Vatia Village Water System,Yes,0,SSSSSSSSSSSSV,SW,0,12,12,A,0,1,,,Yes,0,No,1,110013023593,"0200=Surface Water Treatment Rule; 1005=Arsenic; 1010=Barium; 1015=Cadmium; 1020=Chromium; 1024=CYANIDE; 1025=Fluoride; 1035=Mercury; 1040=Nitrate; 1045=Selenium; 1074=Antimony, Total; 1075=Beryllium, Total; 1085=Thallium, Total; 2005=Endrin; 2010=BHC-GAMMA; 2015=Methoxychlor; 2020=Toxaphene; 2031=Dalapon; 2032=Diquat; 2034=Glyphosate; 2035=Di(2-ethylhexyl) adipate; 2036=OXAMYL; 2039=Di(2-ethylhexyl) phthalate; 2040=Picloram; 2041=Dinoseb; 2042=Hexachlorocyclopentadiene; 2046=Carbofuran; 2050=Atrazine; 2051=LASSO; 2063=2,3,7,8-TCDD; 2065=Heptachlor; 2067=Heptachlor epoxide; 2105=2,4-D; 2274=HEXACHLOROBENZENE; 2326=Pentachlorophenol; 2378=1,2,4-Trichlorobenzene; 2380=cis-1,2-Dichloroethylene; 2383=Total Polychlorinated Biphenyls (PCB); 2931=1,2-DIBROMO-3-CHLOROPROPANE; 2946=ETHYLENE DIBROMIDE; 2955=Xylenes, Total; 2959=Chlordane; 2964=DICHLOROMETHANE; 2968=o-Dichlorobenzene; 2969=p-Dichlorobenzene; 2976=Vinyl chloride; 2977=1,1-Dichloroethylene; 2979=trans-1,2-Dichloroethylene; 2980=1,2-Dichloroethane; 2981=1,1,1-Trichloroethane; 2982=Carbon tetrachloride; 2983=1,2-Dichloropropane; 2984=Trichloroethylene; 2985=1,1,2-Trichloroethane; 2987=Tetrachloroethylene; 2989=CHLOROBENZENE; 2990=Benzene; 2991=Toluene; 2992=Ethylbenzene; 2996=Styrene; 4000=Gross Alpha, Excl. Radon and U; 4006=Combined Uranium; 4010=Combined Radium (-226 and -228); 5000=Lead and Copper Rule; 7000=Consumer Confidence Rule; 7500=Public Notice; 8000=Revised Total Coliform Rule",06/07/2012,0,Yes,,08/04/2010,1
09,No Violation,,,,https://echo.epa.gov/detailed-facility-report?sys=SDWIS&fid=AS9900013,Surface water purchased,,,TNCWS,,,0,,AS,,SW,N,,,60,,0,0,1,3,1,0,Transient non-community system,,,Young Mart - Utulei,,,,,25,,No,,Private,,,P,AS9900013,Active,No,Young Mart - Utulei,No,0,_______SSS___,SWP,0,0,3,A,0,0,,,No,0,No,0,110063351322,,,0,No,,,
09,No Violation,,,,https://echo.epa.gov/detailed-facility-report?sys=SDWIS&fid=AS9900120,Surface water purchased,,,TNCWS,,,0,,AS,,SW,N,,,60,,0,0,1,0,0,0,Transient non-community system,,,DL Mart - Iliili,,,,,25,,No,,Private,,,P,AS9900120,Active,No,ZL Mart - Iliili,No,0,_____________,SWP,0,0,0,A,0,0,,,No,0,No,0,110063353151,,,0,No,,,
