FacDerivedStctyFIPS,SDWAFormalActionCount,FacDateLastPenalty,SDWISFlag,FacState,FacDerivedHuc,FacTotalPenalties,SDWAInspections5yr,SDWAIDs,FacLastPenaltyAmt,FacName,FacZip,FacEPARegion,FacDerivedZip,NC,FacFormalActionCount,ViolFlag,FacReferencePoint,FacCity,FacImpWaterFlg,FacPenaltyCount,FacFIPSCode,SDWA3yrComplQtrsHistory,FacDerivedWBD,FacLat,FacCollectionMethod,CurrVioFlag,FacStdCountyName,SDWAInformalCount,RegistryID,FacStreet,FacAccuracyMeters,FacCounty,FacLong
,,,Y,ND,,$0,,ND5311738,,13 MILE CENTER,,08,,N,0,0,,,,,,____________U,,48.345867,County Centroid,0,,,110063345036,,30000,WILLIAMS,-103.4874
,,,Y,ND,,$0,,ND0511551,,A-FRAME BAR & GRILL,99999,08,,N,0,0,,UNK,,,,____________U,,48.794412,County Centroid,0,,,110050707972,UNK,30000,BOTTINEAU,-100.831257
,,,Y,ND,,$0,,ND3900001,,ABERCROMBIE CITY OF,,08,,N,0,1,,ABERCROMBIE,,,,SSSV________U,,46.446509,Place Name Centroid,0,,1,110012904777,,20000,RICHLAND,-96.726671
38035,,,Y,ND,09020308,$0,,ND1801056,,AGASSIZ WATER USERS DISTRICT,58235,08,58235,Y,0,1,ENTRANCE POINT OF A FACILITY OR STATION,GILBY,,,38035,VVVVVVVVVVVVU,090203080401,48.084145,ADDRESS MATCHING-HOUSE NUMBER,1,GRAND FORKS COUNTY,,110012903714,217 MAIN AVE,50,GRAND FORKS,-97.469468
,,,Y,ND,,$0,,ND2700006,,ALEXANDER CITY OF,,08,,N,0,0,,ALEXANDER,,,,____________U,,47.838017,Place Name Centroid,0,,3,110012903974,,20000,MCKENZIE,-103.641443
38053,,,Y,ND,10100004,$0,,ND2711221,,ALEXANDER CITY OF,58831,08,58831,Y,0,1,POINT WHERE SUBSTANCE IS RELEASED,ALEXANDER,,,38053,VVV_________U,101000042605,47.83523,GPS CODE (PSEUDO RANGE) PRECISE POSITION,1,MCKENZIE COUNTY,3,110011043735,HIGHWAY 85,30,MCKENZIE,-103.64938
,,,Y,ND,,$0,,ND0501057,,ALL SEASONS WD-SYSTEM I,,08,,N,0,0,,,,,,____________U,,48.794412,County Centroid,0,,,110013271468,,30000,BOTTINEAU,-100.831257
,,,Y,ND,,$0,,ND0501127,,ALL SEASONS WD-SYSTEM III,,08,,N,0,0,,,,,,____________U,,48.794412,County Centroid,0,,,110012907694,,30000,BOTTINEAU,-100.831257
38009,,,Y,ND,09010003,$0,,ND4001153,,ALL SEASONS WD-SYSTEM IV,58318,08,58318,N,0,0,ENTRANCE POINT OF A FACILITY OR STATION,BOTTINEAU,,,38009,____________U,090100030701,48.82074,ADDRESS MATCHING-HOUSE NUMBER,0,BOTTINEAU COUNTY,,110063034372,1066 HIGHWAY 5 NE,50,BOTTINEAU,-100.47453
,,,Y,ND,,$0,,ND3501476,,ALL SEASONS WD-SYSTEM V,,08,,N,0,0,,,,,,____________U,,48.238883,County Centroid,0,,,110021039730,,30000,PIERCE,-99.966497
,,,Y,ND,,$0,,ND5311699,,ALLSTATE PETERBILT,,08,,Y,0,1,,,,,,__VVVV_____VU,,48.345867,County Centroid,1,,18,110063359342,,30000,WILLIAMS,-103.4874
,,,Y,ND,,$0,,ND3000012,,ALMONT CITY OF,,08,,Y,0,1,,ALMONT,,,,VVVVVVVVVVVVU,,46.728415,Place Name Centroid,1,,26,110012904223,,20000,MORTON,-101.501892
,,,Y,ND,,$0,,ND2711711,,AMBER HILLS LODGE,,08,,N,0,1,,,,,,_____VVVVV__U,,47.742475,County Centroid,0,,6,110063343840,,30000,MCKENZIE,-103.403215
,,,Y,ND,,$0,,ND1211226,,AMBROSE COMMUNITY WELL,,08,,N,0,1,,,,,,VVV_________U,,48.818142,County Centroid,0,,3,110050875362,,30000,DIVIDE,-103.497653
,,,Y,ND,,$0,,ND0900017,,AMENIA CITY OF,,08,,N,0,0,,AMENIA,,,,____________U,,47.006818,Place Name Centroid,0,,3,110012903135,,20000,CASS,-97.224183
38063,,,Y,ND,09020203,$0,,ND3200023,,ANETA CITY OF,58212,08,58254,N,0,0,,ANETA,,,38063,____________U,090202030405,47.686556,,0,NELSON COUNTY,,110022357876,MAIN ST,17466,NELSON,-98.003181
38015,,,Y,ND,10130103,$0,,ND0800084,,ANNUNCIATION PRIORY-U OF MARY,58504,08,58504,Y,0,1,ENTRANCE POINT OF A FACILITY OR STATION,BISMARCK,,,38015,V,101301031505,46.72324,ADDRESS MATCHING-HOUSE NUMBER,1,BURLEIGH COUNTY,3,110011674624,7500 UNIVERSITY DRIVE,50,BURLEIGH,-100.74612
,,,Y,ND,,$0,,ND0800648,,APPLE VALLEY COOP,,08,,N,0,0,,,,,,____________U,,46.971843,County Centroid,0,,,110013271636,,30000,BURLEIGH,-100.462001
,,,Y,ND,,$0,,ND0900030,,ARGUSVILLE CITY OF,,08,,N,0,0,,ARGUSVILLE,,,,____________U,,47.05005,Place Name Centroid,0,,,110013271725,,20000,CASS,-96.943163
,,,Y,ND,,$0,,ND2710034,,ARNEGARD CITY PARK,,08,,N,0,1,,,,,,VVVVVVVV_VV_U,,47.742475,County Centroid,0,,15,110050888919,,30000,MCKENZIE,-103.403215
,,,Y,ND,,$0,1,ND2701606,,ARNEGARD DIAMOND ESTATES,,08,,N,0,1,,,,,,VVVVVVVVV___U,,47.742475,County Centroid,0,,18,110048638738,,30000,MCKENZIE,-103.403215
,,,Y,ND,,$0,,ND0900035,,ARTHUR CITY OF,58006,08,,N,0,0,,ARTHUR,,,38017,____________U,,47.1031,Zip Code Centroid,0,CASS COUNTY,6,110013271743,PO BOX 161,10000,CASS,-97.216129
,,,Y,ND,,$0,,ND1800036,,ARVILLA WATER USERS ASSOCIATION,99999,08,,N,0,0,,ARVILLA,,,38035,____________U,,47.9202,Post Office Name Centroid,0,GRAND FORKS COUNTY,,110013270717,UNK,20000,GRAND FORKS,-97.495582
38051,,,Y,ND,10130106,$0,,ND2600038,,ASHLEY CITY OF,58413,08,58413,Y,0,1,POINT WHERE SUBSTANCE IS RELEASED,ASHLEY,,,38051,____________U,101301060302,46.043884,GPS CODE (PSEUDO RANGE) PRECISE POSITION,1,MCINTOSH COUNTY,3,110022358358,"113 1ST AVE NW,",30,MCINTOSH,-99.36274
,,,Y,ND,,$0,1,ND2701003,,BADLANDS DEVELOPMENT LONG X TC,,08,,N,0,1,,,,,,___V________U,,47.742475,County Centroid,0,,,110048638569,,30000,MCKENZIE,-103.403215
,,,Y,ND,,$0,,ND2711693,,"BAKKEN ACRES, LLC",,08,,Y,0,1,,,,,,___________VU,,47.742475,County Centroid,1,,5,110063336386,,30000,MCKENZIE,-103.403215
38003,,,Y,ND,09020204,$0,,ND0201058,,BARNES RURAL WATER DISTRICT,58072,08,58072,N,0,0,ENTRANCE POINT OF A FACILITY OR STATION,VALLEY CITY,,,38003,____________U,090202040107,46.923234,ADDRESS MATCHING-HOUSE NUMBER,0,BARNES COUNTY,,110022358410,421 W MAIN ST,50,BARNES,-98.007811
38077,,,Y,ND,09020105,$0,,ND3900055,,BARNEY CITY OF,58008,08,58008,N,0,0,ENTRANCE POINT OF A FACILITY OR STATION,BARNEY,,,38077,____________U,090201050903,46.266442,ADDRESS MATCHING-HOUSE NUMBER,0,RICHLAND COUNTY,,110013268249,109 MAIN ST BARNEY,50,RICHLAND,-97.00042
38057,,,Y,ND,10130101,$0,,ND2910914,,BASIN ELECTRIC  LELAND OLDS STATION,58571,08,58571,N,0,0,CENTER OF A FACILITY OR STATION,STANTON,,,38057,_,101301010104,47.2819,INTERPOLATION-OTHER,0,MERCER COUNTY,,110000595099,3901 HIGHWAY 200A,500,MERCER,-101.3194
38057,,,Y,ND,10130201,$0,,ND2910075,,BASIN ELECTRIC ANTELOPE VALLEY STATION,58523,08,58523,N,0,0,CENTER OF A FACILITY OR STATION,BEULAH,,,38057,_,101302011102,47.370445,INTERPOLATION-OTHER,0,MERCER COUNTY,,110000428369,294 COUNTY 15,500,MERCER,-101.838042
,,,Y,ND,,$0,,ND1511578,,BAYSIDE OAHE RESORT,,08,,Y,0,1,,,,,,_____VVV___VU,,46.284255,County Centroid,1,,4,110050823980,,30000,EMMONS,-100.237842
,,,Y,ND,,$0,,ND1700059,,BEACH CITY OF,58621,08,,N,0,0,,BEACH,,,38033,____________U,,47.316306,Zip Code Centroid,0,GOLDEN VALLEY COUNTY,3,110012903590,UNK,10000,GOLDEN VALLEY,-103.631932
,,,Y,ND,,$0,,ND4500065,,BELFIELD CITY OF,,08,,N,0,0,,BELFIELD,,,,____________U,,46.885983,Place Name Centroid,0,,,110013266394,,20000,STARK,-103.198247
,,,Y,ND,,$0,,ND2800069,,BENEDICT CITY OF,,08,,Y,0,1,,BENEDICT,,,,VVVVVVVVVVVVU,,47.830139,Place Name Centroid,1,,,110013269284,,20000,MCLEAN,-101.084344
,,,Y,ND,,$0,,ND2301216,,BERLIN CITY OF,,08,,N,0,0,,BERLIN,,,,____________U,,46.378298,Place Name Centroid,0,,,110013268962,,20000,LAMOURE,-98.488469
,,,Y,ND,,$0,,ND5100072,,BERTHOLD CITY OF,,08,,N,0,0,,BERTHOLD,,,,____________U,,48.315337,Place Name Centroid,0,,,110012901707,,20000,WARD,-101.734536
38057,,,Y,ND,10130201,$0,,ND2911297 ND2911495,,BEULAH BAY REC AREA #2,58523,08,58523,N,0,1,CENTER OF A FACILITY OR STATION,BEULAH,,,38057,VVVVVVVVVVVVU,101302011006,47.26513,ADDRESS MATCHING-HOUSE NUMBER,0,MERCER COUNTY,12,110056230966,213 1ST AVE NW PO BOX 968,30,MERCER,-101.77969
38057,,,Y,ND,10130201,$0,,ND2900074,,BEULAH CITY OF,58523,08,58523,N,0,1,ENTRANCE POINT OF A FACILITY OR STATION,BEULAH,Y,,38057,____________U,101302011006,47.263356,ADDRESS MATCHING-HOUSE NUMBER,0,MERCER COUNTY,,110022359160,120 CENTRAL AVE,50,MERCER,-101.777972
,,,Y,ND,,$0,1,ND5311718,,BIG COUNTRY RV PARK,,08,,N,0,0,,,,,,____________U,,48.345867,County Centroid,0,,3,110063346080,,30000,WILLIAMS,-103.4874
,,,Y,ND,,$0,,ND2000077,,BINFORD CITY OF,,08,,Y,0,1,,BINFORD,,,,VVVVVVVVVVVVU,,47.560402,Place Name Centroid,1,,2,110013271002,,20000,GRIGGS,-98.345727
,,,Y,ND,,$0,,ND0510048,,BIRCHWOOD INC,,08,,N,0,1,,,,,,____VVV_____U,,48.794412,County Centroid,0,,3,110050787724,,30000,BOTTINEAU,-100.831257
,,,Y,ND,,$0,,ND4800078,,BISBEE CITY OF,,08,,Y,0,1,,BISBEE,,,,VV_VVV_VVVVVU,,48.626328,Place Name Centroid,1,,30,110013266893,,20000,TOWNER,-99.378779
,,,Y,ND,,$0,,ND0800080,,BISMARCK CITY OF,,08,,N,0,0,,BISMARCK,,,,____________U,,46.811038,Place Name Centroid,0,,,110012903073,,20000,BURLEIGH,-100.770102
,,,Y,ND,,$0,,083890036,,BLACK TIGER BAY RV PARK,,08,,N,0,1,,,,,,__________V_U,,47.456954,State Centroid,0,,,083890036,,100000,,-100.46193
,,,Y,ND,,$0,,ND2711702,,BLUE SKY LODGING,,08,,N,0,0,,,,,,____________U,,47.742475,County Centroid,0,,,110063349988,,30000,MCKENZIE,-103.403215
,,,Y,ND,,$0,,ND0511340,,BOAT RAMP 74,,08,,N,0,0,,,,,,____________U,,48.794412,County Centroid,0,,,110050860314,,30000,BOTTINEAU,-100.831257
,,,Y,ND,,$0,,ND4011639,,BORDER LOUNGE,,08,,N,0,1,,,,,,___VVVV_____U,,48.768272,County Centroid,0,,3,110050840514,,30000,ROLETTE,-99.840463
,,,Y,ND,,$0,,ND0500099,,BOTTINEAU CITY OF,,08,,N,0,0,,BOTTINEAU,,,,____________U,,48.824962,Place Name Centroid,0,,,110013273554,,20000,BOTTINEAU,-100.443944
,,,Y,ND,,$0,,ND0511294,,BOTTINEAU WINTER PARK SKI AREA,,08,,N,0,0,,,,,,____________U,,48.794412,County Centroid,0,,,110050860270,,30000,BOTTINEAU,-100.831257
,,,Y,ND,,$0,,ND0700114,,BOWBELLS CITY OF,,08,,N,0,0,,BOWBELLS,,,,____________U,,48.803466,Place Name Centroid,0,,6,110012904134,,20000,BURKE,-102.247163
,,,Y,ND,,$0,,ND5200118,,BOWDON CITY OF,,08,,N,0,1,,BOWDON,,,,______V_____U,,47.468562,Place Name Centroid,0,,16,110013265242,,20000,WELLS,-99.708819
,,,Y,ND,,$0,,ND0600119,,BOWMAN CITY OF,,08,,N,0,0,,BOWMAN,,,,____________U,,46.183532,Place Name Centroid,0,,,110013271299,,20000,BOWMAN,-103.400817
,,,Y,ND,,$0,,083890033,,BRENDLES BAY INC,,08,,N,0,1,,,,,,_________VV_U,,47.456954,State Centroid,0,,1,083890033,,100000,,-100.46193
,,,Y,ND,,$0,,ND0901184,,BROOKTREE WELLS INC,,08,,N,0,1,,,,,,_________VVVU,,46.927003,County Centroid,0,,3,110013272289,,30000,CASS,-97.252375
,,,Y,ND,,$0,,ND0900134,,BUFFALO CITY OF,,08,,N,0,0,,BUFFALO,,,,____________U,,46.920307,Place Name Centroid,0,,,110012903304,,20000,CASS,-97.550422
,,,Y,ND,,$0,,ND5100138,,"BURLINGTON, CITY OF",58722,08,,N,0,0,,BURLINGTON,,,38101,____________U,,48.276826,Zip Code Centroid,0,WARD COUNTY,,110013267142,PO BOX 159,10000,WARD,-101.424808
,,,Y,ND,,$0,,ND0411415,,BURNING HILLS AMPHITHEATER,,08,,N,0,1,,,,,,_____VVVV___U,,47.009283,County Centroid,0,,3,110050752994,,30000,BILLINGS,-103.364924
,,,Y,ND,,$0,,ND4800152,,CANDO CITY OF,,08,,N,0,0,,CANDO,,,,____________U,,48.487212,Place Name Centroid,0,,,110012901592,,20000,TOWNER,-99.202998
,,,Y,ND,,$0,,ND1600159,,CARRINGTON CITY OF,,08,,N,0,0,,CARRINGTON,,,,____________U,,47.450785,Place Name Centroid,0,,,110013270619,,20000,FOSTER,-99.130036
,,,Y,ND,,$0,,ND1900162,,CARSON CITY OF,,08,,N,0,0,,CARSON,,,,____________U,,46.422308,Place Name Centroid,0,,,110012903750,,20000,GRANT,-101.570625
38017,,,Y,ND,09020205,$0,,ND0901060 ND0901124 ND0901131,,CASS RURAL WATER DISTRICT-PHASE III,58051,08,58051,N,0,0,CENTER OF A FACILITY OR STATION,KINDRED,,,38017,____________U,090202050601,46.64643,ADDRESS MATCHING-HOUSE NUMBER,0,CASS COUNTY,,110050878856,131 MAPLE ST PO BOX 98,30,CASS,-97.0124
38017,,,Y,ND,09020205,$0,,ND0901482 ND0901483 ND0901484,,CASS RURAL WD (FARGO-NORTH),58051,08,58051,N,0,1,ENTRANCE POINT OF A FACILITY OR STATION,KINDRED,,,38017,____________U,090202050601,46.646559,GPS CODE (PSEUDO RANGE) PRECISE POSITION,0,CASS COUNTY,,110056220771,131 MAPLE ST PO BOX 98,99999999,CASS,-97.012419
,,,Y,ND,,$0,,ND0900166,,CASSELTON CITY OF,,08,,N,0,0,,CASSELTON,,,,____________U,,46.897166,Place Name Centroid,0,,,110013271789,,20000,CASS,-97.212205
,,,Y,ND,,$0,,ND5200169,,CATHAY CITY OF,,08,,Y,0,1,,CATHAY,,,,VVVVVVVVVVSVU,,47.553923,Place Name Centroid,1,,21,110013265288,,20000,WELLS,-99.411296
38067,,,Y,ND,09020313,$0,,ND5000201,,CAVALIER  AFS-CAVALIER AIR FORCE STATION,58220,08,58220,N,1,0,ENTRANCE POINT OF A FACILITY OR STATION,CAVALIER,,,38067,_,090203100401,48.724858,GPS CODE (PSEUDO RANGE) PRECISE POSITION,0,PEMBINA COUNTY,,110006866953,"HCR3, BOX 260",10,PEMBINA,-97.906031
,,,Y,ND,,$0,,ND3400170,,CAVALIER CITY OF,,08,,N,0,0,,CAVALIER,,,,____________U,,48.794736,Place Name Centroid,0,,,110013267696,,20000,PEMBINA,-97.623235
,,,Y,ND,,$0,,ND3300174,,CENTER NORTH SYSTEM,58530,08,,N,0,1,,CENTER,,,38065,___VV_______U,,47.116345,Zip Code Centroid,0,OLIVER COUNTY,,110013267641,UNK,10000,OLIVER,-101.298885
,,,Y,ND,,$0,,ND3300175,,CENTER SOUTH SYSTEM,58530,08,,N,0,1,,CENTER,,,38065,___VV_______U,,47.116345,Zip Code Centroid,0,OLIVER COUNTY,,110013267669,UNK,10000,OLIVER,-101.298885
,,,Y,ND,,$0,,ND0910998,,CENTRAL LIVESTOCK,,08,,N,0,0,,,,,,____________U,,46.927003,County Centroid,0,,,110050513850,,30000,CASS,-97.252375
38103,,,Y,ND,10160001,$0,,ND5201309,,CENTRAL PLAINS WATER DISTRICT,58438,08,58438,Y,0,1,ENTRANCE POINT OF A FACILITY OR STATION,FESSENDEN,,,38103,____________U,101600010203,47.648151,ADDRESS MATCHING-HOUSE NUMBER,1,WELLS COUNTY,,110011042228,102 MAIN AVENUE SOUTH,50,WELLS,-99.630135
,,,Y,ND,,$0,,ND3900183,,CHRISTINE WATER AND SEWER,58015,08,,N,0,0,,CHRISTINE,,,38077,____________U,,46.593169,Zip Code Centroid,0,RICHLAND COUNTY,,110013268267,UNK,10000,RICHLAND,-96.780927
,,,Y,ND,,$0,,ND4700188,,CLEVELAND CITY OF,,08,,N,0,0,,CLEVELAND,,,,____________U,,46.890418,Place Name Centroid,0,,3,110013266722,,20000,STUTSMAN,-99.119964
,,,Y,ND,,$0,,ND2800194,,COLEHARBOR CITY OF,,08,,N,0,1,,COLEHARBOR,,,,VV__________U,,47.542457,Place Name Centroid,0,,5,110012903992,,20000,MCLEAN,-101.221185
,,,Y,ND,,$0,,ND3900196,,COLFAX CITY OF,,08,,Y,0,1,,COLFAX,,,,VVVVVVVVVVVVU,,46.470881,Place Name Centroid,1,,3,110012904795,,20000,RICHLAND,-96.872472
,,,Y,ND,,$0,,ND0700198,,COLUMBUS CITY OF,,08,,Y,0,1,,COLUMBUS,,,,VVVVVVVVVVVVU,,48.904929,Place Name Centroid,1,,18,110013271404,,20000,BURKE,-102.781297
,,,Y,ND,,$0,,ND2000203,,COOPERSTOWN CITY OF,,08,,N,0,0,,COOPERSTOWN,,,,____________U,,47.444917,Place Name Centroid,0,,,110013271020,,20000,GRIGGS,-98.125714
,,,Y,ND,,$0,,ND0410678,,COTTONWOOD CAMPGROUND 6,,08,,N,0,0,,,,,,____________U,,47.009283,County Centroid,0,,,110050852270,,30000,BILLINGS,-103.364924
,,,Y,ND,,$0,1,ND5100663,,COUNTRY ACRES MHP,99999,08,,Y,0,1,,UNK,,,,VVVVVSSSSVVVU,,48.216686,County Centroid,1,,46,110013267302,UNK,30000,WARD,-101.540537
,,,Y,ND,,$0,,ND0901449,,COUNTRY ACRES WATER CO,99999,08,,N,0,0,,UNK,,,,____________U,,46.927003,County Centroid,0,,,110013272421,UNK,30000,CASS,-97.252375
,,,Y,ND,,$0,,ND0800144,,COUNTRY CLUB CO-OP,99999,08,,N,0,0,,UNK,,,,____________U,,46.971843,County Centroid,0,,,110013271565,UNK,30000,BURLEIGH,-100.462001
,,,Y,ND,,$0,,ND3600208,,CRARY CITY OF,,08,,N,0,1,,CRARY,,,,SSVVVVVV____U,,48.075756,Place Name Centroid,0,,44,110013267990,,20000,RAMSEY,-98.643513
,,,Y,ND,,$0,,ND1200211,,CROSBY CITY OF,,08,,N,0,0,,CROSBY,,,,____________U,,48.916404,Place Name Centroid,0,,,110013270263,,20000,DIVIDE,-103.296951
,,,Y,ND,,$0,,ND3000597,,CROWN BUTTE COOP,99999,08,,N,0,1,,UNK,,,,_________VVVU,,46.713789,County Centroid,0,,3,110013269701,UNK,30000,MORTON,-101.279743
,,,Y,ND,,$0,,ND4711364,,CRYSTAL SPRINGS BAPTIST CAMP,,08,,N,0,0,,,,,,____________U,,46.971103,County Centroid,0,,,110050644594,,30000,STUTSMAN,-98.957592
38015,,,Y,ND,10130101,$0,,ND0800096,,DAKOTA ADVENTIST ACADEMY-DAKO,58503,08,58503,Y,0,1,ENTRANCE POINT OF A FACILITY OR STATION,BISMARCK,,,38015,___________VU,101301011004,46.979527,ADDRESS MATCHING-HOUSE NUMBER,1,BURLEIGH COUNTY,6,110011043058,15905 SHEYENNE CIRCLE,50,BURLEIGH,-100.88324
38025,,,Y,ND,10130201,$0,,ND4511744,,DAKOTA PRAIRIE REFINING LLC,58601,08,58601,N,0,1,ENTRANCE POINT OF A FACILITY OR STATION,DICKINSON,,,38025,_,101302020209,47.087672,ADDRESS MATCHING-HOUSE NUMBER,0,DUNN COUNTY,,110059678353,3815 116TH AVE SW,99999999,STARK,-102.9482
,,,Y,ND,,$0,,ND2001061,,DAKOTA WATER USERS NORTH,58277,08,,N,0,0,,SHARON,,,38091,____________U,,47.593776,Zip Code Centroid,0,STEELE COUNTY,,110013271119,UNK,10000,GRIGGS,-97.893124
,,,Y,ND,,$0,,ND2001121,,DAKOTA WATER USERS SOUTH,99999,08,,N,0,0,,UNK,,,,____________U,,47.463463,County Centroid,0,,,110013271155,UNK,30000,GRIGGS,-98.232444
,,,Y,ND,,$0,,ND5301063,,DAKOTALAND LODGING-SPRINGBROOK,,08,,Y,0,1,,,,,,VVVVVVVVVVVVU,,48.345867,County Centroid,1,,4,110048564433,,30000,WILLIAMS,-103.4874
,,,Y,ND,,$0,,ND0900217,,DAVENPORT CITY OF,,08,,N,0,0,,DAVENPORT,,,,____________U,,46.71492,Place Name Centroid,0,,,110013271805,,20000,CASS,-97.06496
38003,,,Y,ND,09020203,$0,,ND0200226,,"DAZEY, CITY OF",58429,08,58429,Y,0,1,POINT WHERE SUBSTANCE IS RELEASED,DAZEY,,,38003,____________U,090202030808,47.191631,GPS CODE (PSEUDO RANGE) PRECISE POSITION,1,BARNES COUNTY,6,110011043780,PO BOX 60,30,BARNES,-98.192703
,,,Y,ND,,$0,,ND3600231,,DEVILS LAKE  CITY OF,,08,,N,0,0,,DEVILS LAKE,,,,____________U,,48.112579,Place Name Centroid,0,,,110013268025,,20000,RAMSEY,-98.874762
,,,Y,ND,,$0,,ND1101442,,DICKEY RURAL WATER USERS DISTRICT,99999,08,,N,0,0,,UNK,,,,____________U,,46.107756,County Centroid,0,,,110013270227,UNK,30000,DICKEY,-98.496518
,,,Y,ND,,$0,,ND4500242,,DICKINSON CITY OF,,08,,N,0,0,,DICKINSON,,,,____________U,,46.885456,Place Name Centroid,0,,3,110013266410,,20000,STARK,-102.786789
,,,Y,ND,,$0,,ND1300259,,DODGE CITY OF,,08,,N,0,0,,DODGE,,,,____________U,,47.305322,Place Name Centroid,0,,,110013270325,,20000,DUNN,-102.20238
,,,Y,ND,,$0,,ND2611267,,DOYLE MEMORIAL STATE PARK,,08,,N,0,1,,,,,,__VVV_______U,,46.117034,County Centroid,0,,8,110050918478,,30000,MCINTOSH,-99.443041
,,,Y,ND,,$0,,ND2500266,,DRAKE CITY OF,,08,,N,0,0,,DRAKE,,,,____________U,,47.922691,Place Name Centroid,0,,,110013269079,,20000,MCHENRY,-100.37442
,,,Y,ND,,$0,,ND3400269,,DRAYTON CITY OF,,08,,Y,0,1,,DRAYTON,,,,V__________VU,,48.56208,Place Name Centroid,1,,12,110013267721,,20000,PEMBINA,-97.179223
38025,,,Y,ND,10110205,$0,,ND1300276,,DUNN CENTER CITY OF,58626,08,58626,N,0,0,ENTRANCE POINT OF A FACILITY OR STATION,DUNN CENTER,,,38025,V___________U,101102050509,47.41554,ADDRESS MATCHING-HOUSE NUMBER,0,DUNN COUNTY,3,110012903509,3 MAIN STREET,50,DUNN,-102.684441
,,,Y,ND,,$0,,ND4011778,,DUNSEITH CENEX C-STORE,,08,,Y,0,1,,,,,,_____VVVVVVVU,,48.768272,County Centroid,1,,20,ND4011778,,30000,Rolette,-99.840463
,,,Y,ND,,$0,,ND4000277,,DUNSEITH CITY OF,,08,,N,0,0,,DUNSEITH,,,,____________U,,48.813027,Place Name Centroid,0,,,110012905008,,20000,ROLETTE,-100.062425
,,,Y,ND,,$0,,ND2300291,,EDGELEY CITY OF,,08,,N,0,0,,EDGELEY,,,,____________U,,46.362338,Place Name Centroid,0,,,110013268748,,20000,LAMOURE,-98.712393
,,,Y,ND,,$0,,ND3600298,,EDMORE CITY OF,,08,,N,0,0,,EDMORE,,,,____________U,,48.412206,Place Name Centroid,0,,,110012904410,,20000,RAMSEY,-98.453178
,,,Y,ND,,$0,,ND1900303,,ELGIN CITY OF,,08,,N,0,0,,ELGIN,,,,____________U,,46.402464,Place Name Centroid,0,,,110013270913,,20000,GRANT,-101.842868
,,,Y,ND,,$0,,ND2210223,,ELKS CAMP GRASSICK,,08,,Y,0,1,,,,,,__________VVU,,46.935385,County Centroid,1,,3,110050834148,,30000,KIDDER,-99.742727
,,,Y,ND,,$0,,ND1100306,,ELLENDALE CITY OF,,08,,N,0,0,,ELLENDALE,,,,____________U,,46.004855,Place Name Centroid,0,,6,110013270058,,20000,DICKEY,-98.525047
,,,Y,ND,,$0,,ND1800311,,EMERADO CITY OF,58228,08,,N,0,1,,EMERADO,,,38035,______VVV___U,,47.932751,Zip Code Centroid,0,GRAND FORKS COUNTY,6,110013270735,UNK,10000,GRAND FORKS,-97.357239
,,,Y,ND,,$0,,ND3700314,,ENDERLIN CITY OF,,08,,N,0,0,,ENDERLIN,,,,____________U,,46.620664,Place Name Centroid,0,,,110013268089,,20000,RANSOM,-97.593563
,,,Y,ND,,$0,,ND3900333,,FAIRMOUNT CITY OF,,08,,N,0,0,,FAIRMOUNT,,,,____________U,,46.054644,Place Name Centroid,0,,,110013268285,,20000,RICHLAND,-96.602818
,,,Y,ND,,$0,,ND2300544,,FAIRVIEW COLONY,,08,,Y,0,1,,,,,,VVVVVVVVVVVVU,,46.464195,County Centroid,1,,11,110048632217,,30000,LAMOURE,-98.526057
,,,Y,ND,,$0,,ND4011780,,FAMILY DOLLAR,,08,,Y,0,1,,,,,,________VVVSU,,48.768272,County Centroid,1,,19,ND4011780,,30000,Rolette,-99.840463
38017,,04/08/2002,Y,ND,09020104,$0,,ND0900336,"$59,000",FARGO CITY OF,58102,08,58102,Y,1,1,CENTER OF A FACILITY OR STATION,FARGO,,,38017,_______VVVV_U,090201040504,46.87821,ADDRESS MATCHING-HOUSE NUMBER,1,CASS COUNTY,6,110049927775,200 3RD ST N,30,CASS,-96.78309
,,,Y,ND,,$0,,ND5301764,,FENDEE ESTATES,,08,,N,0,0,,,,,,____________U,,48.345867,County Centroid,0,,,110063342636,,30000,WILLIAMS,-103.4874
,,,Y,ND,,$0,,ND2711726,,FERTILE FIELDS,,08,,N,0,1,,,,,,_VVVVVVVVVVVU,,47.742475,County Centroid,0,,7,110063358762,,30000,MCKENZIE,-103.403215
,,,Y,ND,,$0,,ND5200338,,FESSENDEN CITY OF,,08,,N,0,0,,FESSENDEN,,,,____________U,,47.649198,Place Name Centroid,0,,,110013265304,,20000,WELLS,-99.62702
,,,Y,ND,,$0,,ND4600341,,FINLEY CITY OF,,08,,N,0,0,,FINLEY,,,,____________U,,47.512508,Place Name Centroid,0,,,110013266624,,20000,STEELE,-97.83733
,,,Y,ND,,$0,,ND3000342,,FLASHER CITY OF,,08,,N,0,1,,FLASHER,,,,____VVV_____U,,46.4521,Place Name Centroid,0,,6,110013269649,,20000,MORTON,-101.232861
,,,Y,ND,,$0,,ND0700344,,FLAXTON CITY OF,,08,,N,0,0,,FLAXTON,,,,____________U,,48.897226,Place Name Centroid,0,,,110013271422,,20000,BURKE,-102.393037
,,,Y,ND,,$0,,ND1100346,,FORBES CITY OF,,08,,Y,0,1,,FORBES,,,,VVSSSSSSSV_VU,,45.942483,Place Name Centroid,1,,49,110013270076,,20000,DICKEY,-98.782161
,,,Y,ND,,$0,,ND5010352,,FORDVILLE PUBLIC SCHOOL,,08,,N,0,0,,,,,,____________U,,48.376979,County Centroid,0,,,110050802468,,30000,WALSH,-97.72223
,,,Y,ND,,$0,,ND1801456,,FOREST RIVER COLONY,99999,08,,Y,0,1,,UNK,,,,VVVVVVVVVVVVU,,47.926003,County Centroid,1,,,110013270888,UNK,30000,GRAND FORKS,-97.450851
,,,Y,ND,,$0,,ND4100357,,FORMAN CITY OF,,08,,Y,0,1,,FORMAN,,,,VVVVVVVVVVVVU,,46.103761,Place Name Centroid,1,,,110013268551,,20000,SARGENT,-97.637099
,,,Y,ND,,$0,,ND1200369,,FORTUNA CITY OF,,08,,N,0,1,,FORTUNA,,,,_______VVV__U,,48.909712,Place Name Centroid,0,,6,110012903484,,20000,DIVIDE,-103.778874
,,,Y,ND,,$0,,ND0901410,,FRADETS ORCHARD WATER SYSTEM,99999,08,,Y,0,1,,UNK,,,,SSSV__VVVVVVU,,46.927003,County Centroid,1,,17,110013272403,UNK,30000,CASS,-97.252375
,,,Y,ND,,$0,,ND1100379,,FULLERTON CITY OF,,08,,N,0,0,,FULLERTON,,,,____________U,,46.163269,Place Name Centroid,0,,,110013270101,,20000,DICKEY,-98.427305
,,,Y,ND,,$0,,ND2400380,,GACKLE CITY OF,,08,,N,0,0,,GACKLE,,,,____________U,,46.626404,Place Name Centroid,0,,,110013268999,,20000,LOGAN,-99.141408
,,,Y,ND,,$0,,ND4900382,,GALESBURG CITY OF,,08,,N,0,1,,GALESBURG,,,,VV__________U,,47.270184,Place Name Centroid,0,,6,110013266964,,20000,TRAILL,-97.408744
38017,,,Y,ND,09020107,$0,,ND0900387,,GARDNER CITY OF,58036,08,58036,N,0,1,POINT WHERE SUBSTANCE IS RELEASED,GARDNER,,,38017,____________U,090201070104,47.14237,GPS CODE (PSEUDO RANGE) PRECISE POSITION,0,CASS COUNTY,,110011043940,411 FRONT ST,30,CASS,-96.96492
38055,,,Y,ND,10110101,$0,,ND2800389,,GARRISON CITY OF,58540,08,58540,N,0,1,POINT WHERE SUBSTANCE IS RELEASED,GARRISON,,,38055,____________U,101101013701,47.642422,GPS CODE (PSEUDO RANGE) PRECISE POSITION,0,MCLEAN COUNTY,,110013269300,1 WEST CENTRAL AVENUE,30,MCLEAN,-101.429329
,,,Y,ND,,$0,,ND2801430,,GARRISON RURAL WATER ASSOC,99999,08,,N,0,0,,UNK,,,,____________U,,47.653055,County Centroid,0,,9,110013269462,UNK,30000,MCLEAN,-101.421794
,,,Y,ND,,$0,,ND5311611,,GLACIER POTABLE WATER,,08,,N,0,1,,,,,,__VVV_______U,,48.345867,County Centroid,0,,3,110050795252,,30000,WILLIAMS,-103.4874
,,,Y,ND,,$0,,ND4500396,,GLADSTONE CITY OF,,08,,N,0,1,,GLADSTONE,,,,___VVV______U,,46.859077,Place Name Centroid,0,,3,110013266447,,20000,STARK,-102.56669
,,,Y,ND,,$0,,ND3000400,,GLEN ULLIN CITY OF,,08,,N,0,0,,GLEN ULLIN,,,,____________U,,46.811696,Place Name Centroid,0,,,110013269667,,20000,MORTON,-101.833394
,,,Y,ND,,$0,,ND3800397,,GLENBURN CITY OF,,08,,N,0,0,,GLENBURN,,,,____________U,,48.513037,Place Name Centroid,0,,,110013268178,,20000,RENVILLE,-101.220989
,,,Y,ND,,$0,,ND1600398,,GLENFIELD CITY OF,,08,,N,0,0,,GLENFIELD,,,,____________U,,47.455047,Place Name Centroid,0,,,110013270646,,20000,FOSTER,-98.566216
,,,Y,ND,,$0,,ND2900402,,GOLDEN VALLEY CITY OF,,08,,N,0,0,,GOLDEN VALLEY,,,,____________U,,47.290264,Place Name Centroid,0,,6,110012904116,,20000,MERCER,-102.0653
,,,Y,ND,,$0,,ND1700403,,GOLVA CITY OF,58632,08,,N,0,1,,GOLVA,,,38033,____VVV_____U,,46.732255,Zip Code Centroid,0,GOLDEN VALLEY COUNTY,15,110013270664,UNK,10000,GOLDEN VALLEY,-103.98058
,,,Y,ND,,$0,,ND4200404,,GOODRICH CITY OF,,08,,Y,0,1,,GOODRICH,,,,_VVV_______VU,,47.476234,Place Name Centroid,1,,3,110013266232,,20000,SHERIDAN,-100.124796
,,,Y,ND,,$0,,ND5000408,,GRAFTON CITY OF,,08,,N,0,0,,GRAFTON,,,,____________U,,48.41466,Place Name Centroid,0,,,110013267044,,20000,WALSH,-97.406313
,,,Y,ND,,$0,,ND1800410,,GRAND FORKS CITY OF,58201,08,,N,0,0,,GRAND FORKS,,,38035,____________U,,47.868084,Zip Code Centroid,0,GRAND FORKS COUNTY,,110012903698,UNK,10000,GRAND FORKS,-97.113926
,,,Y,ND,,$0,,ND1801062,,GRAND FORKS-TRAILL WATER DISTRICT,58201,08,,N,0,0,,GRAND FORKS,,,38035,____________U,,47.868084,Zip Code Centroid,0,GRAND FORKS COUNTY,,110013270860,UNK,10000,GRAND FORKS,-97.113926
,,,Y,ND,,$0,,ND0900412,,GRANDIN CITY OF,,08,,N,0,0,,GRANDIN,,,,V___________U,,47.236689,Place Name Centroid,0,,9,110013271850,,20000,CASS,-97.00298
38049,,,Y,ND,09010005,$0,,ND2500415,,"GRANVILLE, CITY OF",58741,08,58741,Y,0,1,POINT WHERE SUBSTANCE IS RELEASED,GRANVILLE,,,38049,____________U,090100050605,48.271274,GPS CODE (PSEUDO RANGE) PRECISE POSITION,1,MCHENRY COUNTY,,110011044119,PO BOX 39,30,MCHENRY,-100.846094
38057,,,Y,ND,10130201,$0,,ND2911144,,GREAT PLAINS SYNFUELS PLANT,58523,08,58523,Y,0,1,CENTER OF A FACILITY OR STATION,BEULAH,Y,,38057,_,101302011102,47.360814,GPS CODE (PSEUDO RANGE) PRECISE POSITION,1,MERCER COUNTY,3,110022360899,420 COUNTY 26,10,MERCER,-101.838222
38055,,,Y,ND,10130101,$0,,ND2800954 ND2810954,,GREAT RIVER ENERGY COAL CREEK STATION,58576,08,58577,N,0,0,CENTER OF A FACILITY OR STATION,UNDERWOOD,,,38055,____________U,101301010701,47.378034,,0,MCLEAN COUNTY,,110000494563,2675 3RD STREET SOUTHWEST,35900,MCLEAN,-101.15743
,,,Y,ND,,$0,,ND5300425,,GRENORA CITY OF,,08,,N,0,1,,GRENORA,,,,____VVVV____U,,48.619902,Place Name Centroid,0,,16,110013265439,,20000,WILLIAMS,-103.936656
,,,Y,ND,,$0,,ND0511343,,GROUP CAMP COMPLEX 71,,08,,N,0,1,,,,,,___VVV______U,,48.794412,County Centroid,0,,3,110050860378,,30000,BOTTINEAU,-100.831257
,,,Y,ND,,$0,,ND4100428,,GWINNER CITY OF,,08,,N,0,0,,GWINNER,,,,____________U,,46.230935,Place Name Centroid,0,,,110013268613,,20000,SARGENT,-97.656301
,,,Y,ND,,$0,,ND1500429,,HAGUE CITY OF,,08,,N,0,0,,HAGUE,,,,____________U,,46.028906,Place Name Centroid,0,,6,110012903554,,20000,EMMONS,-99.998955
,,,Y,ND,,$0,,ND0511396,,HAHNS BAY RECREATION AREA,,08,,N,0,0,,,,,,V___________U,,48.794412,County Centroid,0,,3,110050860396,,30000,BOTTINEAU,-100.831257
,,,Y,ND,,$0,,ND1300432,,HALLIDAY CITY OF,,08,,N,0,0,,HALLIDAY,,,,____________U,,47.350808,Place Name Centroid,0,,,110013270361,,20000,DUNN,-102.341044
,,,Y,ND,,$0,,ND3900443,,HANKINSON CITY OF,,08,,N,0,0,,HANKINSON,,,,____________U,,46.07165,Place Name Centroid,0,,,110013268310,,20000,RICHLAND,-96.891843
38039,,,Y,ND,09020203,$0,,ND2000446,,HANNAFORD CITY OF,58448,08,58448,N,0,1,POINT WHERE SUBSTANCE IS RELEASED,HANNAFORD,Y,,38039,____________U,090202030807,47.3081,GPS CODE (PSEUDO RANGE) PRECISE POSITION,0,GRIGGS COUNTY,,110011045289,101 BRIAN ST,30,GRIGGS,-98.18578
,,,Y,ND,,$0,,ND5200458,,HARVEY CITY OF,,08,,N,0,0,,HARVEY,,,,____________U,,47.777511,Place Name Centroid,0,,,110013265322,,20000,WELLS,-99.928954
,,,Y,ND,,$0,,ND0900460,,HARWOOD CITY OF,,08,,N,0,1,,HARWOOD,,,,VVSSVV______U,,46.971947,Place Name Centroid,0,,21,110013271878,,20000,CASS,-96.876261
,,,Y,ND,,$0,,ND4900465,,HATTON CITY OF,,08,,N,0,1,,HATTON,,,,____VVV_____U,,47.636973,Place Name Centroid,0,,6,110012901627,,20000,TRAILL,-97.458764
,,,Y,ND,,$0,,ND1500469,,HAZELTON CITY OF,,08,,N,0,0,,HAZELTON,,,,____________U,,46.485458,Place Name Centroid,0,,,110013270539,,20000,EMMONS,-100.280768
,,,Y,ND,,$0,,ND2911480,,HAZEN BAY RECREATION AREA,,08,,N,0,0,,,,,,____________U,,47.303279,County Centroid,0,,3,110050832809,,30000,MERCER,-101.820765
,,,Y,ND,,$0,,ND2900470,,HAZEN CITY OF,,08,,N,0,0,,HAZEN,,,,____________U,,47.29958,Place Name Centroid,0,,,110013269514,,20000,MERCER,-101.624884
,,,Y,ND,,$0,,ND1911236,,HEART BUTTE F U CAMP,,08,,N,0,0,,,,,,____________U,,46.357827,County Centroid,0,,6,110050817791,,30000,GRANT,-101.639049
,,,Y,ND,,$0,,ND3000473,,HEBRON CITY OF,,08,,N,0,0,,HEBRON,,,,____________U,,46.902416,Place Name Centroid,0,,,110013269685,,20000,MORTON,-102.0447
,,,Y,ND,,$0,,ND0100476,,HETTINGER CITY OF,,08,,N,0,0,,HETTINGER,,,,____________U,,46.003521,Place Name Centroid,0,,,110013273046,,20000,ADAMS,-102.634613
38097,,10/28/1991,Y,ND,09020109,$0,,ND4900482,"$4,663",HILLSBORO CITY OF,58045,08,58045,N,0,1,POINT WHERE SUBSTANCE IS RELEASED,HILLSBORO,Y,,38097,____________U,090201090604,47.41953,GPS CODE (PSEUDO RANGE) PRECISE POSITION,0,TRAILL COUNTY,,110011044903,19 S MAIN,30,TRAILL,-97.04755
38033,,,Y,ND,10110203,$0,,ND1700874,,HOME ON THE RANGE,58654,08,58654,N,0,0,POINT WHERE SUBSTANCE IS RELEASED,SENTINEL BUTTE,,,38033,_,101102030901,46.94535,GPS CODE (PSEUDO RANGE) PRECISE POSITION,0,GOLDEN VALLEY COUNTY,,110022355529,16351 INTERSTATE 94,30,GOLDEN VALLEY,-103.88845
,,,Y,ND,,$0,,ND4600487,,HOPE CITY OF,,08,,N,0,1,,HOPE,,,,___VVV______U,,47.324375,Place Name Centroid,0,,6,110013266651,,20000,STEELE,-97.719274
,,,Y,ND,,$0,,ND0900488,,HORACE CITY OF,,08,,Y,0,1,,HORACE,,,,VVVVVVVVVVVVU,,46.755552,Place Name Centroid,1,,16,110013271896,,20000,CASS,-96.906685
,,,Y,ND,,$0,,ND0900489,,HORSESHOE BEND INVESTMENT,99999,08,,N,0,0,,UNK,,,,____________U,,46.927003,County Centroid,0,,,110012903340,UNK,30000,CASS,-97.252375
,,,Y,ND,,$0,,ND0900492,,HUNTER CITY OF,,08,,Y,0,1,,HUNTER,,,,VVVVVVVVVVVVU,,47.190113,Place Name Centroid,1,,6,110013271985,,20000,CASS,-97.213811
,,,Y,ND,,$0,,ND2711604,,HURLEY ENTERPRISES,,08,,N,0,1,,,,,,___VVV__VVV_U,,47.742475,County Centroid,0,,6,110050840140,,30000,MCKENZIE,-103.403215
,,,Y,ND,,$0,,ND0800083,,IMPERIAL VALLEY WATER CO,99999,08,,N,0,0,,UNK,,,,____________U,,46.971843,County Centroid,0,,,110013271538,UNK,30000,BURLEIGH,-100.462001
,,,Y,ND,,$0,,ND4001136,,INTERNATIONAL PEACE GARDEN,,08,,N,0,0,,,,,,____________U,,48.768272,County Centroid,0,,,110050854376,,30000,ROLETTE,-99.840463
,,,Y,ND,,$0,,ND4711217,,JAMESTOWN CAMPGROUND,,08,,N,0,0,,,,,,____________U,,46.971103,County Centroid,0,,,110050644512,,30000,STUTSMAN,-98.957592
,,,Y,ND,,$0,,ND4700498,,JAMESTOWN CITY OF,,08,,N,0,0,,JAMESTOWN,,,,____________U,,46.907081,Place Name Centroid,0,,9,110013266759,,20000,STUTSMAN,-98.695138
,,,Y,ND,,$0,,ND2300508,,JUD CITY OF,,08,,N,0,0,,JUD,,,,____________U,,46.525858,Place Name Centroid,0,,,110013268775,,20000,LAMOURE,-98.897754
38053,,,Y,ND,10110205,$0,,ND2710909,,JUNIPER CAMPGROUND,58645,08,58854,N,0,0,WELL,MEDORA,,,38007,____________U,101102050209,47.600106,,0,BILLINGS COUNTY,,110056193391,PO BOX 384,35936,MCKENZIE,-103.343342
,,,Y,ND,,$0,,ND0911393,,"K & K CONSTRUCTION AND REPAIR, INC.",,08,,N,0,1,,,,,,_VVV________U,,46.927003,County Centroid,0,,3,110050514305,,30000,CASS,-97.252375
,,,Y,ND,,$0,,ND2500509,,KARLSRUHE CITY OF,,08,,Y,0,1,,KARLSRUHE,,,,SSSSSVVVVVVVU,,48.091021,Place Name Centroid,1,,66,110012903901,,20000,MCHENRY,-100.616221
,,,Y,ND,,$0,,ND4010280,,KELVIN KLINIC BAR,,08,,N,0,1,,,,,,__________VVU,,48.768272,County Centroid,0,,2,110050854410,,30000,ROLETTE,-99.840463
,,,Y,ND,,$0,,ND5100515,,KENMARE CITY OF,,08,,Y,0,1,,KENMARE,,,,VVVVVVVVVVVVU,,48.673062,Place Name Centroid,1,,6,110013267160,,20000,WARD,-102.072234
,,,Y,ND,,$0,,ND4700519,,KENSAL CITY OF,,08,,Y,0,1,,KENSAL,,,,VVVVVVSSVVVVU,,47.300037,Place Name Centroid,1,,14,110012902635,,20000,STUTSMAN,-98.732129
,,,Y,ND,,$0,,ND1300520,,KILLDEER CITY OF,,08,,N,0,0,,KILLDEER,,,,____________U,,47.366774,Place Name Centroid,0,,,110013270405,,20000,DUNN,-102.753602
,,,Y,ND,,$0,,ND1311732,,KILLDEER LODGE,,08,,N,0,0,,,,,,____________U,,47.35461,County Centroid,0,,,110063341913,,30000,DUNN,-102.612365
,,,Y,ND,,$0,,ND0900524,,KINDRED CITY OF,,08,,Y,0,1,,KINDRED,,,,__________VVU,,46.649431,Place Name Centroid,1,,6,110013272001,,20000,CASS,-97.016886
,,,Y,ND,,$0,,ND0910480,,KNICKERBOCKER LIQUOR LOCKER,,08,,N,0,1,,,,,,__VVV_______U,,46.927003,County Centroid,0,,6,110050880828,,30000,CASS,-97.252375
,,,Y,ND,,$0,,ND2300535,,KULM CITY OF,,08,,N,0,0,,KULM,,,,____________U,,46.302247,Place Name Centroid,0,,,110013268855,,20000,LAMOURE,-98.946635
,,,Y,ND,,$0,,ND3200536,,LAKOTA CITY OF,,08,,N,0,0,,LAKOTA,,,,____________U,,48.042667,Place Name Centroid,0,,,110013267491,,20000,NELSON,-98.346785
,,,Y,ND,,$0,,ND2300537,,LAMOURE CITY OF,,08,,Y,0,1,,LA MOURE,,,,VVVVVVVVVVVVU,,46.464195,County Centroid,1,,,110013268891,,30000,LAMOURE,-98.526057
,,,Y,ND,,$0,,ND2310414,,LAMOURE COUNTY MEMORIAL PARK,,08,,N,0,0,,,,,,____________U,,46.464195,County Centroid,0,,,110050887607,,30000,LAMOURE,-98.526057
38019,,,Y,ND,09020313,$0,,ND1000543,,LANGDON CITY OF,58249,08,58249,N,0,0,POINT WHERE SUBSTANCE IS RELEASED,LANGDON,,,38019,____________U,090203160501,48.758861,GPS CODE (PSEUDO RANGE) PRECISE POSITION,0,CAVALIER COUNTY,,110000866536,516 10TH AVE,10,CAVALIER,-98.394392
,,,Y,ND,,$0,,ND1001380,,LANGDON RURAL WATER DISTRICT,58249,08,,N,0,0,,LANGDON,,,38019,____________U,,48.762131,Zip Code Centroid,0,CAVALIER COUNTY,,110013270021,UNK,10000,CAVALIER,-98.369617
,,,Y,ND,,$0,,ND0500549,,LANSFORD CITY OF,,08,,N,0,0,,LANSFORD,,,,____________U,,48.62699,Place Name Centroid,0,,6,110013273572,,20000,BOTTINEAU,-101.375959
38035,,,Y,ND,09020307,$0,,ND1800550,,LARIMORE CITY OF,58251,08,58251,Y,0,1,ENTRANCE POINT OF A FACILITY OR STATION,LARIMORE,Y,,38035,____________U,090203070202,47.90572,ADDRESS MATCHING-HOUSE NUMBER,1,GRAND FORKS COUNTY,,110013270762,122 W MAIN ST,50,GRAND FORKS,-97.624263
,,,Y,ND,,$0,,ND1811323,,LARSONS DRIVE INN,,08,,N,0,1,,,,,,_VVVVVVVVVV_U,,47.926003,County Centroid,0,,14,110050708427,,30000,GRAND FORKS,-97.450851
,,,Y,ND,,$0,,ND0300553,,LEEDS CITY OF,,08,,N,0,0,,LEEDS,,,,____________U,,48.289047,Place Name Centroid,0,,,110013273386,,20000,BENSON,-99.439516
,,,Y,ND,,$0,,ND2600556,,LEHR CITY OF,,08,,Y,0,1,,LEHR,,,,VVVVVVVVVVVVU,,46.282425,Place Name Centroid,1,,3,110013269186,,20000,MCINTOSH,-99.352875
,,,Y,ND,,$0,,ND3900567,,LIDGERWOOD CITY OF,,08,,Y,0,1,,LIDGERWOOD,,,,_________VVVU,,46.073651,Place Name Centroid,1,,15,110012904884,,20000,RICHLAND,-97.144974
,,,Y,ND,,$0,,ND0700569,,LIGNITE CITY OF,,08,,Y,0,1,,LIGNITE,,,,__________VVU,,48.877463,Place Name Centroid,1,,3,110012902984,,20000,BURKE,-102.564303
,,,Y,ND,,$0,,ND0800570,,LINCOLN CITY OF,,08,,N,0,1,,LINCOLN,,,,_________VV_U,,46.76738,Place Name Centroid,0,,3,110013271583,,20000,BURLEIGH,-100.701704
,,,Y,ND,,$0,,ND1500571,,LINTON CITY OF,,08,,N,0,0,,LINTON,,,,____________U,,46.268549,Place Name Centroid,0,,,110013270566,,20000,EMMONS,-100.23337
,,,Y,ND,,$0,,ND3700574,,LISBON CITY OF,,08,,N,0,0,,LISBON,,,,____________U,,46.438037,Place Name Centroid,0,,,110013268105,,20000,RANSOM,-97.684407
,,,Y,ND,,$0,,ND0200581,,LITCHVILLE CITY OF,,08,,N,0,1,,LITCHVILLE,,,,___VVV___VV_U,,46.657602,Place Name Centroid,0,,9,110012907676,,20000,BARNES,-98.191825
,,,Y,ND,,$0,,ND5311497,,LITTLE BEAVER BAY REC AREA,,08,,Y,0,1,,,,,,VVVVVVVVVVVVU,,48.345867,County Centroid,1,,11,110050717621,,30000,WILLIAMS,-103.4874
,,,Y,ND,,$0,,ND5301766,,LUKENBILL ESTATES,,08,,Y,0,1,,,,,,__VVVVVVVVVVU,,48.345867,County Centroid,1,,16,110063364915,,30000,WILLIAMS,-103.4874
,,,Y,ND,,$0,1,ND2701631,,M&M PARK,,08,,N,0,1,,,,,,____VVV__VV_U,,47.742475,County Centroid,0,,6,110048638890,,30000,MCKENZIE,-103.403215
,,,Y,ND,,$0,,ND0300587,,MADDOCK CITY OF,,08,,N,0,0,,MADDOCK,,,,____________U,,47.962444,Place Name Centroid,0,,,110013273411,,20000,BENSON,-99.529241
,,,Y,ND,,$0,,ND0511341,,MAID O MOON SHINE CAMPGROUND,,08,,N,0,0,,,,,,____________U,,48.794412,County Centroid,0,,,110050860332,,30000,BOTTINEAU,-100.831257
,,,Y,ND,,$0,,ND5100593,,MAKOTI CITY OF,,08,,Y,0,1,,MAKOTI,,,,VVVVVVVVVVVVU,,47.960538,Place Name Centroid,1,,,110013267213,,20000,WARD,-101.80454
,,,Y,ND,,$0,,ND3000596,,MANDAN CITY OF,,08,,N,0,0,,MANDAN,,,,____________U,,46.827403,Place Name Centroid,0,,,110012904241,,20000,MORTON,-100.884523
,,,Y,ND,,$0,,ND1300606,,MANNING WATER BOARD,99999,08,,Y,0,1,,MANNING,,,38025,VVVVVVVVVVVVU,,47.231035,Place Name Centroid,1,DUNN COUNTY,6,110013270423,UNK,20000,DUNN,-102.770375
,,,Y,ND,,$0,,ND3900607,,MANTADOR CITY OF,,08,,N,0,0,,MANTADOR,,,,____________U,,46.165473,Place Name Centroid,0,,,110013268338,,20000,RICHLAND,-96.977837
,,,Y,ND,,$0,,ND1101481,,MAPLE RIVER HUTTERIAN ASSOCIATION,,08,,N,0,0,,,,,,____________U,,46.107756,County Centroid,0,,,110048012958,,30000,DICKEY,-98.496518
,,,Y,ND,,$0,,ND0900613,,MAPLETON CITY OF,,08,,N,0,0,,MAPLETON,,,,____________U,,46.891259,Place Name Centroid,0,,,110012903420,,20000,CASS,-97.053042
,,,Y,ND,,$0,,ND4400615,,MARMARTH CITY OF,,08,,Y,0,1,,MARMARTH,,,,__________VVU,,46.301368,Place Name Centroid,1,,9,110013266349,,20000,SLOPE,-103.934837
,,,Y,ND,,$0,,ND2800619,,MAX CITY OF,,08,,Y,0,1,,MAX,,,,VVVVVVVVVVVVU,,47.820558,Place Name Centroid,1,,6,110013269337,,20000,MCLEAN,-101.291522
,,,Y,ND,,$0,,ND0500620,,MAXBASS CITY OF,,08,,Y,0,1,,MAXBASS,,,,VVVVVVVVVVSSU,,48.722421,Place Name Centroid,1,,14,110013273616,,20000,BOTTINEAU,-101.142354
,,,Y,ND,,$0,,ND4900622,,MAYVILLE CITY OF,,08,,N,0,0,,MAYVILLE,,,,____________U,,47.498054,Place Name Centroid,0,,,110013267008,,20000,TRAILL,-97.326169
,,,Y,ND,,$0,,ND4200626,,MC CLUSKY CITY OF,,08,,N,0,0,,MCCLUSKY,,,,____________U,,47.484052,Place Name Centroid,0,,,110013266269,,20000,SHERIDAN,-100.442735
,,,Y,ND,,$0,,ND3200636,,MC VILLE CITY OF,,08,,N,0,0,,MCVILLE,,,,____________U,,47.765116,Place Name Centroid,0,,,110013267473,,20000,NELSON,-98.175442
,,,Y,ND,,$0,,ND2701477,,MCKENZIE COUNTY RURAL WATER,99999,08,,Y,0,1,,UNK,,,,VVVVVVVVVVVVU,,47.742475,County Centroid,1,,,110022982619,UNK,30000,MCKENZIE,-103.403215
,,,Y,ND,,$0,,ND2701682,,MCKENZIE COUNTY RW-SYSTEM 2,,08,,N,0,0,,,,,,____________U,,47.742475,County Centroid,0,,3,110063374682,,30000,MCKENZIE,-103.403215
,,,Y,ND,,$0,,ND2801400,,MCLEAN-SHERIDAN RURAL WATER,99999,08,,N,0,0,,UNK,,,,____________U,,47.653055,County Centroid,0,,6,110012904054,UNK,30000,MCLEAN,-101.421794
,,,Y,ND,,$0,,ND2801696,,MCLEAN-SHERIDAN WATER DISTRICT-SYSTEM 2,,08,,N,0,1,,,,,,SV__________U,,47.653055,County Centroid,0,,17,110063333637,,30000,MCLEAN,-101.421794
,,,Y,ND,,$0,,ND3211493,,MCVILLE FARMERS UNION,,08,,N,0,1,,,,,,_VVVVVVVVV__U,,47.918667,County Centroid,0,,35,110050818219,,30000,NELSON,-98.204428
,,,Y,ND,,$0,,ND1311473,,MEDICINE HOLE GOLF COURSE,,08,,N,0,0,,,,,,____________U,,47.35461,County Centroid,0,,,110050852564,,30000,DUNN,-102.612365
,,,Y,ND,,$0,,ND4700637,,MEDINA CITY OF,,08,,N,0,0,,MEDINA,,,,____________U,,46.895225,Place Name Centroid,0,,,110013266786,,20000,STUTSMAN,-99.299873
,,,Y,ND,,$0,,ND0400638,,MEDORA CITY OF,,08,,N,0,0,,MEDORA,,,,____________U,,46.91346,Place Name Centroid,0,,3,110013273527,,20000,BILLINGS,-103.526077
,,,Y,ND,,$0,,ND2800650,,MERCER CITY OF,,08,,Y,0,1,,MERCER,,,,VVVVVVVVVVVVU,,47.490535,Place Name Centroid,1,,12,110013269355,,20000,MCLEAN,-100.710763
,,,Y,ND,,$0,,ND0511249,,METIGOSHE DRIVE INN,,08,,Y,0,1,,,,,,_VVVVVVVVVVVU,,48.794412,County Centroid,1,,6,110050860252,,30000,BOTTINEAU,-100.831257
,,,Y,ND,,$0,,ND0510106,,METIGOSHE MINISTRIES-CENTER SITE,,08,,N,0,1,,,,,,V____VVVVVV_U,,48.794412,County Centroid,0,,7,110050787840,,30000,BOTTINEAU,-100.831257
,,,Y,ND,,$0,,ND0511305,,METIGOSHE MINISTRIES-PELICAN LAKE,,08,,N,0,1,,,,,,_____VVV_VV_U,,48.794412,County Centroid,0,,4,110050860298,,30000,BOTTINEAU,-100.831257
,,,Y,ND,,$0,,ND3200653,,MICHIGAN CITY OF,,08,,N,0,0,,MICHIGAN CITY,,,,____________U,,48.02442,Place Name Centroid,0,,,110013267525,,20000,NELSON,-98.12012
,,,Y,ND,,$0,,ND4101425,,MILNOR CITY OF,,08,,N,0,0,,MILNOR,,,,____________U,,46.26148,Place Name Centroid,0,,,110013268695,,20000,SARGENT,-97.456922
,,,Y,ND,,$0,,ND1000658,,MILTON CITY OF,,08,,Y,0,1,,MILTON,,,,___________VU,,48.626355,Place Name Centroid,1,,3,110013272494,,20000,CAVALIER,-98.045896
,,,Y,ND,,$0,,ND3310177,,MILTON R YOUNG STATION WELL - MPC,,08,,N,0,1,,,,,,______VVV___U,,47.118079,County Centroid,0,,3,110050818237,,30000,OLIVER,-101.33142
38005,,,Y,ND,09020201,$0,,ND0300659,,MINNEWAUKEN - CITY OF WTP,58351,08,58351,Y,0,1,,MINNEWAUKAN,,,38005,____VVV_____U,090202010704,48.078128,,1,BENSON COUNTY,6,110011042601,P.O. BOX 192,17466,BENSON,-99.265358
,,,Y,ND,,$0,,ND5100660,,MINOT CITY OF,,08,,N,0,0,,MINOT,,,,____________U,,48.233938,Place Name Centroid,0,,,110012901725,,20000,WARD,-101.290746
,,,Y,ND,,$0,,ND5000691,,MINTO CITY OF,,08,,N,0,0,,MINTO,,,,____________U,,48.292392,Place Name Centroid,0,,,110012901663,,20000,WALSH,-97.373016
,,,Y,ND,,$0,,ND3001431,,MISSOURI WEST WATER SYSTEM,99999,08,,N,0,0,,UNK,,,,____________U,,46.713789,County Centroid,0,,,110013269747,UNK,30000,MORTON,-101.279743
,,,Y,ND,,$0,,ND5311471,,MISSOURI-YELLOWSTONE INTERPRETIVE CENTER,,08,,N,0,1,,,,,,_VVV___VVVV_U,,48.345867,County Centroid,0,,7,110050717578,,30000,WILLIAMS,-103.4874
,,,Y,ND,,$0,,ND3800695,,MOHALL CITY OF,,08,,N,0,0,,MOHALL,,,,____________U,,48.76609,Place Name Centroid,0,,3,110013268196,,20000,RENVILLE,-101.516996
,,,Y,ND,,$0,,ND3111579,,MON-DAK WATER & SEPTIC,,08,,N,0,0,,,,,,____________U,,48.210291,County Centroid,0,,,110050644371,,30000,MOUNTRAIL,-102.364756
,,,Y,ND,,$0,,ND1100698,,MONANGO CITY OF,,08,,Y,0,1,,MONANGO,,,,VVVVVVVVVVVVU,,46.173345,Place Name Centroid,1,,,110012903457,,20000,DICKEY,-98.59515
,,,Y,ND,,$0,,ND4701151,,MONTPELIER CITY OF,,08,,N,0,0,,MONTPELIER,,,,____________U,,46.699001,Place Name Centroid,0,,,110013266848,,20000,STUTSMAN,-98.589075
,,,Y,ND,,$0,,ND3900703,,MOORETON CITY OF,,08,,N,0,0,,MOORETON,,,,____________U,,46.268881,Place Name Centroid,0,,,110013268365,,20000,RICHLAND,-96.875935
,,,Y,ND,,$0,,ND2100704,,MOTT CITY OF,,08,,N,0,0,,MOTT,,,,____________U,,46.374122,Place Name Centroid,0,,,110013271173,,20000,HETTINGER,-102.31969
,,,Y,ND,,$0,,ND3400707,,MOUNTAIN CITY OF,,08,,N,0,1,,MOUNTAIN,,,,____VVV_VVV_U,,48.684086,Place Name Centroid,0,,19,110013267758,,20000,PEMBINA,-97.864916
,,,Y,ND,,$0,,ND2711659,,MUSKET CORPORATION-DORE TRANSLOADING FACILITY,58838,08,,N,0,0,,DORE,,,38053,_,,47.855822,Zip Code Centroid,0,MCKENZIE COUNTY,,110066825779,COUNTY RD 140 AND HWY 58,10000,MCKENZIE,-103.94286
,,,Y,ND,,$0,,ND2400715,,NAPOLEON CITY OF,,08,,N,0,0,,NAPOLEON,,,,____________U,,46.503905,Place Name Centroid,0,,,110013269024,,20000,LOGAN,-99.768413
,,,Y,ND,,$0,1,ND2711664,,ND INDOOR RV PARK,,08,,N,0,0,,,,,,____________U,,47.742475,County Centroid,0,,,110063331345,,30000,MCKENZIE,-103.403215
,,,Y,ND,,$0,,ND3400720,,NECHE CITY OF,,08,,N,0,1,,NECHE,,,,____VVV_____U,,48.983037,Place Name Centroid,0,,3,110013267785,,20000,PEMBINA,-97.551627
,,,Y,ND,,$0,,ND1000721,,NEKOMA CITY OF,,08,,Y,0,1,,NEKOMA,,,,VVVVVVVVVVVVU,,48.578509,Place Name Centroid,1,,3,110013270003,,20000,CAVALIER,-98.376625
,,,Y,ND,,$0,,ND2100726,,NEW ENGLAND CITY OF,,08,,N,0,0,,NEW ENGLAND,,,,____________U,,46.540772,Place Name Centroid,0,,,110013271208,,20000,HETTINGER,-102.867038
,,,Y,ND,,$0,,ND1300730,,NEW HRADEC WATERWORKS,99999,08,,Y,0,1,,NEW HRADEC,,,38025,______VVVVVVU,,47.35461,County Centroid,1,DUNN COUNTY,15,110012903527,UNK,30000,DUNN,-102.612365
,,,Y,ND,,$0,,ND1900731,,NEW LEIPZIG CITY OF,,08,,N,0,0,,NEW LEIPZIG,,,,____________U,,46.375813,Place Name Centroid,0,,,110013270931,,20000,GRANT,-101.951668
,,,Y,ND,,$0,,ND1400732,,NEW ROCKFORD CITY OF,,08,,N,0,1,,NEW ROCKFORD,,,,_________VVVU,,47.678853,Place Name Centroid,0,,3,110013270441,,20000,EDDY,-99.134104
,,,Y,ND,,$0,,ND3000736,,NEW SALEM CITY OF,,08,,N,0,0,,NEW SALEM,,,,____________U,,46.844091,Place Name Centroid,0,,,110012904278,,20000,MORTON,-101.417967
,,,Y,ND,,$0,,083890029,,"NEW TOWN, CITY OF",,08,,N,0,0,,,,,,____________U,,47.456954,State Centroid,0,,,083890029,,100000,,-100.46193
,,,Y,ND,,$0,,ND0200747,,NOME CITY OF,,08,,Y,0,1,,NOME,,,,VVVVVVVVVVVVU,,46.675668,Place Name Centroid,1,,,110013273180,,20000,BARNES,-97.816467
,,,Y,ND,,$0,,ND1200748,,NOONAN CITY OF,,08,,N,0,0,,NOONAN,,,,____________U,,48.890332,Place Name Centroid,0,,9,110013270290,,20000,DIVIDE,-103.010287
,,,Y,ND,,$0,,ND1210766,,NOONAN CITY WELL 1 (COFFEE),,08,,N,0,0,,,,,,____________U,,48.818142,County Centroid,0,,3,110050875344,,30000,DIVIDE,-103.497653
,,,Y,ND,,$0,,ND2801487,,NORTH CENTRAL RW CONSORTIUM (RIVERDALE),,08,,N,0,0,,,,,,____________U,,47.653055,County Centroid,0,,,110048013430,,30000,MCLEAN,-101.421794
,,,Y,ND,,$0,,ND5101125,,NORTH PRAIRIE RWU-SYSTEM I,99999,08,,Y,0,1,,UNK,,,,VVVVVVVVVVVVU,,48.216686,County Centroid,1,,,110013267455,UNK,30000,WARD,-101.540537
,,,Y,ND,,$0,,ND5101065,,NORTH PRAIRIE RWU-SYSTEM III,,08,,N,0,0,,,,,,____________U,,48.216686,County Centroid,0,,,110012901761,,30000,WARD,-101.540537
,,,Y,ND,,$0,,ND3401128,,NORTH VALLEY WD-SYSTEM II - AKRA,99999,08,,N,0,0,,UNK,,,,____________U,,48.766896,County Centroid,0,,,110013267883,UNK,30000,PEMBINA,-97.545405
,,,Y,ND,,$0,,ND5101687,,NORTHWESTERN AREA WATER SUPPLY,,08,,N,0,0,,,,,,____________U,,48.216686,County Centroid,0,,,110063335083,,30000,WARD,-101.540537
,,,Y,ND,,$0,,ND1800753,,NORTHWOOD CITY OF,58267,08,,N,0,1,,NORTHWOOD,,,38035,______VVV___U,,47.735137,Zip Code Centroid,0,GRAND FORKS COUNTY,6,110013270833,UNK,10000,GRAND FORKS,-97.571078
,,,Y,ND,,$0,,ND1100758,,OAKES CITY OF,,08,,N,0,0,,OAKES,,,,____________U,,46.139383,Place Name Centroid,0,,,110013270192,,20000,DICKEY,-98.087707
,,,Y,ND,,$0,,ND1110760,,OAKES GOLF CLUB,,08,,N,0,1,,,,,,VSSSVVVVVVVVU,,46.107756,County Centroid,0,,21,110050658221,,30000,DICKEY,-98.496518
,,,Y,ND,,$0,,ND0300762,,OBERON CITY OF,,08,,Y,0,1,,OBERON,,,,VVVSSVVVVVVVU,,47.924004,Place Name Centroid,1,,3,110013273484,,20000,BENSON,-99.206431
,,,Y,ND,,$0,,ND0200763,,ORISKA CITY OF,,08,,Y,0,1,,ORISKA,,,,VVVVVVVVVVVVU,,46.931362,Place Name Centroid,1,,,110013273215,,20000,BARNES,-97.790679
,,,Y,ND,,$0,,ND1000768,,OSNABROCK CITY OF,,08,,N,0,0,,OSNABROCK,,,,____________U,,48.670163,Place Name Centroid,0,,,110013269989,,20000,CAVALIER,-98.149397
,,,Y,ND,,$0,,ND0901363,,OXBOW CITY OF,,08,,N,0,0,,OXBOW,,,,____________U,,46.672026,Place Name Centroid,0,,3,110013272350,,20000,CASS,-96.801835
,,,Y,ND,,$0,,ND0900769,,PAGE CITY OF,,08,,N,0,0,,PAGE,,,,____________U,,47.157942,Place Name Centroid,0,,,110013272047,,20000,CASS,-97.570545
,,,Y,ND,,$0,,ND5000773,,PARK RIVER CITY OF,,08,,N,0,0,,PARK RIVER,,,,____________U,,48.393607,Place Name Centroid,0,,,110013267080,,20000,WALSH,-97.744068
,,,Y,ND,,$0,,083890030,,"PARSHALL, CITY OF",,08,,N,0,1,,,,,,_________V__U,,47.456954,State Centroid,0,,,083890030,,100000,,-100.46193
,,,Y,ND,,$0,,ND2710033,,PDQ CLUB,,08,,Y,0,1,,,,,,VVVVVVVVVVVVU,,47.742475,County Centroid,1,,11,110050888893,,30000,MCKENZIE,-103.403215
,,,Y,ND,,$0,,ND3200776,,PEKIN CITY OF,,08,,N,0,0,,PEKIN,,,,____________U,,47.791922,Place Name Centroid,0,,,110013267561,,20000,NELSON,-98.327833
,,,Y,ND,,$0,,ND0511413,,PELICAN LAKE CAMPGROUND,,08,,N,0,0,,,,,,____________U,,48.794412,County Centroid,0,,,110050707918,,30000,BOTTINEAU,-100.831257
,,,Y,ND,,$0,,ND3400777,,PEMBINA CITY OF,,08,,N,0,0,,PEMBINA,,,,____________U,,48.966092,Place Name Centroid,0,,,110013267801,,20000,PEMBINA,-97.247752
,,,Y,ND,,$0,,ND2900789,,PICK CITY CITY OF,,08,,N,0,0,,PICK CITY,,,,____________U,,47.511658,Place Name Centroid,0,,,110013269532,,20000,MERCER,-101.457147
,,,Y,ND,,$0,,ND0811391,,PIONEER PARK,,08,,N,0,0,,,,,,____________U,,46.971843,County Centroid,0,,,110050887545,,30000,BURLEIGH,-100.462001
,,,Y,ND,,$0,,ND3100798,,PLAZA CITY OF,,08,,Y,0,1,,PLAZA,,,,VVVVVVVVVVVVU,,48.025554,Place Name Centroid,1,,18,110013269818,,20000,MOUNTRAIL,-101.959324
,,,Y,ND,,$0,,ND0700800,,PORTAL CITY OF,,08,,N,0,0,,PORTAL,,,,____________U,,48.995685,Place Name Centroid,0,,,110013271440,,20000,BURKE,-102.54744
,,,Y,ND,,$0,,ND4900803,,PORTLAND CITY OF,,08,,N,0,0,,PORTLAND,,,,____________U,,47.4993,Place Name Centroid,0,,,110012901645,,20000,TRAILL,-97.369328
,,,Y,ND,,$0,,ND0700804,,POWERS LAKE CITY OF,,08,,N,0,0,,POWERS LAKE,,,,____________U,,48.563607,Place Name Centroid,0,,,110013271486,,20000,BURKE,-102.64344
,,,Y,ND,,$0,1,ND5301555,,R & R TRAILER COURT,,08,,Y,0,1,,,,,,VVVVVVSSSVVVU,,48.345867,County Centroid,1,,3,110048564594,,30000,WILLIAMS,-103.4874
,,,Y,ND,,$0,1,ND2711676,,RAKKEN ARROW RV PARK,,08,,N,0,0,,,,,,____________U,,47.742475,County Centroid,0,,,110063373683,,30000,MCKENZIE,-103.403215
,,,Y,ND,,$0,,ND1601470,,RAMSEY COUNTY RU - CARRINGTON,99999,08,,N,0,0,,UNK,,,,____________U,,47.464327,County Centroid,0,,,110016811146,UNK,30000,FOSTER,-98.872817
,,,Y,ND,,$0,,ND3601424,,RAMSEY COUNTY RURAL UTILITIES,99999,08,,N,0,0,,UNK,,,,____________U,,48.265551,County Centroid,0,,,110013268052,UNK,30000,RAMSEY,-98.737329
,,,Y,ND,,$0,,ND3701448,,RANSOM-SARGENT RURAL WATER CORE,58031,08,,N,0,0,,FINGAL,,,38003,____________U,,46.7471,Zip Code Centroid,0,BARNES COUNTY,,110013268123,UNK,10000,BARNES,-97.576788
,,,Y,ND,,$0,,ND5301152,,RAY AND TIOGA WATER SYSTEM,58449,08,,N,0,0,,RAY,,,38105,____________U,,48.342666,Place Name Centroid,0,WILLIAMS COUNTY,,110013265581,UNK,20000,WILLIAMS,-103.161645
,,,Y,ND,,$0,,ND5300809,,RAY CITY OF,,08,,N,0,0,,,,,,____________U,,48.345867,County Centroid,0,,,110048379982,,30000,WILLIAMS,-103.4874
,,,Y,ND,,$0,,ND2011162,,RED WILLOW LAKE RESORT,,08,,N,0,0,,,,,,____________U,,47.463463,County Centroid,0,,,110050924443,,30000,GRIGGS,-98.232444
,,,Y,ND,,$0,,ND0100812,,REEDER CITY OF,,08,,Y,0,1,,REEDER,,,,VVVVVVVVVVVVU,,46.107098,Place Name Centroid,1,,9,110013273091,,20000,ADAMS,-102.942581
,,,Y,ND,,$0,,ND2100816,,REGENT CITY OF,,08,,Y,0,1,,REGENT,,,,VVSSSSVVVVVVU,,46.422198,Place Name Centroid,1,,12,110013271226,,20000,HETTINGER,-102.558205
38011,,,Y,ND,10110201,$0,,ND0600819,,RHAME CITY OF,58651,08,58651,N,0,1,POINT WHERE SUBSTANCE IS RELEASED,RHAME,,,38011,____________U,101102010907,46.22855,GPS CODE (PSEUDO RANGE) PRECISE POSITION,0,BOWMAN COUNTY,,110022359017,100 S MAIN ST,10,BOWMAN,-103.65187
,,,Y,ND,,$0,,ND4500821,,RICHARDTON CITY OF,,08,,N,0,0,,RICHARDTON,,,,____________U,,46.884369,Place Name Centroid,0,,,110013266465,,20000,STARK,-102.315674
,,,Y,ND,,$0,1,ND2701623,,RIDGEVIEW PARK,,08,,Y,0,1,,,,,,VVVVVVVVVVVVU,,47.742475,County Centroid,1,,12,110048638809,,30000,MCKENZIE,-103.403215
,,,Y,ND,,$0,,ND0910560,,RINGNECK BAR & GRILL,,08,,N,0,1,,,,,,_VVVVVV__VV_U,,46.927003,County Centroid,0,,9,110050880882,,30000,CASS,-97.252375
,,,Y,ND,,$0,,ND2800825,,RIVERDALE CITY OF,,08,,N,0,0,,RIVERDALE,,,,____________U,,47.497078,Place Name Centroid,0,,,110012904027,,20000,MCLEAN,-101.365427
,,,Y,ND,,$0,,ND0901365,,RIVERDALE SUBDIVISION,99999,08,,N,0,1,,UNK,,,,__VVV___VVV_U,,46.927003,County Centroid,0,,8,110013272378,UNK,30000,CASS,-97.252375
,,,Y,ND,,$0,,ND3000598,,RIVERVIEW HEIGHTS,58554,08,,Y,0,1,,MANDAN,,,38059,VSSVVSSVVVVVU,,46.822928,Zip Code Centroid,1,MORTON COUNTY,15,110013269729,UNK,10000,MORTON,-100.884364
,,,Y,ND,,$0,,ND2200827,,ROBINSON CITY OF,,08,,N,0,1,,ROBINSON,,,,V____VVVV___U,,47.142255,Place Name Centroid,0,,15,110013271253,,20000,KIDDER,-99.780278
,,,Y,ND,,$0,,ND4800828,,ROCK LAKE CITY OF,,08,,N,0,0,,ROCKLAKE,,,,____________U,,48.790166,Place Name Centroid,0,,3,110013266937,,20000,TOWNER,-99.246085
,,,Y,ND,,$0,,ND4000833,,ROLETTE CITY OF,,08,,N,0,0,,ROLETTE,,,,____________U,,48.660831,Place Name Centroid,0,,,110013268472,,20000,ROLETTE,-99.841751
,,,Y,ND,,$0,,ND4000834,,ROLLA CITY OF,,08,,N,0,0,,ROLLA,,,,____________U,,48.843585,Place Name Centroid,0,,3,110013268506,,20000,ROLETTE,-99.60951
,,,Y,ND,,$0,,ND3100838,,ROSS CITY OF,,08,,Y,0,1,,ROSS,,,,VVVSSSSVVVVVU,,48.31286,Place Name Centroid,1,,76,110013269836,,20000,MOUNTRAIL,-102.543632
,,,Y,ND,,$0,,ND3500842,,RUGBY CITY OF,,08,,N,0,0,,RUGBY,,,,____________U,,48.366629,Place Name Centroid,0,,,110013267963,,20000,PIERCE,-99.992145
,,,Y,ND,,$0,,ND4100848,,RUTLAND CITY OF,,08,,N,0,1,,RUTLAND,,,,V_____VVV___U,,46.054326,Place Name Centroid,0,,6,110013268640,,20000,SARGENT,-97.506836
,,,Y,ND,,$0,,ND5100849,,RYDER CITY OF,,08,,N,0,1,,RYDER,,,,VVV____VVV__U,,47.918132,Place Name Centroid,0,,2,110013267339,,20000,WARD,-101.672906
,,,Y,ND,,$0,,ND0200858,,SANBORN CITY OF,,08,,Y,0,1,,SANBORN,,,,VVVVVVVVVVVVU,,46.942114,Place Name Centroid,1,,3,110013273233,,20000,BARNES,-98.223959
,,,Y,ND,,$0,,ND5100868,,SAWYER CITY OF,,08,,N,0,0,,SAWYER,,,,____________U,,48.089442,Place Name Centroid,0,,,110013267366,,20000,WARD,-101.053356
,,,Y,ND,,$0,,ND0600869,,SCRANTON CITY OF,,08,,N,0,0,,SCRANTON,,,,____________U,,46.146693,Place Name Centroid,0,,2,110013271351,,20000,BOWMAN,-103.142717
,,,Y,ND,,$0,,ND4300871,,SELFRIDGE CITY OF,,08,,N,0,1,,SELFRIDGE,,,,VVV__VVVVVV_U,,46.042002,Place Name Centroid,0,,25,110013266296,,20000,SIOUX,-100.92421
,,,Y,ND,,$0,,ND3501069,,SELZ WATER USERS ASSOCIATION,99999,08,,N,0,0,,UNK,,,,V___________U,,48.238883,County Centroid,0,,,110012904385,UNK,30000,PIERCE,-99.966497
,,,Y,ND,,$0,,ND1700870,,SENTINEL BUTTE CITY OF,58654,08,,N,0,1,,SENTINEL BUTTE,,,38033,__VVVVVVVVVVU,,46.916193,Zip Code Centroid,0,GOLDEN VALLEY COUNTY,,110013270691,UNK,10000,GOLDEN VALLEY,-103.83603
,,,Y,ND,,$0,,ND4600875,,SHARON CITY OF,,08,,Y,0,1,,SHARON,,,,__________VVU,,47.594064,Place Name Centroid,1,,5,110013266697,,20000,STEELE,-97.904971
,,,Y,ND,,$0,,ND3700876,,SHELDON CITY OF,,08,,N,0,0,,SHELDON,,,,____________U,,46.587426,Place Name Centroid,0,,,110012904571,,20000,RANSOM,-97.491948
,,,Y,ND,,$0,,ND3800877,,SHERWOOD CITY OF,,08,,N,0,0,,SHERWOOD,,,,____________U,,48.961857,Place Name Centroid,0,,,110013268221,,20000,RENVILLE,-101.632885
,,,Y,ND,,$0,,ND1400879,,SHEYENNE CITY OF,,08,,N,0,0,,SHEYENNE,,,,V___________U,,47.827258,Place Name Centroid,0,,3,110013270478,,20000,EDDY,-99.116945
,,,Y,ND,,$0,,ND2711599,,SHORT STOP CONVENIENCE STORE,,08,,N,0,1,,,,,,VVVV_VVV____U,,47.742475,County Centroid,0,,8,110050854116,,30000,MCKENZIE,-103.403215
,,,Y,ND,,$0,,ND0200882,,SIBLEY CITY OF,,08,,N,0,1,,SIBLEY,,,,VVVVVVVVVVV_U,,47.218674,Place Name Centroid,0,,,110013273251,,20000,BARNES,-97.965294
,,,Y,ND,,$0,,ND5010350,,SIDETRACK BAR & DAM CAFE,,08,,N,0,1,,,,,,_______V____U,,48.376979,County Centroid,0,,3,110050802440,,30000,WALSH,-97.72223
,,,Y,ND,,$0,,ND3711683,,SILVER PRAIRIE SALOON,,08,,Y,0,1,,,,,,VV_________VU,,46.449276,County Centroid,1,,3,110063352054,,30000,RANSOM,-97.647554
,,,Y,ND,,$0,,ND0900490,,SLEEPY HOLLOW WATER COMPANY,99999,08,,N,0,0,,UNK,,,,____________U,,46.927003,County Centroid,0,,,110013271967,UNK,30000,CASS,-97.252375
,,,Y,ND,,$0,,ND4300884,,SOLEN CITY OF,,08,,Y,0,1,,SOLEN,,,,SSSVVVVVVVVVU,,46.387726,Place Name Centroid,1,,8,110013266321,,20000,SIOUX,-100.795682
,,,Y,ND,,$0,,ND0500887,,SOURIS CITY OF,,08,,N,0,0,,SOURIS,,,,____________U,,48.910034,Place Name Centroid,0,,10,110013273689,,20000,BOTTINEAU,-100.682601
,,,Y,ND,,$0,,ND0801154,,SOUTH CENTRAL REGIONAL WATER DISTRICT,,08,,N,0,0,,,,,,____________U,,46.971843,County Centroid,0,,,110013271690,,30000,BURLEIGH,-100.462001
,,,Y,ND,,$0,,ND0801502,,SOUTH CENTRAL RWD NORTH BURLEIGH,,08,,N,0,0,,,,,,____________U,,46.971843,County Centroid,0,,,110048707609,,30000,BURLEIGH,-100.462001
,,,Y,ND,,$0,,ND1501653,,SOUTH CENTRAL RWD-EMMONS,,08,,N,0,0,,,,,,____________U,,46.284255,County Centroid,0,,,110063370061,,30000,EMMONS,-100.237842
38089,,,Y,ND,10130202,$0,,ND4500891,,SOUTH HEART CITY OF,58655,08,58655,N,0,1,POINT WHERE SUBSTANCE IS RELEASED,SOUTH HEART,,,38089,____________U,101302020304,46.86595,GPS CODE (PSEUDO RANGE) PRECISE POSITION,0,STARK COUNTY,,110011044510,103 6TH ST NW,30,STARK,-102.98075
,,,Y,ND,,$0,,ND3901068,,SOUTHEAST WATER USERS DISTRICT,,08,,N,0,0,,WAHPETON,,,,____________U,,46.271929,Place Name Centroid,0,,,110013268427,,20000,RICHLAND,-96.611763
,,,Y,ND,,$0,,ND0311637,,SOUTHEND R & R,,08,,N,0,0,,,,,,____________U,,48.071738,County Centroid,0,,,110050852092,,30000,BENSON,-99.361987
,,,Y,ND,,$0,,ND2901491,,SOUTHWEST WA - ZAP TREATMENT PLANT,,08,,N,0,1,,,,,,VV__________U,,47.303279,County Centroid,0,,3,110048360803,,30000,MERCER,-101.820765
,,,Y,ND,,$0,,ND3001488,,SOUTHWEST WA-CROWN BUTTE(MISSOURI WEST),,08,,N,0,0,,,,,,____________U,,46.713789,County Centroid,0,,,110048485108,,30000,MORTON,-101.279743
,,,Y,ND,,$0,,ND3001490,,SOUTHWEST WA-JUNCTION INN(MISSOURI WEST),,08,,N,0,0,,,,,,____________U,,46.713789,County Centroid,0,,,110048485162,,30000,MORTON,-101.279743
,,,Y,ND,,$0,,ND3001489,,SOUTHWEST WA-TOWER HILL (MISSOURI WEST),,08,,N,0,0,,,,,,____________U,,46.713789,County Centroid,0,,,110048485135,,30000,MORTON,-101.279743
,,,Y,ND,,$0,,ND4501434,,SOUTHWEST WATER AUTHORITY,58601,08,,N,0,0,,DICKINSON,,,38089,____________U,,46.89381,Zip Code Centroid,0,STARK COUNTY,,110013266599,UNK,10000,STARK,-102.782489
38079,,,Y,ND,09020313,$0,,ND4000854,,ST JOHN CITY OF,58369,08,58369,Y,0,1,POINT WHERE SUBSTANCE IS RELEASED,ST JOHN,,,38079,VVVVVVVVVVVVU,,48.949852,GPS CODE (PSEUDO RANGE) PRECISE POSITION,1,ROLETTE COUNTY,,110022361335,100 MARTIN ST SW PO BOX 165,30,ROLETTE,-99.709671
38067,,,Y,ND,09020310,$0,,ND3400856,,ST THOMAS CITY OF,58276,08,58276,N,0,0,ENTRANCE POINT OF A FACILITY OR STATION,SAINT THOMAS,,,38067,____________U,090203100402,48.61901,ADDRESS MATCHING-HOUSE NUMBER,0,PEMBINA COUNTY,,110022361353,417 MAIN ST,50,PEMBINA,-97.44893
,,,Y,ND,,$0,,ND5311777,,STALLION OILFIELD SERVICES-WILLISTON,,08,,N,0,0,,,,,,____________U,,48.345867,County Centroid,0,,,ND5311777,,30000,Williams,-103.4874
,,,Y,ND,,$0,,ND4511651,,STALLION ROCKIES LTD,,08,,N,0,1,,,,,,_______VVV__U,,46.817031,County Centroid,0,,6,110063345269,,30000,STARK,-102.662026
38061,,,Y,ND,10110101,$0,,ND3100898,,STANLEY CITY HALL,58784,08,58784,N,0,1,CENTER OF A FACILITY OR STATION,STANLEY,,,38061,___VVV______U,101101011702,48.31652,ADDRESS MATCHING-HOUSE NUMBER,0,MOUNTRAIL COUNTY,9,110022361406,221 S MAIN ST,30,MOUNTRAIL,-102.39059
38057,,,Y,ND,10130201,$0,,ND2900902,,STANTON CITY OF,58571,08,58571,N,0,1,CENTER OF A FACILITY OR STATION,STANTON,,,38057,____________U,101301010104,47.32105,ADDRESS MATCHING-HOUSE NUMBER,0,MERCER COUNTY,3,110022361415,109 HARMON AVE,30,MERCER,-101.38419
,,,Y,ND,,$0,,ND1501310,,STATE LINE WATER COOP INC,,08,,N,0,1,,,,,,______VV____U,,46.284255,County Centroid,0,,3,110013270584,,30000,EMMONS,-100.237842
38043,,,Y,ND,10130103,$0,,ND2200913,,STEELE CITY OF,58482,08,58482,N,0,1,POINT WHERE SUBSTANCE IS RELEASED,STEELE,Y,,38043,____________U,101301030805,46.829361,GPS CODE (PSEUDO RANGE) PRECISE POSITION,0,KIDDER COUNTY,2,110022360283,110 BROADWAY,30,KIDDER,-99.936035
,,,Y,ND,,$0,,ND2711715,,STONEGATE RESIDENCE SUITES & STORAGE,,08,,N,0,1,,,,,,__________VVU,,47.742475,County Centroid,0,,7,110063368163,,30000,MCKENZIE,-103.403215
38029,,,Y,ND,10130102,$0,,ND1500921,,STRASBURG CITY OF,58573,08,58573,Y,0,1,POINT WHERE SUBSTANCE IS MONITORED,STRASBURG,,,38029,____________U,101301040504,46.130791,GPS CODE (PSEUDO RANGE) PRECISE POSITION,1,EMMONS COUNTY,,110022360354,713 MAIN ST,30,EMMONS,-100.148613
,,,Y,ND,,$0,,ND0510149,,STRAWBERRY LAKE CAMPGROUND,,08,,N,0,0,,,,,,____________U,,48.794412,County Centroid,0,,,110050788000,,30000,BOTTINEAU,-100.831257
,,,Y,ND,,$0,,ND4700922,,STREETER CITY OF,,08,,N,0,0,,STREETER,,,,____________U,,46.657578,Place Name Centroid,0,,,110013266820,,20000,STUTSMAN,-99.356995
,,,Y,ND,,$0,,ND4701303,,STUTSMAN RURAL WATER DISTRICT,,08,,N,0,0,,,,,,____________U,,46.971103,County Centroid,0,,,110013266866,,30000,STUTSMAN,-98.957592
,,,Y,ND,,$0,,ND0311302,,SULLYS HILL NATL GAME PRESERVE,,08,,Y,0,1,,,,,,VVVVVVVVVVVVU,,48.071738,County Centroid,1,,15,110050852056,,30000,BENSON,-99.361987
,,,Y,ND,,$0,,ND4101452,,SUNDALE HUTTERIAN ASSOCIATION,,08,,Y,0,1,,,,,,VVVVVVVVVVVVU,,46.108206,County Centroid,1,,6,110013266508,,30000,SARGENT,-97.63003
,,,Y,ND,,$0,,ND5100923,,SURREY CITY OF,,08,,N,0,0,,SURREY,,,,____________U,,48.236009,Place Name Centroid,0,,,110013267384,,20000,WARD,-101.133008
,,,Y,ND,,$0,,ND2711720,,SWEET CRUDE TRAVEL CENTER,,08,,Y,0,1,,,,,,VVVVVV__VVVVU,,47.742475,County Centroid,1,,19,110063345205,,30000,MCKENZIE,-103.403215
,,,Y,ND,,$0,,ND5200927,,SYKESTON CITY OF,,08,,Y,0,1,,SYKESTON,,,,___VVVVVVVVVU,,47.466148,Place Name Centroid,1,,5,110013265359,,20000,WELLS,-99.399213
,,,Y,ND,,$0,,ND2710994,,T ROOSEVELT NATL PK-NORTH,,08,,N,0,0,,,,,,____________U,,47.742475,County Centroid,0,,,110050514396,,30000,MCKENZIE,-103.403215
,,,Y,ND,,$0,,ND5311584,,T&T ENTERPRISES (WATER HAULER),,08,,N,0,0,,,,,,____________U,,48.345867,County Centroid,0,,,110050795010,,30000,WILLIAMS,-103.4874
,,,Y,ND,,$0,,ND4500934,,TAYLOR CITY OF,58656,08,,N,0,0,,TAYLOR,,,38089,____________U,,46.900802,Zip Code Centroid,0,STARK COUNTY,,110010732181,STATE DEPARTMENT OF HEALTH MUNICIPAL,10000,STARK,-102.422053
,,,Y,ND,,$0,,ND2711707,,TELLURIDE LODGE,,08,,N,0,1,,,,,,VV__________U,,47.742475,County Centroid,0,,6,110063373978,,30000,MCKENZIE,-103.403215
,,,Y,ND,,$0,,ND5301779,,THE BLUFFS HOA,,08,,N,0,0,,,,,,____________U,,48.345867,County Centroid,0,,,ND5301779,,30000,Williams,-103.4874
,,,Y,ND,,$0,,ND2711694,,THE DAKOTAN MOTEL,,08,,N,0,1,,,,,,______VVV___U,,47.742475,County Centroid,0,,3,110063336395,,30000,MCKENZIE,-103.403215
,,,Y,ND,,$0,,ND0711443,,THE FOOD BARN,,08,,N,0,0,,,,,,____________U,,48.786453,County Centroid,0,,3,110050796304,,30000,BURKE,-102.520087
,,,Y,ND,,$0,,ND5300936,,TIOGA CITY OF,,08,,N,0,0,,,,,,____________U,,48.345867,County Centroid,0,,,110048563853,,30000,WILLIAMS,-103.4874
,,,Y,ND,,$0,,ND2711299,,TOBACCO GARDEN RECREATION AREA,,08,,N,0,1,,,,,,__VVV__VVVV_U,,47.742475,County Centroid,0,,7,110050812867,,30000,MCKENZIE,-103.403215
,,,Y,ND,,$0,,ND3200944,,TOLNA CITY OF,,08,,Y,0,1,,TOLNA,,,,VVVVVVVVVSSVU,,47.825887,Place Name Centroid,1,,15,110013267589,,20000,NELSON,-98.438492
,,,Y,ND,,$0,,ND0900945,,TOWER CITY CITY OF,,08,,N,0,0,,TOWER CITY,,,,V___________U,,46.926259,Place Name Centroid,0,,10,110013272065,,20000,CASS,-97.675962
,,,Y,ND,,$0,,ND2500946,,TOWNER CITY OF,,08,,N,0,0,,TOWNER,,,,____________U,,48.347137,Place Name Centroid,0,,,110013269113,,20000,MCHENRY,-100.407019
,,,Y,ND,,$0,,ND2511433,,TOWNER STATE NURSERY,,08,,N,0,0,,,,,,____________U,,48.233842,County Centroid,0,,,110050918398,,30000,MCHENRY,-100.633267
,,,Y,ND,,$0,,ND4901071,,TRAILL RURAL WATER DISTRICT,,08,,N,0,0,,HILLSBORO,,,,____________U,,47.402953,Place Name Centroid,0,,,110013267026,,20000,TRAILL,-97.063216
,,,Y,ND,,$0,,083890032,,TRAYNOR PARK,,08,,N,0,0,,,,,,____________U,,47.456954,State Centroid,0,,,083890032,,100000,,-100.46193
38105,,,Y,ND,10110101,$0,,ND5300948,,TRENTON WATER USERS ASSOC,58853,08,58853,Y,0,1,CENTER OF A FACILITY OR STATION,TRENTON,,,38105,_____VVV____U,101101010203,48.07105,PUBLIC LAND SURVEY-QUARTER SECTION,1,WILLIAMS COUNTY,8,110010648629,MCKENZIE COUNTY,2500,WILLIAMS,-103.8271
,,,Y,ND,,$0,,ND3201072,,TRI-COUNTY WATER DISTRICT,,08,,N,0,0,,LAKOTA,,,,____________U,,48.042667,Place Name Centroid,0,,,110013267614,,20000,NELSON,-98.346785
,,,Y,ND,,$0,,ND2800949,,TURTLE LAKE CITY OF,,08,,N,0,0,,TURTLE LAKE,,,,____________U,,47.521482,Place Name Centroid,0,,,110013269382,,20000,MCLEAN,-100.890799
,,,Y,ND,,$0,,ND2200951,,TUTTLE CITY OF,,08,,N,0,0,,TUTTLE,,,,____________U,,47.144526,Place Name Centroid,0,,,110013268720,,20000,KIDDER,-99.993407
,,,Y,ND,,$0,,ND0510107,,TWIN OAKS RESORT,,08,,Y,0,1,,,,,,______VVVVSSU,,48.794412,County Centroid,1,,19,110050787868,,30000,BOTTINEAU,-100.831257
,,,Y,ND,,$0,,ND2800953,,UNDERWOOD CITY OF,,08,,N,0,0,,UNDERWOOD,,,,____________U,,47.455182,Place Name Centroid,0,,,110013269417,,20000,MCLEAN,-101.141568
,,,Y,ND,,$0,,ND2500956,,UPHAM CITY OF,,08,,N,0,0,,UPHAM,,,,____________U,,48.581277,Place Name Centroid,0,,,110013269131,,20000,MCHENRY,-100.728635
,,,Y,ND,,$0,,ND5101074,,UPPER SOURIS WUA-SYSTEM I,,08,,N,0,0,,,,,,____________U,,48.216686,County Centroid,0,,,110013267428,,30000,WARD,-101.540537
,,,Y,ND,,$0,,ND5101130,,UPPER SOURIS WUA-SYSTEM II,,08,,N,0,0,,,,,,____________U,,48.216686,County Centroid,0,,,110012901789,,30000,WARD,-101.540537
38035,,,Y,ND,09020307,$0,,ND1800413,,US AIR FORCE GRAND FORKS AIR FORCE BASE ND,58204,08,58204,N,0,1,POINT WHERE SUBSTANCE IS RELEASED,GRAND FORKS,Y,,38035,___________,090203070205,47.947762,INTERPOLATION-MAP,0,GRAND FORKS COUNTY,3,110028223517,525 TUSKEGEE ARM DRIVE,50,GRAND FORKS,-97.32899
38101,,,Y,ND,09010005,$0,,ND5100710,,US DOD USAF MINOT AFB,58705,08,58705,Y,0,1,POINT WHERE SUBSTANCE IS RELEASED,MINOT AFB,,,38101,_,090100050503,48.432192,INTERPOLATION-MAP,1,WARD COUNTY,,110022523492,320 PEACEKEEPER PL,50,WARD,-101.360254
,,,Y,ND,,$0,,ND5311765,,VAC-TEC SEPTIC & WATER,,08,,N,0,1,,,,,,VVV__VVV__VVU,,48.345867,County Centroid,0,,20,110063364899,,30000,WILLIAMS,-103.4874
38003,,09/22/1998,Y,ND,09020204,$0,,ND0200958,"$7,650",VALLEY CITY CITY OF,58072,08,58072,N,0,1,POINT WHERE SUBSTANCE IS MONITORED,VALLEY CITY,Y,,38003,____________U,090202040202,46.891984,GPS CODE (PSEUDO RANGE) PRECISE POSITION,0,BARNES COUNTY,,110022362904,254 2ND AVE NE,10,BARNES,-98.031346
,,,Y,ND,,$0,,ND2500964,,VELVA CITY OF,,08,,Y,0,1,,VELVA,,,,VVVVVVVVVVVVU,,48.057443,Place Name Centroid,1,,,110013269159,,20000,MCHENRY,-100.930931
,,,Y,ND,,$0,,ND2300969,,VERONA CITY OF,,08,,N,0,0,,VERONA,,,,____________U,,46.366042,Place Name Centroid,0,,,110013268935,,20000,LAMOURE,-98.071356
,,,Y,ND,,$0,,ND2711688,,VIRTUCON PROPERTIES LLC,,08,,Y,0,1,,,,,,VVVVVVVVVVVVU,,47.742475,County Centroid,1,,25,110063334253,,30000,MCKENZIE,-103.403215
,,,Y,ND,,$0,,ND2711725,,VIRTUCON PROPERTIES-PHASE 2,,08,,Y,0,1,,,,,,VVVVVVVVVVVVU,,47.742475,County Centroid,1,,52,110063334262,,30000,MCKENZIE,-103.403215
38077,,,Y,ND,09020104,$0,,ND3900973,,WAHPETON CITY OF,58075,08,58075,Y,0,1,POINT WHERE SUBSTANCE IS RELEASED,WAHPETON,Y,,38077,____________U,090201040401,46.299994,GPS CODE (PSEUDO RANGE) PRECISE POSITION,1,RICHLAND COUNTY,,110040037313,1900 4TH ST N,10,RICHLAND,-96.601143
,,,Y,ND,,$0,,ND3900976,,WALCOTT CITY OF,,08,,N,0,0,,WALCOTT,,,,V___________U,,46.550472,Place Name Centroid,0,,6,110012904982,,20000,RICHLAND,-96.93755
,,,Y,ND,,$0,,ND3400980,,WALHALLA CITY OF,,08,,N,0,0,,WALHALLA,,,,____________U,,48.92103,Place Name Centroid,0,,,110012904296,,20000,PEMBINA,-97.916991
38099,,,Y,ND,09020310,$0,,ND5001075,,WALSH RURAL WATER DISTRICT,58237,08,58237,N,0,0,,GRAFTON,,,38099,____________U,090203100501,48.412469,,0,WALSH COUNTY,,110022363404,14768 HIGHWAY 17,17466,WALSH,-97.455423
,,,Y,ND,,$0,,ND0300987,,WARWICK CITY OF,,08,,Y,0,1,,WARWICK,,,,SSVVVVVVVVVVU,,47.852801,Place Name Centroid,1,,20,110013273509,,20000,BENSON,-98.7059
,,,Y,ND,,$0,,ND2800989,,WASHBURN CITY OF,,08,,N,0,0,,WASHBURN,,,,____________U,,47.294399,Place Name Centroid,0,,,110013269435,,20000,MCLEAN,-101.02865
,,,Y,ND,,$0,,ND0511342,,WASHEGUM CAMPGROUND 72,,08,,N,0,0,,,,,,____________U,,48.794412,County Centroid,0,,,110050860350,,30000,BOTTINEAU,-100.831257
,,,Y,ND,,$0,,ND2700990,,WATFORD CITY CITY OF,,08,,N,0,1,,WATFORD CITY,,,,VV__________U,,47.802043,Place Name Centroid,0,,6,110013269257,,20000,MCKENZIE,-103.27446
,,,Y,ND,,$0,,ND2701701,,WATFORD RESIDENCE SUITES,,08,,N,0,1,,,,,,VVVVVVVVV___U,,47.742475,County Centroid,0,,6,110063346017,,30000,MCKENZIE,-103.403215
,,,Y,ND,,$0,,ND0311757,,WEST BAY HEIGHTS,,08,,N,0,0,,,,,,____________U,,48.071738,County Centroid,0,,,110063367244,,30000,BENSON,-99.361987
38017,,,Y,ND,09020204,$0,,ND0900999,,WEST FARGO- CITY OF,58078,08,58078,N,0,0,CENTER OF A FACILITY OR STATION,WEST FARGO,,,38017,____________U,090202040606,46.87254,ADDRESS MATCHING-HOUSE NUMBER,0,CASS COUNTY,,110022363538,"800 4TH AVENUE EAST,",30,CASS,-96.88464
38101,,,Y,ND,09010001,$0,,ND5101447,,WEST RIVER WATER AND SEWER,58701,08,58701,N,0,1,ENTRANCE POINT OF A FACILITY OR STATION,MINOT,,,38101,_____VVV____U,,48.2277,ADDRESS MATCHING-HOUSE NUMBER,0,WARD COUNTY,12,110012901878,900 13TH ST SE,50,WARD,-101.27432
,,,Y,ND,,$0,,ND5301686,,WESTERN AREA WATER SUPPLY AUTHORITY,,08,,N,0,0,,,,,,____________U,,48.345867,County Centroid,0,,,110063355612,,30000,WILLIAMS,-103.4874
,,,Y,ND,,$0,,ND0501001,,WESTHOPE CITY OF,,08,,N,0,0,,WESTHOPE,,,,____________U,,48.911084,Place Name Centroid,0,,,110013273714,,20000,BOTTINEAU,-101.017677
,,,Y,ND,,$0,1,ND3111582,,WHITING OIL & GAS,,08,,N,0,0,,,,,,____________U,,48.210291,County Centroid,0,,,110050644399,,30000,MOUNTRAIL,-102.364756
38105,,,Y,ND,10110101,$0,,ND5301011,,WILDROSE CITY OF,58795,08,58795,N,0,1,ENTRANCE POINT OF A FACILITY OR STATION,WILDROSE,,,38105,____________U,101101011103,48.63185,ADDRESS MATCHING-HOUSE NUMBER,0,WILLIAMS COUNTY,,110011043325,104 1ST AVE E,50,WILLIAMS,-103.18259
38105,,,Y,ND,10110102,$0,,ND5301079,,WILLIAMS RURAL WATER DISTRICT,58801,08,58801,N,0,0,ENTRANCE POINT OF A FACILITY OR STATION,WILLISTON,,,38105,____________U,101101010303,48.14701,ADDRESS MATCHING-HOUSE NUMBER,0,WILLIAMS COUNTY,,110013265554,1119 E BROADWAY,50,WILLIAMS,-103.605514
38105,,,Y,ND,10110101,$0,,ND5301012,,WILLISTON,58801,08,58801,N,0,0,ENTRANCE POINT OF A FACILITY OR STATION,WILLISTON,,,38105,____________U,101101010303,48.146555,ADDRESS MATCHING-HOUSE NUMBER,0,WILLIAMS COUNTY,9,110022362245,22 E BROADWAY,50,WILLIAMS,-103.621465
,,,Y,ND,,$0,,ND0501030,,WILLOW CITY CITY OF,,08,,Y,0,1,,WILLOW CITY,,,,VVVVVVVVVVVVU,,48.60449,Place Name Centroid,1,,,110013273732,,20000,BOTTINEAU,-100.293274
,,,Y,ND,,$0,,ND2301467,,WILLOWBANK COLONY,,08,,N,0,1,,,,,,VVVSSSSV_VV_U,,46.464195,County Centroid,0,,19,110016614494,,30000,LAMOURE,-98.526057
,,,Y,ND,,$0,,ND0801031,,WILTON CITY OF,,08,,Y,0,1,,WILTON,,,,VVVVVVVVVVVVU,,47.158229,Place Name Centroid,1,,,110012903108,,20000,BURLEIGH,-100.785607
,,,Y,ND,,$0,,ND0201032,,WIMBLEDON CITY OF,,08,,N,0,0,,WIMBLEDON,,,,____________U,,47.169582,Place Name Centroid,0,,,110013273304,,20000,BARNES,-98.45868
,,,Y,ND,,$0,,ND0801036,,WING CITY OF,,08,,Y,0,1,,WING,,,,VVVVVVVVVVVVU,,47.142476,Place Name Centroid,1,,,110013271654,,20000,BURLEIGH,-100.283149
,,,Y,ND,,$0,,ND2601037,,WISHEK CITY OF,,08,,N,0,0,,WISHEK,,,,____________U,,46.255615,Place Name Centroid,0,,,110013269202,,20000,MCINTOSH,-99.554482
,,,Y,ND,,$0,,ND4701042,,WOODWORTH CITY OF,,08,,N,0,1,,WOODWORTH,,,,VV____VVVV__U,,47.142169,Place Name Centroid,0,,15,110012901565,,20000,STUTSMAN,-99.304151
,,,Y,ND,,$0,,ND3901043,,WYNDMERE CITY OF,,08,,N,0,0,,WYNDMERE,,,,____________U,,46.263998,Place Name Centroid,0,,,110013268392,,20000,RICHLAND,-97.130958
,,,Y,ND,,$0,,ND2901054,,ZAP CITY OF,,08,,Y,0,1,,ZAP,,,,________VVVVU,,47.285093,Place Name Centroid,1,,12,110013269587,,20000,MERCER,-101.923718
,,,Y,ND,,$0,,ND2601055,,ZEELAND CITY OF,,08,,Y,0,1,,ZEELAND,,,,VVVVVVVVVVVVU,,45.972953,Place Name Centroid,1,,3,110013269220,,20000,MCINTOSH,-99.832384
