FacDerivedStctyFIPS,SDWAFormalActionCount,FacDateLastPenalty,SDWISFlag,FacState,FacDerivedHuc,FacTotalPenalties,Score,SDWASystemTypes,SDWAInspections5yr,FacFIPSCode,FacLastPenaltyAmt,FacName,FacZip,FacEPARegion,FacMajorFlag,NC,FacFormalActionCount,ViolFlag,FacReferencePoint,FacCity,FacImpWaterFlg,FacPenaltyCount,SDWAIDs,SDWA3yrComplQtrsHistory,FacPercentMinority,FacDerivedWBD,FacLat,FacCollectionMethod,CurrVioFlag,FacStdCountyName,SDWAInformalCount,FacDerivedZip,RegistryID,FacStreet,FacAccuracyMeters,FacCounty,FacLong
78030,4,,Y,VI,21020001,$0,1,"Non-Transient non-community system, Transient non-community system",,78030,,AL COHEN'S MALL,00802,02,,Y,4,1,ENTRANCE POINT OF A FACILITY OR STATION,CHARLOTTE AMALIE,,,VI1000160 VI1000161 VI1000162 VI1000194 VI1000195,VVVVVVVVVVVVU,0,210200010102,18.35665,ADDRESS MATCHING-BLOCK FACE,1,ST. THOMAS ISLAND,4,00802,110049839680,MANDELA CIRCLE,1000,ST. THOMAS ISLAND,-64.90343
,4,,Y,VI,,$0,1,Non-Transient non-community system,,78010,,ALEXANDER HENDERSON ELEMENTARY SCHOOL,00820,02,,Y,5,1,,ST CROIX,,,VI0000295,SSSSSSSSSSSSU,,,17.745512,Zip Code Centroid,1,ST. CROIX ISLAND,4,,110035426223,31 ESTATE CONCORDIA,10000,ST CROIX,-64.709138
,1,,Y,VI,,$0,1,"Non-Transient non-community system, Transient non-community system",,78010,,ALFREDO ANDREWS ELEMENTARY SCHOOL,00850,02,,Y,2,1,,ST CROIX,,,VI0000816 VI1000601,SSSSSSSSSSSSU,,,17.736035,Zip Code Centroid,1,ST. CROIX ISLAND,1,,110035433910,11AA ESTATE FRIEDENSBURG,10000,ST CROIX,-64.796109
,,,Y,VI,,$0,1,Non-Transient non-community system,,78030,,AMERICAN YACHT HARBOR,00802,02,,Y,0,1,,ST. THOMAS,,,VI0000500 VI1000042,VVVVVVVVVVVVU,,,18.34604,Zip Code Centroid,1,ST. THOMAS ISLAND,,,110022878956,6100 RED HOOK QUARTER #2,10000,ST. THOMAS,-64.93267
78030,,,Y,VI,21020001,$0,1,Community water system,,78030,,ANCHORAGE CONDOMINIUMS,00802,02,,Y,0,1,POINT WHERE SUBSTANCE IS RELEASED,ST THOMAS,,,VI1000082,VVVVVVVVVVVVU,0,210200010103,18.318859,INTERPOLATION-MAP,1,ST. THOMAS ISLAND,,00802,110006800792,6600 ESTATE NAZARETH SUITE #37,300,SAINT THOMAS,-64.852394
,,,Y,VI,,$0,1,Non-Transient non-community system,,78030,,ANNA'S RETREAT CENTER,00802,02,,N,0,1,,ST THOMAS,,,VI1000198,VVVV________U,,,18.34604,Zip Code Centroid,0,ST. THOMAS ISLAND,,,110037079158,1303 HOSPITAL GROUND,10000,ST. THOMAS ISLAND,-64.93267
,4,,Y,VI,,$0,1,Non-Transient non-community system,,78030,,ANTILLES SCHOOL,00802,02,,Y,4,1,,ST THOMAS,,,VI0000161 VI0000513,VVVVVVVVVVVVU,,,18.34604,Zip Code Centroid,1,ST. THOMAS ISLAND,4,,110043588427,16-1 7280 FRENCHMAN BAY RD,10000,ST. THOMAS ISLAND,-64.93267
,,03/13/2000,Y,VI,,$0,1,Transient non-community system,,78010,"$6,203",ARMSTRONG FORD INC,00820,02,,N,0,0,,ST CROIX,,,VI0000302,,,,17.745512,Zip Code Centroid,0,ST. CROIX ISLAND,,,110005292502,619 ESTATE GOLDEN ROCK,10000,SAINT CROIX,-64.709138
,,03/26/2007,Y,VI,,$0,1,Non-Transient non-community system,,78010,$450,ARTHUR A. RICHARDS SCHOOL,00821,02,,Y,0,1,,CHRISTIANSTED,,,VI0000396,VVVVVVVVVVVVU,,,17.74654,Zip Code Centroid,1,ST. CROIX ISLAND,,,110022313824,20 & 21 ESTATE STONEY GROUND,10000,ST. CROIX ISLAND,-64.7047
,4,,Y,VI,,$0,1,Transient non-community system,,78020,,ASOLARE RESTAURANT,00830,02,,N,4,1,,CRUZ BAY,,,VI1000165,VVVV________U,,,18.33342,Zip Code Centroid,0,ST. JOHN ISLAND,4,,110049787183,CANEEL HILL,10000,ST. JOHN ISLAND,-64.79287
,,02/26/2008,Y,VI,,$0,1,Community water system,,,$464,ASSOCIATION OF ST.X CONDO'S,,02,,Y,0,1,,,,,VI0000075,VVVVVVVVVVVVU,,,17.735232,County Centroid,1,,,,110012831882,,30000,ST. CROIX ISLAND,-64.746666
,1,,Y,VI,,$0,1,Transient non-community system,,78010,,AVIS,00821,02,,Y,1,1,,CHRISTIANSTED,,,VI3000226,VVSSSSSSSSSSU,,,17.74654,Zip Code Centroid,1,ST. CROIX ISLAND,1,,110008202854,HENRY ROHLSEN AIRPORT,10000,ST CROIX,-64.7047
,1,,Y,VI,,$0,1,"Non-Transient non-community system, Transient non-community system",,78030,,BARBEL PLAZA,00804,02,,N,1,1,,ST. THOMAS,,,VI1000001 VI1000189 VI1000190,VVVV________U,,,18.33675,Zip Code Centroid,0,ST. THOMAS ISLAND,1,,110022314725,88 B & C ESTATE ROSS,10000,ST. THOMAS,-64.88893
,,,Y,VI,,$0,1,Transient non-community system,,78010,,BELAIR QUARTZ INC,00821,02,,N,0,0,,CHRISTIANSTED,,,VI0000304,,,,17.74654,Zip Code Centroid,0,ST. CROIX ISLAND,,,110001915125,2E LA GRANDE PRINCESSE,10000,ST CROIX,-64.7047
,1,,Y,VI,,$0,1,Non-Transient non-community system,,78030,,BLUE BEARDS CASTLE,00801,02,,Y,1,1,,ST THOMAS,,,VI0000167 VI1000191,VVVVVVVVVVVVU,,,18.33675,Zip Code Centroid,1,ST. THOMAS ISLAND,1,,110022316803,BLUE BEARDS HILL,10000,ST. THOMAS ISLAND,-64.88893
78030,10,09/15/2015,Y,VI,,"$62,500",1,Non-Transient non-community system,,78030,"$62,500",BLUEBEARDS BEACH CLUB & VILLAS,00802,02,,Y,11,1,POINT WHERE SUBSTANCE IS RELEASED,ST THOMAS,,1,VI0000211 VI0000212 VI0000213 VI0000214 VI0000215 VI0000216 VI0000217,,0,,18.316066,INTERPOLATION-MAP,1,ST. THOMAS ISLAND,10,00802,110022313557,100 FRENCHMANS COVE,17680,ST THOMAS,-64.912088
78030,7,01/11/2018,Y,VI,,"$20,000",1,Non-Transient non-community system,,78030,"$20,000",BOLONGO BEACH RESORT,00802,02,,Y,8,1,,ST THOMAS,,1,VI0000168 VI0000169 VI1000063,VVVVVVVVVVVVU,0,,18.301667,,1,ST. THOMAS ISLAND,7,00802,110037106752,50 ESTATE BOLONGO BAY,17655,ST. THOMAS ISLAND,-64.885833
,1,12/07/2009,Y,VI,,$0,1,Non-Transient non-community system,,78010,"$19,100","BUCCANEER HOTEL, INC.",00824,02,,Y,1,1,,CHRISTIANSTED,,,VI0000306,VVVVVVVVVVVVU,,,17.74654,Zip Code Centroid,1,ST. CROIX ISLAND,1,,110001915018,3 ESTATE SHOYS BOX 25200 GB,10000,ST CROIX,-64.7047
,,,Y,VI,,$0,1,Transient non-community system,,,,BUNKER HILL GUEST HOUSE,,02,,N,0,1,,,,,VI1000108,VVVV________U,,,18.326749,County Centroid,0,,,,110049785906,,30000,ST. THOMAS ISLAND,-64.97125
,4,,Y,VI,,$0,1,Community water system,,78030,,BURNETT TOWERS CONDOMINIUMS,00802,02,,Y,4,1,,ST THOMAS,,,VI0000122,VVVVVVVVVVVVU,,,18.34604,Zip Code Centroid,1,ST. THOMAS ISLAND,4,,110010634073,202 BURNETT TOWERS,10000,ST. THOMAS ISLAND,-64.93267
78030,14,,Y,VI,21020001,$0,1,Community water system,,78030,,CABRITA POINT RESORT,00801,02,,Y,14,1,CENTER OF FACILITY,ST THOMAS,,,VI1000131,VVVVVVVVVVSSU,0,210200010102,18.326097,INTERPOLATION-PHOTO,1,ST. THOMAS ISLAND,14,00802,110010606344,6L ESTATE NAZARETH,17872,ST. THOMAS ISLAND,-64.838562
78010,,,Y,VI,21020002,$0,1,Community water system,,78010,,CANE BRAKE APARTMENTS,00840,02,,Y,0,1,ENTRANCE POINT OF A FACILITY OR STATION,FREDERIKSTED,,,VI0000305,SSSSSSSSSSSSU,0,210200020204,17.69921,ADDRESS MATCHING-HOUSE NUMBER,1,ST. CROIX ISLAND,,00840,110012831070,3940 MARSHILL RD,50,ST. CROIX ISLAND,-64.87571
,5,,Y,VI,,$0,1,Non-Transient non-community system,,78020,,CANEEL BAY & TURTLE RESORT,00831,02,,Y,5,1,,ST JOHN,,,VI0000558,VVVVVVVVVVVVU,,,18.33843,Zip Code Centroid,1,ST. JOHN ISLAND,5,,110022317278,8A CRUZ BAY,10000,ST JOHN,-64.73715
78010,2,,Y,VI,21020002,$0,1,Non-Transient non-community system,,78010,,CARAMBOLA BEACH RESORT AND GOLF CLUB,00850,02,,Y,3,1,ENTRANCE POINT OF A FACILITY OR STATION,KINGSHILL,,,VI3000026,VVVVVVVVVVVVU,0,210200020102,17.743657,ADDRESS MATCHING-HOUSE NUMBER,1,ST. CROIX ISLAND,2,00850,110010408674,72 ESTATE RIVER,50,ST. CROIX ISLAND,-64.77382
,7,,Y,VI,,$0,1,Transient non-community system,,,,CARAMBOLA GOLF COURSE,,02,,Y,7,1,,,,,VI0000373,VVVVVVVVVVVVU,,,17.735232,County Centroid,1,,7,,110047228969,,30000,ST. CROIX ISLAND,-64.746666
78010,,01/19/2016,Y,VI,21020002,"$5,000",1,Non-Transient non-community system,,78010,"$5,000",CARDEN BEACH CONDOMINIUM ASSOCIATION,00820,02,,Y,1,1,,ST. CROIX,,1,VI3000536 VI3000546,VVVVVVVVVVVVU,0,210200020103,17.758964,,1,ST. CROIX ISLAND,,00820,110070067557,5121 CARDEN BEACH,17655,ST. CROIX ISLAND,-64.637612
78010,5,,Y,VI,21020002,$0,1,Non-Transient non-community system,,78010,,CARIBE DO-IT CENTER,00821,02,,Y,5,1,,CHRISTIANSTED,,,VI3000224,VVVVVVSSSSSSU,0,210200020103,17.74664,,1,ST. CROIX ISLAND,5,00820,110054918167,"35 CASTLE COAKLEY, PO BOX 856",17655,ST. CROIX,-64.703198
,,,Y,VI,,$0,1,Non-Transient non-community system,,78010,,CHARLES HARWOOD HOSP,00820,02,,N,0,0,,CHRISTIANSTED,,,VI0000314,,,,17.745512,Zip Code Centroid,0,ST. CROIX ISLAND,,,110010408521,3500 ESTATE RICHMOND,10000,ST. CROIX ISLAND,-64.709138
,3,,Y,VI,,$0,1,Non-Transient non-community system,,78030,,CHARLOTTE AMALIE HIGH SCHOOL,00802,02,,N,3,0,,ST THOMAS,,,VI0000172 VI1000286,____________U,,,18.34604,Zip Code Centroid,0,ST. THOMAS ISLAND,3,,110035439656,8 & 9 ESTATE THOMAS,10000,ST. THOMAS ISLAND,-64.93267
,,,Y,VI,,$0,1,Transient non-community system,,78020,,CHATEAU BORDEAUX,00830,02,,N,0,1,,ST JOHN,,,VI1000164,VVVV________U,,,18.33342,Zip Code Centroid,0,ST. JOHN ISLAND,,,110049787138,7508 BORDEAUX,10000,ST. JOHN ISLAND,-64.79287
78010,10,02/22/2016,Y,VI,21020002,"$1,499",1,Non-Transient non-community system,,78010,"$1,499",CHENAY BAY BEACH RESORT,00820,02,,Y,13,1,,CHRISTIANSTED,,1,VI3000091,SSSSSSSSSSSSU,0,210200020103,17.759722,,1,ST. CROIX ISLAND,9,00820,110059779672,5000 ESTATES EAST END QTR RT 82,17655,ST. CROIX ISLAND,-64.657778
,,,Y,VI,,$0,1,Non-Transient non-community system,,,,CHURCH OF GOD ACADEMY,,02,,N,0,1,,,,,VI0000481,VVVV________U,,,18.326749,County Centroid,0,,,,110050523803,,30000,ST. THOMAS ISLAND,-64.97125
,6,,Y,VI,,$0,1,Non-Transient non-community system,,,,CHURCH OF GOD HOLINESS,,02,,Y,6,1,,,,,VI3000072,SSSSSSSSSSSSU,,,17.735232,County Centroid,1,,6,,110049780466,,30000,ST. CROIX ISLAND,-64.746666
,7,,Y,VI,,$0,1,Non-Transient non-community system,,78030,,CINEMA ONE MARKET SQUARE EAST,00802,02,,Y,7,1,,ST. THOMAS,,,VI1000219,VVVVVVVVVVVVU,,,18.34604,Zip Code Centroid,1,ST. THOMAS ISLAND,7,,110022312521,"1024 CARIBBEAN CINEMA, MARKET SQUARE EAST",10000,ST. THOMAS,-64.93267
78010,8,,Y,VI,21020002,$0,1,Non-Transient non-community system,,78010,,CLAUDE O. MARKOE ELEMENTARY SCHOOL,00840,02,,Y,8,1,,FREDERIKSTED,,,VI0000318,SVVVVVVVVVVVU,0,210200020204,17.704389,,1,ST. CROIX ISLAND,8,00840,110035426241,71-75 ESTATE MARS HILL,17655,ST CROIX,-64.877167
78030,1,,Y,VI,21020001,$0,1,Community water system,,78030,,CLEARVIEW APARTMENTS,00802,02,,Y,1,1,FACILITY CENTROID,ST THOMAS,,,VI1000052,VVVVVVVVVVVVU,0,210200010104,18.343894,INTERPOLATION-PHOTO,1,ST. THOMAS ISLAND,1,00802,110010786738,107-6 ESTATE CONTANT,1967,ST. THOMAS ISLAND,-64.957244
,,,Y,VI,,$0,1,Transient non-community system,,,,CLUB ST. X CONDO'S,,02,,N,0,0,,,,,VI3000048,____________U,,,17.735232,County Centroid,0,,,,110050736389,,30000,ST. CROIX ISLAND,-64.746666
78010,,,Y,VI,,$0,1,"Transient non-community system, Community water system",,78010,,COAKLEY BAY CONDOMINIUMS,00820,02,,Y,1,1,,CHRISTIANSTED,,,VI0000048 VI2000048 VI3000112 VI3000113 VI3000114 VI3000469 VI3000470 VI3000471 VI3000472 VI3000473 VI3000474,VVVVVVVVVVSSU,0,,17.761944,,1,ST. CROIX ISLAND,,00820,110037118008,5000 COAKLEY BAY,17655,ST. CROIX ISLAND,-64.636389
,1,,Y,VI,,$0,1,Transient non-community system,,,,COLONY COVE BLDG. B,,02,,Y,1,1,,,,,VI3000046,VVVVVVVVVVVVU,,,17.735232,County Centroid,1,,1,,110047306642,,30000,ST. CROIX ISLAND,-64.746666
,1,,Y,VI,,$0,1,Transient non-community system,,,,COLONY COVE BLDG. C,,02,,Y,1,1,,,,,VI3000047,SSSSSSSSSSSSU,,,17.735232,County Centroid,1,,1,,110050736361,,30000,ST. CROIX ISLAND,-64.746666
,1,,Y,VI,,$0,1,Transient non-community system,,,,COLONY COVE BLDG.A,,02,,Y,1,1,,,,,VI0000100,VVVVVVVVVVVVU,,,17.735232,County Centroid,1,,1,,110049771261,,30000,ST. CROIX ISLAND,-64.746666
,6,,Y,VI,,$0,1,Non-Transient non-community system,,78010,,COMMUNITY UNITED METHODIST SCHOOL,00841,02,,Y,7,1,,FREDERIKSTED,,,VI0000353,SSSSSSSSSSSSU,,,17.70949,Zip Code Centroid,1,ST. CROIX ISLAND,6,,110022878830,7-11 ESTATE HOGENSBERG,10000,ST. CROIX,-64.87917
78030,3,12/18/2015,Y,VI,21020001,"$16,750",1,Community water system,,78030,"$16,750",COMPASS POINT MARINA,00802,02,,Y,4,1,POINT WHERE SUBSTANCE IS RELEASED,ST THOMAS,,1,VI1000086,VVVVVVVVVVVVU,0,210200010103,18.318026,INTERPOLATION-MAP,1,ST. THOMAS ISLAND,3,00802,110005292959,6300 EST FRYDENHOJ STE 22,50,SAINT THOMAS,-64.875173
,1,,Y,VI,,$0,1,Transient non-community system,1,,,CORAL PRINCESS,,02,,Y,1,1,,,,,VI0000323,VVSSSSSSSSSSU,,,17.735232,County Centroid,1,,2,,110050663377,,30000,ST. CROIX ISLAND,-64.746666
,10,,Y,VI,,$0,1,Non-Transient non-community system,,,,CORAL WORLD,,02,,Y,10,1,,,,,VI1000002,VVVVVVVVVVVVU,,,18.326749,County Centroid,1,,10,,110050668719,,30000,ST. THOMAS ISLAND,-64.97125
78030,,08/24/2016,Y,VI,21020001,"$35,400",1,Transient non-community system,,78030,"$28,400",CORAL WORLD VI INC.,00802,02,,N,2,1,ENTRANCE POINT OF A FACILITY OR STATION,ST THOMAS,,2,VI4000002,,0,210200010102,18.34223,ADDRESS MATCHING-BLOCK FACE,0,ST. THOMAS ISLAND,,00802,110028188280,6450 ESTATE SMITH BAY,1000,ST. THOMAS ISLAND,-64.86325
,5,,Y,VI,,$0,1,Non-Transient non-community system,,,,COST-U-LESS,,02,,Y,5,1,,,,,VI1000301,VVVVVVVVVVVVU,,,18.326749,County Centroid,1,,5,,110049951673,,30000,ST. THOMAS ISLAND,-64.97125
78030,2,,Y,VI,21020001,$0,1,Community water system,,78030,,COWPET BAY VILLAGE - EAST,00802,02,,Y,2,1,FACILITY CENTROID,ST THOMAS,,,VI0000108,VVVVVVVVVVVVU,0,210200010102,18.317659,INTERPOLATION-PHOTO,1,ST. THOMAS ISLAND,2,00802,110010633886,6301 COWPET VILLAGE E,984,ST. THOMAS ISLAND,-64.842929
78030,8,01/23/2017,Y,VI,21020001,"$11,696",1,Community water system,,78030,"$11,696",COWPET BAY VILLAGE - WEST,00802,02,,Y,9,1,ENTRANCE POINT OF A FACILITY OR STATION,ST THOMAS,,1,VI0000094,VVVVVVVVVVVVU,0,210200010102,18.31675,ADDRESS MATCHING-HOUSE NUMBER,1,ST. THOMAS ISLAND,8,00802,110010606362,6201 WINDWARD WAY,30,SAINT THOMAS,-64.83902
,3,,Y,VI,,$0,1,Community water system,,78030,,CRIMINAL JUSTICE COMPLEX,00802,02,,Y,3,1,,ST THOMAS,,,VI1000044,VVVVVVVVVVVVU,,,18.34604,Zip Code Centroid,1,ST. THOMAS ISLAND,3,,110012831338,30A-33A VETERAN DR,10000,ST. THOMAS ISLAND,-64.93267
78030,,09/24/2013,Y,VI,,$0,1,Non-Transient non-community system,,78030,$750,CROWN BAY MARINA,00802,02,,N,0,0,,ST THOMAS,,,VI1000103,,0,,18.333978,,0,ST. THOMAS ISLAND,,00802,110025250396,PARCEL 8168 SUB BASE,17655,ST THOMAS,-64.952598
,,,Y,VI,,$0,1,Community water system,,78010,,CRUZ BAY APARTMENTS,00831,02,,Y,0,1,,ST JOHN,,,VI1000166 VI1000167 VI1000168,VVVVVVVVVVVVU,,,18.33843,Zip Code Centroid,1,ST. CROIX ISLAND,,,110022317367,12-C ESTATE CANEEL BAY,10000,ST JOHN,-64.73715
,,08/31/2006,Y,VI,,$0,1,Non-Transient non-community system,,78030,$245,CRUZ BAY HEAD START,00802,02,,N,1,1,,ST THOMAS,,,VI0000562,VVVV________U,,,18.34604,Zip Code Centroid,0,ST. THOMAS ISLAND,,,110022313664,PARCEL G ESTATE CONTANT,10000,ST. THOMAS ISLAND,-64.93267
,2,,Y,VI,,$0,1,Transient non-community system,,,,CRUZAN PRINCESS,,02,,Y,2,1,,,,,VI0000324,SSVVVVVVVVSSU,,,17.735232,County Centroid,1,,2,,110050663395,,30000,ST. CROIX ISLAND,-64.746666
78010,5,05/10/2010,Y,VI,21020002,$0,1,Non-Transient non-community system,,78010,"$32,000",DIVI CARINA BAY RESORT,00820,02,,Y,6,1,ENTRANCE POINT OF A FACILITY OR STATION,CHRISTIANSTED,,,VI3000504,SSSSSSSSSSSSU,0,210200020201,17.73905,ADDRESS MATCHING-BLOCK FACE,1,ST. CROIX ISLAND,5,00820,110044219645,25 TURNER HOLE,1000,SAINT CROIX,-64.60895
78030,,12/09/2016,Y,VI,21020001,"$17,150",1,Community water system,,78030,"$17,150",DOROTHEA CONDO ASSOCIATION,00802,02,,Y,1,1,,ST THOMAS,,1,VI1000072,VVVVVVVVVVVVU,0,210200010101,18.367222,,1,ST. THOMAS ISLAND,,00802,110014406712,17-2A  ESTATE DOROTHEA #6 LITTLE NORTHSIDE QTR.,17655,ST. THOMAS ISLAND,-64.966667
,7,,Y,VI,,$0,1,Transient non-community system,,,,EAST END ASSOCIATES,,02,,N,7,1,,,,,VI1000142,VVVV________U,,,18.326749,County Centroid,0,,7,,110049839341,,30000,ST. THOMAS ISLAND,-64.97125
,2,,Y,VI,,$0,1,Transient non-community system,,,,EAST WIND CONDOS,,02,,N,2,1,,,,,VI0000590,VVVV________U,,,18.326749,County Centroid,0,,2,,110049943415,,30000,ST. THOMAS ISLAND,-64.97125
,,,Y,VI,,$0,1,Community water system,,,,EBENIZER GARDEN,,02,,Y,0,1,,,,,VI1000220,VVVVVVVVVVVVU,,,18.326749,County Centroid,1,,,,110022501602,,30000,ST. THOMAS ISLAND,-64.97125
,4,,Y,VI,,$0,1,Non-Transient non-community system,,,,EDITH L. WILLIAMS SCHOOL,,02,,Y,4,1,,,,,VI0000200,VVVVVVVVVVVVU,,,18.326749,County Centroid,1,,4,,110049954055,,30000,ST. THOMAS ISLAND,-64.97125
78030,1,,Y,VI,21020001,$0,1,Community water system,,78030,,ELYSIAN BEACH RESORT,00802,02,,Y,1,1,,ST THOMAS,,,VI1000080,VVVVVVVVVVVVU,0,210200010102,18.318611,,1,ST. THOMAS ISLAND,1,00802,110009767029,ROUTE #6 ESTATE NAZARETH,17655,SAINT THOMAS,-64.843889
,1,,Y,VI,,$0,1,Non-Transient non-community system,,78030,,EMERALD BEACH RESORT,00804,02,,Y,1,1,,ST THOMAS,,,VI1000083,VVVVVVVVVVVVU,,,18.33675,Zip Code Centroid,1,ST. THOMAS ISLAND,1,,110001915232,70D LINDBERG BAY,10000,ST THOMAS,-64.88893
78030,4,09/10/2014,Y,VI,21020001,"$3,000",1,Non-Transient non-community system,,78030,"$1,500",EMERALD BEACH RESORT II,00802,02,,Y,6,1,ENTRANCE POINT OF A FACILITY OR STATION,ST THOMAS,,2,VI1000084,VVVVVVVVVVVVU,0,210200010104,18.335764,ADDRESS MATCHING-HOUSE NUMBER,1,ST. THOMAS ISLAND,4,00802,110022314734,8070 LINDBERGH BAY,50,ST. THOMAS,-64.963611
,5,,Y,VI,,$0,1,Community water system,1,,,ESTATE CARLTON CONDO'S,,02,,Y,5,1,,,,,VI0000335,SSSSSSSSSSSSU,,,17.735232,County Centroid,1,,5,,110047315142,,30000,ST. CROIX ISLAND,-64.746666
78030,1,08/01/2011,Y,VI,21020001,$0,1,Community water system,,78030,$300,FAIRWAY VILLAGE,00803,02,,Y,1,1,FACILITY CENTROID,ST. THOMAS,,,VI1000175,VVVVVVVVVVVVU,0,210200010102,18.356511,INTERPOLATION-PHOTO,1,ST. THOMAS ISLAND,1,00802,110012829859,1301 FAIRWAY VILLAGE,18363,ST. THOMAS,-64.907216
,,,Y,VI,,$0,1,Community water system,,,,FLAMBOYANT GARDENS E,,02,,Y,0,1,,,,,VI3000551,VVVVVVVVVVVVU,,,17.735232,County Centroid,1,,,,VI3000551,,30000,St. Croix Island,-64.746666
,,,Y,VI,,$0,1,Community water system,,,,FLAMBOYANT GARDENS F,,02,,Y,0,1,,,,,VI3000552,VVVVVVVVVVVVU,,,17.735232,County Centroid,1,,,,VI3000552,,30000,St. Croix Island,-64.746666
,,,Y,VI,,$0,1,Community water system,,,,FLAMBOYANT GARDENS G,,02,,Y,0,1,,,,,VI3000553,VVVVVVVVVVVVU,,,17.735232,County Centroid,1,,,,VI3000553,,30000,St. Croix Island,-64.746666
,,,Y,VI,,$0,1,Community water system,,,,FLAMBOYANT GARDENS I,,02,,Y,0,1,,,,,VI3000554,___VVVVVVVVVU,,,17.735232,County Centroid,1,,,,VI3000554,,30000,St. Croix Island,-64.746666
,,,Y,VI,,$0,1,Community water system,,,,FLAMBOYANT GARDENS J,,02,,Y,0,1,,,,,VI3000555,VVVVVVVVVVVVU,,,17.735232,County Centroid,1,,,,VI3000555,,30000,St. Croix Island,-64.746666
,5,,Y,VI,,$0,1,Non-Transient non-community system,,,,FOOD CENTER,,02,,Y,5,1,,,,,VI1000309,VVVVVVVVVVVVU,,,18.326749,County Centroid,1,,5,,110049842104,,30000,ST. THOMAS ISLAND,-64.97125
,,,Y,VI,,$0,1,Community water system,,78010,,FORT LOUISE AUGUSTA CONDOS,00820,02,,N,0,1,,CHRISTIANSTED,,,VI3000062,VVVVVVVVV___U,,,17.745512,Zip Code Centroid,0,ST. CROIX ISLAND,,,110012830151,UNDISCLOSED,10000,ST. CROIX ISLAND,-64.709138
,,,Y,VI,,$0,1,Non-Transient non-community system,,,,FORT MYLNER HEADSTART,,02,,N,0,1,,,,,VI1000126,VVVV________U,,,18.326749,County Centroid,0,,,,110050637487,,30000,ST. THOMAS ISLAND,-64.97125
,2,,Y,VI,,$0,1,Non-Transient non-community system,,78010,,FREE WILL BAPTIST SCHOOL,00823,02,,Y,2,1,,CHRISTIANSTED,,,VI3000013 VI3000039,SSSSSSSSSSSSU,,,17.74654,Zip Code Centroid,1,ST. CROIX ISLAND,2,,110044223934,1-F SION FARM,10000,ST. CROIX ISLAND,-64.7047
,,,Y,VI,,$0,1,Transient non-community system,,,,FRENCHTOWN BALLFIELD,,02,,N,0,1,,,,,VI1000200,VVVV________U,,,18.326749,County Centroid,0,,,,110050703084,,30000,ST. THOMAS ISLAND,-64.97125
,,,Y,VI,,$0,1,Non-Transient non-community system,,78010,,GALLOWS POINT HOTEL,00831,02,,Y,0,1,,ST JOHN,,,VI0000550,VVVVVVVVVVVVU,,,18.33843,Zip Code Centroid,1,ST. CROIX ISLAND,,,110022878901,3AAA GALLOWS POINT RD,10000,ST JOHN,-64.73715
,,,Y,VI,,$0,1,Community water system,,,,GENIP GARDENS,,02,,N,0,1,,,,,VI3000549,VVVVV_______U,,,17.735232,County Centroid,0,,,,VI3000549,,30000,St. Croix Island,-64.746666
,22,,Y,VI,,$0,1,Transient non-community system,,78010,,GENTLE WINDS RESORTS,00851,02,,Y,22,1,,KINGSHILL,,,VI0000055 VI3000052 VI3000053 VI3000054 VI3000055 VI3000056,VVVVVVVVVVSSU,,,17.73316,Zip Code Centroid,1,ST. CROIX ISLAND,22,,110010635679,PO BOX 1660 KINGSHILL,10000,SAINT CROIX,-64.77532
,4,,Y,VI,,$0,1,Transient non-community system,,,,GERTRUDE'S RESTAURANT,,02,,Y,4,1,,,,,VI3000338,SSSSSSSSSSSSU,,,17.735232,County Centroid,1,,4,,110049783383,,30000,ST. CROIX ISLAND,-64.746666
,,,Y,VI,,$0,1,Non-Transient non-community system,,,,GIFFT HILL SCHOOL UPPER CAMPUS (6-12),,02,,N,0,0,,,,,VI1000327,____________U,,,18.330435,County Centroid,0,,,,VI1000327,,30000,St. John Island,-64.735261
,16,,Y,VI,,$0,1,Community water system,,,,GOOD HOPE TOWNHOUSES,,02,,Y,16,1,,,,,VI0000098,VVVVVVVVVVSSU,,,17.735232,County Centroid,1,,16,,110012830678,,30000,ST. CROIX ISLAND,-64.746666
78010,6,,Y,VI,21020002,$0,1,Non-Transient non-community system,,78010,,GOV. JUAN F. LUIS HOSPITAL AND MEDICAL CENTER,00820,02,,Y,6,1,ACRES POINTS NOT REPRESENTED BY 101-107,CHRISTIANSTED,,,VI0000369,VVVVVVVVVVSVU,0,210200020103,17.74729,ZIP CODE-CENTROID,1,ST. CROIX ISLAND,6,00820,110013695304,4007 ESTATE DIAMOND RUBY,17400,SAINT CROIX,-64.7041
,,,Y,VI,,$0,1,Community water system,,,,GRANDA DEL MAR,,02,,N,0,0,,,,,VI0000342,____________U,,,17.735232,County Centroid,0,,,,110049926407,,30000,ST. CROIX ISLAND,-64.746666
78030,1,,Y,VI,,$0,1,Transient non-community system,,78030,,GREATHOUSE ESTATES,00802,02,,Y,1,1,,ST. THOMAS,,,VI1000158,VVVVVVVVVVVVU,0,,18.333333,,1,ST. THOMAS ISLAND,1,00802,110040082317,NO. 6 ESTATES ST. PETER,17655,ST. THOMAS ISLAND,-64.833333
,,,Y,VI,,$0,1,Non-Transient non-community system,,,,GREEN CAY MARINA,,02,,Y,0,1,,,,,VI3000088,SSSSSSSSSSSSU,,,17.735232,County Centroid,1,,,,110049957427,,30000,ST. CROIX ISLAND,-64.746666
,,,Y,VI,,$0,1,Non-Transient non-community system,,,,GSA/ FEDERAL BUILDING & COURTHOUSE,,02,,Y,0,1,,,,,VI3000222,VVVVVVVVVVVVU,,,17.735232,County Centroid,1,,,,110050675202,,30000,ST. CROIX ISLAND,-64.746666
,3,,Y,VI,,$0,1,Non-Transient non-community system,,78020,,GUY BENJAMIN ELEMENTARY SCHOOL,00830,02,,Y,3,1,,CORAL BAY,,,VI0000555,VVVVVVVVVVVVU,,,18.33342,Zip Code Centroid,1,ST. JOHN ISLAND,3,,110032597928,7913 ESTATE EMMAUS,10000,SAINT JOHN,-64.79287
,1,,Y,VI,,$0,1,Community water system,,78010,,HARBORVIEW APARTMENTS ASSOCIATES,00820,02,,Y,1,1,,ST. CROIX,,,VI0000078,VVVVVVVVVVSSU,,,17.745512,Zip Code Centroid,1,ST. CROIX ISLAND,2,,110069216306,300 HARBORVIEW APARTMENTS,10000,ST. CROIX ISLAND,-64.709138
,1,,Y,VI,,$0,1,Transient non-community system,,,,HARBOUR BEACH VILLAGE,,02,,Y,1,1,,,,,VI0000345,VVVVVVVVVVVVU,,,17.735232,County Centroid,1,,2,,110049926513,,30000,ST. CROIX ISLAND,-64.746666
,1,08/31/2006,Y,VI,,$0,1,Community water system,,78030,$408,HERBERT GRIGG HOME (VIDOHS),00802,02,,Y,2,1,,CHARLOTTE AMALIE,,,VI0000058,VVVVVVVVVVSSU,,,18.34604,Zip Code Centroid,1,ST. THOMAS ISLAND,1,,110014406721,1303 HOSPITAL GROUND,10000,ST. THOMAS ISLAND,-64.93267
,2,,Y,VI,,$0,1,Community water system,,,,HERBERT GRIGG I/C,,02,,N,2,0,,,,,VI3000477,____________U,,,17.735232,County Centroid,0,,2,,110047073509,,30000,ST. CROIX ISLAND,-64.746666
,,08/31/2006,Y,VI,,$0,1,Community water system,,,$612,HERBERT GRIGG LTC,,02,,N,0,0,,,,,VI3000025,____________U,,,17.735232,County Centroid,0,,,,110012877609,,30000,ST. CROIX ISLAND,-64.746666
78030,1,08/03/2001,Y,VI,21020001,$0,1,Community water system,,78030,$500,HERITAGE HILLS CONDOS,00802,02,,Y,1,1,ENTRANCE POINT OF A FACILITY OR STATION,ST THOMAS,,,VI1000118,VVVVVVVVVVVVU,0,210200010104,18.34309,ADDRESS MATCHING-BLOCK FACE,1,ST. THOMAS ISLAND,1,00802,110010764020,100 BLACKBEARDS HILL,1000,ST. THOMAS ISLAND,-64.92962
,2,,Y,VI,,$0,1,Transient non-community system,1,,,HOLGER DANSKE HOTEL,,02,,Y,2,1,,,,,VI0000346,VVVVVVVVVVVVU,,,17.735232,County Centroid,1,,2,,110049926559,,30000,ST. CROIX ISLAND,-64.746666
,,,Y,VI,,$0,1,Transient non-community system,,,,HOTEL 1829,,02,,N,0,1,,,,,VI0000197,VVVV________U,,,18.326749,County Centroid,0,,,,110049953984,,30000,ST. THOMAS ISLAND,-64.97125
,4,,Y,VI,,$0,1,Non-Transient non-community system,,78010,,HOTEL ON THE CAY,00820,02,,Y,4,1,,CHRISTIANSTED,,,VI0000348,SSVVVVVVVVSSU,,,17.745512,Zip Code Centroid,1,ST. CROIX ISLAND,4,,110010601090,PROTESTANT CAY P.O. BOX 223329,10000,ST CROIX,-64.709138
,6,,Y,VI,,$0,1,Transient non-community system,,,,HULL BAY  (LARRY'S) HIDEAWAY RESTAURANT,,02,,Y,6,1,,,,,VI0000219,VVVVVVVVVVVVU,,,18.326749,County Centroid,1,,6,,110050727102,,30000,ST. THOMAS ISLAND,-64.97125
,1,,Y,VI,,$0,1,Non-Transient non-community system,,78030,,INDEPENDENT BOAT YARD,00802,02,,Y,1,1,,ST. THOMAS,,,VI0000160,VVVV________U,,,18.34604,Zip Code Centroid,1,ST. THOMAS ISLAND,1,,110069490223,6249 FRYDENHOJ,10000,ST. THOMAS ISLAND,-64.93267
,1,,Y,VI,,$0,1,Transient non-community system,,,,INN AT BLACK BEARDS CASTLE HOTEL,,02,,N,1,1,,,,,VI1000009,VVVV________U,,,18.326749,County Centroid,0,,1,,110050668835,,30000,ST. THOMAS ISLAND,-64.97125
,,,Y,VI,,$0,1,Transient non-community system,,78020,,INN AT TAMARIND COURT,00831,02,,N,0,1,,CRUZ BAY,,,VI1000093 VI1000094,VVVV________U,,,18.33843,Zip Code Centroid,0,ST. JOHN ISLAND,,,110050750228,104 S NORTH SHORE RD,10000,ST. JOHN ISLAND,-64.73715
,6,,Y,VI,,$0,1,Non-Transient non-community system,,,,ISLAND MEDICAL CENTER- IMC/MED ISLE,,02,,Y,6,1,,,,,VI3000075,SSSSSSSSSSSSU,,,17.735232,County Centroid,1,,6,,110049780536,,30000,ST. CROIX ISLAND,-64.746666
,4,,Y,VI,,$0,1,Transient non-community system,,,,ISLAND VIEW GUEST HOUSE,,02,,N,4,1,,,,,VI0000523,VVVV________U,,,18.326749,County Centroid,0,,4,,110049954484,,30000,ST. THOMAS ISLAND,-64.97125
,4,,Y,VI,,$0,1,Non-Transient non-community system,,,,IVANNA EUDORA KEAN HIGH,,02,,Y,4,1,,,,,VI0000250,VVVVVVVVVVVVU,,,18.326749,County Centroid,1,,4,,110049942933,,30000,ST. THOMAS ISLAND,-64.97125
,4,,Y,VI,,$0,1,Non-Transient non-community system,,,,JAMES MONROE-SIBILY,,02,,Y,4,1,,,,,VI0000524,VVVVVVVVVVVVU,,,18.326749,County Centroid,1,,4,,110049954536,,30000,ST. THOMAS ISLAND,-64.97125
,,,Y,VI,,$0,1,Non-Transient non-community system,,,,JOHN WOODSON JR. HIGH,,02,,N,0,1,,,,,VI0000372,VVVV________U,,,17.735232,County Centroid,0,,,,110050693433,,30000,ST. CROIX ISLAND,-64.746666
,4,,Y,VI,,$0,1,Non-Transient non-community system,,,,JOSEPH SIBILY ELEM-ART ROOM,,02,,Y,4,1,,,,,VI0000508,VVVVVVVVVVVVU,,,18.326749,County Centroid,1,,4,,110049954153,,30000,ST. THOMAS ISLAND,-64.97125
,3,,Y,VI,,$0,1,Non-Transient non-community system,,,,JOSEPH SIBILY ELEM-CAFE,,02,,Y,3,1,,,,,VI0000507,VVVVVVVVVVVVU,,,18.326749,County Centroid,1,,3,,110050713493,,30000,ST. THOMAS ISLAND,-64.97125
78010,17,,Y,VI,21020002,$0,1,Transient non-community system,,78010,,KING CHRISTIAN HOTEL,00820,02,,Y,17,1,ENTRANCE POINT OF A FACILITY OR STATION,CHRISTIANSTED,,,VI0000356,SSSSSSSSSSSSU,0,210200020103,17.74635,ADDRESS MATCHING-HOUSE NUMBER,1,ST. CROIX ISLAND,17,00820,110001915287,59 KINGS WHARF,50,ST CROIX,-64.703693
,1,08/31/2006,Y,VI,,$0,1,Non-Transient non-community system,,78010,$384,KINGSHILL HEADSTART,00820,02,,N,1,1,,KINGSHILL,,,VI3000476,VVVV____VV__U,,,17.745512,Zip Code Centroid,0,ST. CROIX ISLAND,1,,110022313744,24AA ESTATE KINGSHILL,10000,ST CROIX,-64.709138
,6,,Y,VI,,$0,1,Non-Transient non-community system,,78030,,KNUD HANSEN HOSPITAL,00802,02,,Y,6,1,,ST. THOMAS,,,VI0000124,VVVVVVVVVVVVU,,,18.34604,Zip Code Centroid,1,ST. THOMAS ISLAND,6,,110037081715,1303 HOSPITAL GROUND,10000,SAINT THOMAS,-64.93267
,,,Y,VI,,$0,1,Transient non-community system,,,,LA VIDA MARINA/PIRATE'S COVE MARINA,,02,,N,0,1,,,,,VI0000501,VVVV________U,,,18.326749,County Centroid,0,,,,110050713395,,30000,ST. THOMAS ISLAND,-64.97125
78010,,03/02/2016,Y,VI,21020002,"$115,000",1,Community water system,,78010,"$115,000",LIMETREE BAY TERMINALS (FKA HOVENSA),00820,02,Y,Y,2,1,CENTER OF A FACILITY OR STATION,ST CROIX,,1,VI0000349,VVVV_____VV_U,0,210200020202,17.7102,INTERPOLATION-MAP,1,ST. CROIX ISLAND,,00820,110000307864,1 ESTATE HOPE,300,ST. CROIX ISLAND,-64.7544
,,,Y,VI,,$0,1,Transient non-community system,,,,LIONEL ROBERTS STADIUM,,02,,N,0,1,,,,,VI1000152,VVVV________U,,,18.326749,County Centroid,0,,,,110049839537,,30000,ST. THOMAS ISLAND,-64.97125
78010,1,02/26/2008,Y,VI,21020002,$0,1,Community water system,,78010,$250,LONG REEF,00840,02,,Y,1,1,FACILITY CENTROID,FREDERIKSTED,,,VI0000064,VVVVVVVVVVVVU,0,210200020103,17.745509,INTERPOLATION-PHOTO,1,ST. CROIX ISLAND,1,00820,110010634046,3016 ORANGE GROVE,18993,ST CROIX,-64.722846
,2,,Y,VI,,$0,1,Community water system,,78010,,LORRAINE VILLAGE,00840,02,,Y,2,1,,FREDERIKSTED,,,VI0000066,VVVVVVVVVVVVU,,,17.714716,Zip Code Centroid,1,ST. CROIX ISLAND,2,,110012831711,20 21A ESTATE PLESSEN,10000,ST. CROIX ISLAND,-64.879762
78010,,,Y,VI,21020002,$0,1,Community water system,,78010,,LOUIS E. BROWN DEVELOPMENT,00851,02,,Y,0,1,,KINGSHILL,,,VI0000065,,0,210200020204,17.704811,,1,ST. CROIX ISLAND,,00840,110044241077,2J PARADISE,36155,ST. CROIX ISLAND,-64.817475
,,,Y,VI,,$0,1,Community water system,,78030,,LUVELUND APARTMENTS,00803,02,,Y,0,1,,ST. THOMAS,,,VI1000304,VVVVVVVVVVVVU,,,18.33675,Zip Code Centroid,1,ST. THOMAS ISLAND,,,110022501611,3 ESTATE LOVENLUND,10000,ST. THOMAS,-64.88893
,5,,Y,VI,,$0,1,Transient non-community system,,,,MAFOLIE HOTEL,,02,,N,5,1,,,,,VI0000222,VVVV________U,,,18.326749,County Centroid,0,,5,,110050727166,,30000,ST. THOMAS ISLAND,-64.97125
78030,1,,Y,VI,21020001,$0,1,Community water system,,78030,,MAGEN'S POINT CONDOS,00801,02,,Y,1,1,FACILITY CENTROID,ST. THOMAS,,,VI1000188,VVVVVVVVVVVVU,0,210200010101,18.358802,INTERPOLATION-PHOTO,1,ST. THOMAS ISLAND,1,00802,110012829877,"7A, 7B ESTATE JOSEPH/ROSENDAHL",17872,ST. THOMAS,-64.914978
,3,,Y,VI,,$0,1,Transient non-community system,,78030,,MAGEN'S POINT RESORT/VILLAS,00802,02,,N,3,1,,MAGENS POINT,,,VI0000198,VVVV________U,,,18.34604,Zip Code Centroid,0,ST. THOMAS ISLAND,3,,110049954000,MAGENS POINT,10000,ST. THOMAS ISLAND,-64.93267
,4,,Y,VI,,$0,1,Transient non-community system,,78030,,"MAGENS BAY CONCESSION, INC.",00801,02,,N,4,1,,ST. THOMAS,,,VI0000223,VVVV________U,,,18.33675,Zip Code Centroid,0,ST. THOMAS ISLAND,4,,110010408736,P.O. BOX 11961,10000,ST THOMAS,-64.88893
,15,,Y,VI,,$0,1,"Non-Transient non-community system, Community water system",,78030,,MAHOGANY RUN GOLF COURSE,00802,02,,Y,15,1,,ST THOMAS,,,VI0000510 VI1000305,VVVVVVVVVVVVU,,,18.34604,Zip Code Centroid,1,ST. THOMAS ISLAND,15,,110022878885,1 N MAHOGANY RUN RD,10000,ST. THOMAS ISLAND,-64.93267
78030,6,07/11/2016,Y,VI,21020001,"$23,997",1,Non-Transient non-community system,,78030,"$23,997",MARRIOT FRENCHMANS REEF AND MORNING STAR BEACH RESORT,00802,02,Y,Y,7,1,CENTER OF FACILITY,ST THOMAS,,1,VI0000095 VI0000227,VVVVVVVVVVVVU,0,210200010103,18.322507,INTERPOLATION-PHOTO,1,ST. THOMAS ISLAND,6,00802,110010135102,5 ESTATE BAKKEROE,51,ST. THOMAS ISLAND,-64.920444
,8,,Y,VI,,$0,1,Non-Transient non-community system,,78010,,MCDONALD'S GOLDEN ROCK,00821,02,,Y,9,1,,CHRISTIANSTED,,,VI3000017,SSSSSSSSSSSSU,,,17.74654,Zip Code Centroid,1,ST. CROIX ISLAND,8,,110063213384,"4500 SUNNY ISLE PROFESSIONAL BUILDING, SUITE #2",10000,ST. CROIX ISLAND,-64.7047
,,,Y,VI,,$0,1,Transient non-community system,,,,MCDONALD'S-FRENCHTOWN,,02,,N,0,1,,,,,VI1000145,VVVV________U,,,18.326749,County Centroid,0,,,,110049839421,,30000,ST. THOMAS ISLAND,-64.97125
,8,04/23/1997,Y,VI,,$0,1,Non-Transient non-community system,,78010,$300,MCDONALDS VILLE LA REINE,00820,02,,Y,9,1,,CHRISTIANSTED,,,VI3000014,SSSSSSSSSSSSU,,,17.745512,Zip Code Centroid,1,ST. CROIX ISLAND,8,,110010636712,VILLE LA REINE SHOPPING CENTER,10000,SAINT CROIX,-64.709138
,4,,Y,VI,,$0,1,Non-Transient non-community system,,,,MEDICAL ART COMPLEX,,02,,Y,4,1,,,,,VI1000056,VVVVVVVVVVVVU,,,18.326749,County Centroid,1,,4,,110050624776,,30000,ST. THOMAS ISLAND,-64.97125
78010,2,,Y,VI,21020002,$0,1,Community water system,,78010,,MILL HARBOUR CONDOMINIUM,00820,02,,Y,2,1,FACILITY CENTROID,ST CROIX,,,VI0000068,SSSSSSSSSSSSU,0,210200020103,17.754858,INTERPOLATION-PHOTO,1,ST. CROIX ISLAND,2,00820,110010606399,3220 ESTATE GOLDEN ROCK,987,ST. CROIX ISLAND,-64.721457
,1,,Y,VI,,$0,1,Non-Transient non-community system,,,,MONGOOSE JNCT. II,,02,,N,1,1,,,,,VI1000099,VVVV________U,,,18.330435,County Centroid,0,,1,,110049785746,,30000,ST. JOHN ISLAND,-64.735261
,,,Y,VI,,$0,1,Transient non-community system,,,,MONGOOSE JNCT.I (REST),,02,,N,0,1,,,,,VI1000098,VVVV________U,,,18.330435,County Centroid,0,,,,110049785737,,30000,ST. JOHN ISLAND,-64.735261
78030,1,,Y,VI,21020001,$0,1,"Non-Transient non-community system, Transient non-community system",,78030,,MONTESSORI SCHOOL INTERNATIONAL ACADEMY,00802,02,,Y,1,1,,ST THOMAS,,,VI0000245 VI0000366,VVVVVVVVVVVVU,0,210200010102,18.32376,,1,ST. THOMAS ISLAND,1,00802,110011749858,6936 VESSUP LN,17655,ST THOMAS,-64.84902
,,,Y,VI,,$0,1,Transient non-community system,,,,MOUNTAIN TOP,,02,,N,0,1,,,,,VI1000146,VVVV________U,,,18.326749,County Centroid,0,,,,110049839449,,30000,ST. THOMAS ISLAND,-64.97125
78020,,,Y,VI,21020001,$0,1,Non-Transient non-community system,,78010,,MYRAH KEATING SMITH COMMUNITY HEALTH CENTER,00831,02,,Y,0,1,ACRES POINTS NOT REPRESENTED BY 101-107,ST JOHN,,,VI3000001,VVVVVVVVVVVVU,0,210200010203,18.3333,ZIP CODE-CENTROID,1,ST. CROIX ISLAND,,00830,110021138865,3B ESTATE SUSANNABERG,34780,ST JOHN,-64.79429
,,,Y,VI,,$0,1,Transient non-community system,,,,NAT'L PARK VISITOR CENTER,,02,,N,0,1,,,,,VI0000564,VVVV________U,,,18.330435,County Centroid,0,,,,110049765161,,30000,ST. JOHN ISLAND,-64.735261
,1,,Y,VI,,$0,1,Non-Transient non-community system,,,,NISKY CENTER,,02,,Y,1,1,,,,,VI1000037,VVVVVVVVVVVVU,,,18.326749,County Centroid,1,,1,,110049782945,,30000,ST. THOMAS ISLAND,-64.97125
,6,,Y,VI,,$0,1,Transient non-community system,,,,OLD STONE FARMHOUSE,,02,,N,6,0,,,,,VI1000149,____________U,,,18.326749,County Centroid,0,,6,,110049839494,,30000,ST. THOMAS ISLAND,-64.97125
,,08/31/2006,Y,VI,,$0,1,Non-Transient non-community system,,78030,$205,OLD TUTU HEADSTART,00802,02,,N,0,1,,ST. THOMAS,,,VI1000129,VVVV________U,,,18.34604,Zip Code Centroid,0,ST. THOMAS ISLAND,,,110022313708,143 A-26 ANNAS RETREAT,10000,ST. THOMAS,-64.93267
,6,,Y,VI,,$0,1,Transient non-community system,,78030,,PAVILLION & POOLS HOTEL,00802,02,,Y,6,1,,ST THOMAS,,,VI1000021,VVVVVVVVVVVVU,,,18.34604,Zip Code Centroid,1,ST. THOMAS ISLAND,6,,110022878947,6400 SMITH BAY,10000,ST THOMAS,-64.93267
,9,,Y,VI,,$0,1,Transient non-community system,,78010,,PELICAN COVE,00820,02,,Y,9,1,,CHRISTIANSTED,,,VI3000068 VI3000069 VI3000070 VI3000071,VVVVVVVVVVSSU,,,17.745512,Zip Code Centroid,1,ST. CROIX ISLAND,9,,110010634019,4127 LA GRANDE PRINCESSE,10000,ST. CROIX ISLAND,-64.709138
,,,Y,VI,,$0,1,Community water system,,78010,,PEPPER TREE TERRACE,00823,02,,N,0,1,,ST CROIX,,,VI2000029 VI2OOOO29 VI3000029 VI3000030,VVVVVVVVVV__U,,,17.74654,Zip Code Centroid,0,ST. CROIX ISLAND,,,110010787087,"PO BOX 6934, SUNNY ISLE",10000,ST. CROIX ISLAND,-64.7047
,4,,Y,VI,,$0,1,Community water system,,78030,,PLANTATION MANOR,00803,02,,Y,4,1,,ST. THOMAS,,,VI0000234 VI0000235 VI0000236 VI0000237,VVVVVVVVVVVVU,,,18.33675,Zip Code Centroid,1,ST. THOMAS ISLAND,4,,110012831016,107-10 & 12 ESTATE CONTANT,10000,ST. THOMAS,-64.88893
,,,Y,VI,,$0,1,Non-Transient non-community system,,,,PLAZA EXTRA II,,02,,Y,0,1,,,,,VI3000513,VVVVVVVVVVVVU,,,17.735232,County Centroid,1,,,,110050750567,,30000,ST. CROIX ISLAND,-64.746666
78030,2,,Y,VI,21020001,$0,1,Community water system,,78030,,POINT PLEASANT RESORT,00802,02,,Y,2,1,POINT WHERE SUBSTANCE IS RELEASED,ST THOMAS,,,VI0000271,VVVVVVVVVVVVU,0,210200010103,18.345803,INTERPOLATION-MAP,1,ST. THOMAS ISLAND,2,00802,110010135022,6600 ESTATE SMITH BAY,50,ST THOMAS,-64.882395
,,,Y,VI,,$0,1,Community water system,,,,PROFESSIONAL CENTER,,02,,Y,0,1,,,,,VI1000085,VVVVVVVVVVVVU,,,18.326749,County Centroid,1,,,,110047330330,,30000,ST. THOMAS ISLAND,-64.97125
,3,,Y,VI,,$0,1,Non-Transient non-community system,,78010,,PUEBLO (GOLDEN ROCK),00820,02,,Y,3,1,,ST. CROIX,,,VI3000002,VVVVVVVVVVVVU,,,17.745512,Zip Code Centroid,1,ST. CROIX ISLAND,3,,110022879321,ESTATE GOLDEN ROCK,10000,ST. CROIX,-64.709138
,1,,Y,VI,,$0,1,Non-Transient non-community system,,78010,,PUEBLO (LA REINE),00820,02,,Y,1,1,,ST CROIX,,,VI0000414 VI3000019,VVVVVVVVVVVVU,,,17.745512,Zip Code Centroid,1,ST. CROIX ISLAND,1,,110022878867,ESTATE LA REINE,10000,ST. CROIX ISLAND,-64.709138
,9,,Y,VI,,$0,1,Community water system,,78030,,QUEEN LOUISE APARTMENTS,00801,02,,Y,11,1,,ST THOMAS,,,VI0000128 VI1000018 VI1000019,VVVVVVVVVVVVU,,,18.33675,Zip Code Centroid,1,ST. THOMAS ISLAND,9,,110012831276,ESTATE TAARNEBERG,10000,ST. THOMAS ISLAND,-64.88893
,,,Y,VI,,$0,1,Community water system,1,78010,,QUEEN LOUISE HOME,00841,02,,N,0,1,,FREDERIKSTED,,,VI0000071,VVVVV_______U,,,17.70949,Zip Code Centroid,0,ST. CROIX ISLAND,,,110070106229,71 ESTATE CONCORDIA,10000,ST. CROIX ISLAND,-64.87917
,,,Y,VI,,$0,1,Community water system,,,,QUESTA VERDE D/B,,02,,Y,0,1,,,,,VI3000049,VVVVVVVVVVVVU,,,17.735232,County Centroid,1,,,,110012830017,,30000,ST. CROIX ISLAND,-64.746666
,,,Y,VI,,$0,1,Community water system,,,,QUESTA VERDE F,,02,,Y,0,1,,,,,VI0000072,VVVVVVVVVVSSU,,,17.735232,County Centroid,1,,,,110012831828,,30000,ST. CROIX ISLAND,-64.746666
,,,Y,VI,,$0,1,Community water system,,,,QUESTA VERDE K/L,,02,,Y,0,1,,,,,VI3000051,VVVVVVVVVVVVU,,,17.735232,County Centroid,1,,,,110012877832,,30000,ST. CROIX ISLAND,-64.746666
,,,Y,VI,,$0,1,Community water system,,,,QUESTA VERDE M/N,,02,,Y,0,1,,,,,VI3000050,VVVVVVVVVVVVU,,,17.735232,County Centroid,1,,,,110012830035,,30000,ST. CROIX ISLAND,-64.746666
,6,,Y,VI,,$0,1,Non-Transient non-community system,,,,R. WHEATLEY SKILLS CENTER,,02,,Y,6,1,,,,,VI1000069,VVVVVVVVVVVVU,,,18.326749,County Centroid,1,,6,,110050624945,,30000,ST. THOMAS ISLAND,-64.97125
,1,,Y,VI,,$0,1,Non-Transient non-community system,,,,REDHOOK SHOPPING CENTER,,02,,Y,1,1,,,,,VI1000050,VVVVVVVVVVVVU,,,18.326749,County Centroid,1,,1,,110050635639,,30000,ST. THOMAS ISLAND,-64.97125
,9,,Y,VI,,$0,1,Non-Transient non-community system,,,,REDHOOK VILLAS,,02,,N,9,1,,,,,VI1000134,VVVV________U,,,18.326749,County Centroid,0,,9,,110050637682,,30000,ST. THOMAS ISLAND,-64.97125
78010,,,Y,VI,21020002,$0,1,Community water system,,78010,,"REEF, THE",00824,02,,N,0,1,FACILITY CENTROID,ST CROIX,,,VI0000074,VVVV________U,0,210200020103,17.750495,INTERPOLATION-PHOTO,0,ST. CROIX ISLAND,,00820,110010636008,"PO BOX 25565, GALLOWS BAY",18367,ST. CROIX ISLAND,-64.609995
,6,,Y,VI,,$0,1,Non-Transient non-community system,,,,REHABILITATION CENTER AT BEESTON HILL,,02,,Y,6,1,,,,,VI3000223,VVVVVVVVVVVVU,,,17.735232,County Centroid,1,,6,,110050675220,,30000,ST. CROIX ISLAND,-64.746666
,,,Y,VI,,$0,1,Non-Transient non-community system,,,,RENAISSANCE (PAVILLION),,02,,N,0,1,,,,,VI0000232,VVVV________U,,,18.326749,County Centroid,0,,,,110049765009,,30000,ST. THOMAS ISLAND,-64.97125
,,,Y,VI,,$0,1,Non-Transient non-community system,,,,RENAISSANCE- ENGINEERING,,02,,N,0,1,,,,,VI0000233,VVVV________U,,,18.326749,County Centroid,0,,,,110049765018,,30000,ST. THOMAS ISLAND,-64.97125
,1,,Y,VI,,$0,1,Transient non-community system,,,,RHYTHMS AT RAINBOW BEACH,,02,,Y,1,1,,,,,VI0000431,VVVVVVVVVVSSU,,,17.735232,County Centroid,1,,1,,110050702637,,30000,ST. CROIX ISLAND,-64.746666
,3,,Y,VI,,$0,1,Non-Transient non-community system,,,,RITZ CARLTON,,02,,Y,3,1,,,,,VI1000105,VVVVVVVVVVVVU,,,18.326749,County Centroid,1,,3,,110049785853,,30000,ST. THOMAS ISLAND,-64.97125
,1,,Y,VI,,$0,1,Community water system,1,78010,,SAMAN VILLAS,00850,02,,Y,1,1,,KINGSHILL,,,VI3000522,VVVVVVVVVVVVU,,,17.736035,Zip Code Centroid,1,ST. CROIX ISLAND,1,,110050750585,UNDISCLOSED,10000,ST. CROIX ISLAND,-64.796109
78030,,,Y,VI,21020001,$0,1,Community water system,,78030,,SAPPHIRE BAY CONDOMINIUM,00802,02,,Y,0,1,CENTER OF A FACILITY OR STATION,ST THOMAS,,,VI0000115,,0,210200010102,18.339676,INTERPOLATION-MAP,1,ST. THOMAS ISLAND,,00802,110010764173,6345 SMITH BAY RD,300,ST. THOMAS ISLAND,-64.857918
78030,7,,Y,VI,21020001,$0,1,Non-Transient non-community system,,78030,,SAPPHIRE BEACH RESORT & MARINA,00801,02,,Y,7,1,,ST. THOMAS,,,VI1000029,VVVVVVVVVVVVU,0,210200010102,18.34166,,1,ST. THOMAS ISLAND,7,00802,110045454236,"6720 ESTATE SMITH BAY, P.O. BOX 8088",17655,SAINT THOMAS,-64.86368
78030,2,03/23/2017,Y,VI,21020001,"$20,000",1,Community water system,,78030,"$20,000",SAPPHIRE VILLAGE CONDOMINIUM,00802,02,,Y,3,1,,ST THOMAS,,1,VI1000030,VVVVVVVVVVVVU,0,210200010102,18.332321,,1,ST. THOMAS ISLAND,2,00802,110009766967,1-16-1A SMITHBAY,17655,ST. THOMAS ISLAND,-64.851416
78030,10,,Y,VI,21020001,$0,1,Community water system,,78030,,SEAVIEW NURSING HOME AND REHABILITATION FACILITY,00802,02,,Y,10,1,CENTER OF FACILITY,ST THOMAS,,,VI1000138,VVVVVVVVVVVVU,0,210200010103,18.322207,INTERPOLATION-PHOTO,1,ST. THOMAS ISLAND,10,00802,110010606353,7500 BOLONGO BAY,492,ST. THOMAS ISLAND,-64.898601
,1,,Y,VI,,$0,1,"Non-Transient non-community system, Transient non-community system",,78030,,SECRET HARBOR BEACH RESORT,00802,02,,Y,1,1,,ST. THOMAS,,,VI0000249 VI0000535,VVVVVVVVVVVVU,,,18.34604,Zip Code Centroid,1,ST. THOMAS ISLAND,1,,110022878894,2H-25 ESTATE NAZARETH,10000,ST. THOMAS,-64.93267
,,,Y,VI,,$0,1,Transient non-community system,,78030,,SECRET HARBOR HOUSE III,00802,02,,Y,0,1,,ST. THOMAS,,,VI0000469,VVVVVVVVVVVVU,,,18.34604,Zip Code Centroid,1,ST. THOMAS ISLAND,,,110012831150,6280 ESTATE NAZARETH,10000,ST. THOMAS,-64.93267
,3,,Y,VI,,$0,1,Non-Transient non-community system,,,,SEVENTH DAY ADVENTIST SCHOOL,,02,,Y,3,1,,,,,VI0000251,VVVVVVVVVVVVU,,,18.326749,County Centroid,1,,3,,110049942951,,30000,ST. THOMAS ISLAND,-64.97125
,,,Y,VI,,$0,1,Non-Transient non-community system,,,,SEVENTH DAY ADVENTIST- PRIMARY,,02,,N,0,0,,,,,VI0000607,____________U,,,17.735232,County Centroid,0,,,,110049943460,,30000,ST. CROIX ISLAND,-64.746666
,2,,Y,VI,,$0,1,Transient non-community system,,,,SHIPWRECK LANDING,,02,,N,2,1,,,,,VI1000071,VVVV________U,,,18.330435,County Centroid,0,,2,,110050624981,,30000,ST. JOHN ISLAND,-64.735261
,14,,Y,VI,,$0,1,Transient non-community system,,,,SIBS MOUNTAIN TOP BAR,,02,,Y,14,1,,,,,VI1000040,VVVVVVVVVVVVU,,,18.326749,County Centroid,1,,14,,110049782990,,30000,ST. THOMAS ISLAND,-64.97125
,5,,Y,VI,,$0,1,Transient non-community system,,,,SKINNY LEGS BAR & RESTAURANT,,02,,N,5,1,,,,,VI1000579,VVVV________U,,,18.330435,County Centroid,0,,5,,110050523956,,30000,ST. JOHN ISLAND,-64.735261
,5,,Y,VI,,$0,1,Non-Transient non-community system,,,,ST. CROIX EDUCATIONAL COMPLEX,,02,,Y,5,1,,,,,VI3000480,VVVVVVVVVVSSU,,,17.735232,County Centroid,1,,5,,110050625365,,30000,ST. CROIX ISLAND,-64.746666
,11,,Y,VI,,$0,1,Community water system,,78010,,ST. CROIX MUTUAL HOMES,00841,02,,Y,11,1,,FREDERIKSTED,,,VI0000077 VI1000077 VI2000077 VI3000463 VI3000464 VI3000465 VI3000466 VI3000467 VI4000077,SSSSSSSSSSSSU,,,17.70949,Zip Code Centroid,1,ST. CROIX ISLAND,11,,110012830339,ESTATE GROVE PLACE,10000,ST. CROIX ISLAND,-64.87917
,8,,Y,VI,,$0,1,Non-Transient non-community system,,,,ST. CROIX VOCATIONAL COMPLEX,,02,,Y,8,1,,,,,VI3000481,VVVVVVVVVVVVU,,,17.735232,County Centroid,1,,8,,110050750344,,30000,ST. CROIX ISLAND,-64.746666
,5,,Y,VI,,$0,1,Transient non-community system,,,,ST. CROIX YACHT CLUB,,02,,Y,5,1,,,,,VI3000482,SSSSSSSSSSSSU,,,17.735232,County Centroid,1,,5,,110050750362,,30000,ST. CROIX ISLAND,-64.746666
,,,Y,VI,,$0,1,Transient non-community system,,,,ST. JOHN INN II,,02,,N,0,0,,,,,VI1000092,____________U,,,18.330435,County Centroid,0,,,,110050750175,,30000,ST. JOHN ISLAND,-64.735261
78020,4,,Y,VI,21020001,$0,1,Non-Transient non-community system,,78010,,ST. JOHN SCHOOL ON GIFFT HILL,00831,02,,Y,4,1,CENTER OF FACILITY,ST JOHN,,,VI2000019,VVVVVVVVVVVVU,0,210200010203,18.331062,INTERPOLATION-PHOTO,1,ST. CROIX ISLAND,4,00830,110050524394,9-5 ESTATE BELLEVUE NO. 12A CRUZ BAY QUARTER,18379,ST. JOHN ISLAND,-64.771614
,,,Y,VI,,$0,1,"Non-Transient non-community system, Transient non-community system",1,78010,,ST. JOSEPH HIGH SCHOOL,00840,02,,Y,0,1,,FREDERIKSTED,,,VI0000402 VI0000608 VI0000609 VI1000608 VI1000609,VVVVVVVVVVSSU,,,17.714716,Zip Code Centroid,1,ST. CROIX ISLAND,,,110022878787,"3 ESTATE MOUNT PLEASANT, ROUTE 2",10000,SAINT CROIX,-64.879762
,4,,Y,VI,,$0,1,Non-Transient non-community system,,,,ST. MARY'S SCHOOL,,02,,Y,4,1,,,,,VI0000403,VVVVVVVVVVSSU,,,17.735232,County Centroid,1,,4,,110049786647,,30000,ST. CROIX ISLAND,-64.746666
,10,,Y,VI,,$0,1,Non-Transient non-community system,,,,ST. PATRICK'S SCHOOL,,02,,Y,10,1,,,,,VI0000404,VVVVVVVVVVSSU,,,17.735232,County Centroid,1,,10,,110049786674,,30000,ST. CROIX ISLAND,-64.746666
,,,Y,VI,,$0,1,Non-Transient non-community system,,,,ST. THOMAS CATERING,,02,,N,0,1,,,,,VI1000116,VVVV________U,,,18.326749,County Centroid,0,,,,110049785979,,30000,ST. THOMAS ISLAND,-64.97125
,,09/30/2002,Y,VI,,$0,1,Non-Transient non-community system,,78030,$500,ST. THOMAS HOSPITAL,00802,02,,N,0,0,,ST. THOMAS,,,VI1000039,,,,18.34604,Zip Code Centroid,0,ST. THOMAS ISLAND,,,110001915303,48 SUGAR ESTATE,10000,ST THOMAS,-64.93267
,1,,Y,VI,,$0,1,Transient non-community system,,,,ST. THOMAS SKYRIDE,,02,,Y,1,1,,,,,VI1000147,VVVVVVVVVVVVU,,,18.326749,County Centroid,1,,1,,110049839467,,30000,ST. THOMAS ISLAND,-64.97125
,6,,Y,VI,,$0,1,Non-Transient non-community system,,,,ST. THOMAS YACHT CLUB,,02,,Y,6,1,,,,,VI1000174,VVVVVVVVVVVVU,,,18.326749,County Centroid,1,,6,,110049787263,,30000,ST. THOMAS ISLAND,-64.97125
,3,,Y,VI,,$0,1,Transient non-community system,,78010,,SUGAR BEACH,00820,02,,Y,3,1,,CHRISTIANSTED,,,VI0000076,SSSSSSSSSSSSU,,,17.745512,Zip Code Centroid,1,ST. CROIX ISLAND,3,,110010786701,"3245 ESTATE GOLDEN RACK, CHRISTIANSTED",10000,SAINT CROIX,-64.709138
,3,,Y,VI,,$0,1,Non-Transient non-community system,,,,SUNNY ISLE SHOPPING CENTER,,02,,Y,3,1,,,,,VI0000406,VVVVVVVVVVVVU,,,17.735232,County Centroid,1,,3,,110049786718,,30000,ST. CROIX ISLAND,-64.746666
,1,,Y,VI,,$0,1,Non-Transient non-community system,,78010,,SUNSHINE MALL,00840,02,,Y,1,1,,FREDERIKSTED,,,VI3000442,VVVVVVVVVVVVU,,,17.714716,Zip Code Centroid,1,ST. CROIX ISLAND,1,,110022879394,REMAINDER MATRICULATE #1 ESTATE CANE,10000,ST. CROIX,-64.879762
,4,,Y,VI,,$0,1,Community water system,,,,SWEET LIME VILLAGE,,02,,Y,4,1,,,,,VI3000524,VVVVVVVVVVSSU,,,17.735232,County Centroid,1,,5,,110047330900,,30000,ST. CROIX ISLAND,-64.746666
,3,,Y,VI,,$0,1,Transient non-community system,,,,SWEET LIME VILLAS,,02,,Y,3,1,,,,,VI3000523,VVVVVVVVVVSSU,,,17.735232,County Centroid,1,,3,,110050750601,,30000,ST. CROIX ISLAND,-64.746666
78010,2,03/26/2010,Y,VI,21020002,$0,1,Non-Transient non-community system,,78010,$300,TAMARIND REEF HOTEL,00820,02,,Y,2,1,,CHRISTIANSTED,,,VI0000407,VVVVVVVVVVVVU,0,210200020103,17.758889,,1,ST. CROIX ISLAND,2,00820,110002063329,56 ESTATE SOUTHGATE,17655,ST CROIX,-64.668611
,,,Y,VI,,$0,1,Community water system,,78010,,THE GOLDEN TWIN APARTMENTS,00820,02,,Y,0,1,,CHRISTIANSTED,,,VI0000069,VVVVVVVVVVVVU,,,17.745512,Zip Code Centroid,1,ST. CROIX ISLAND,,,110012831775,3038 ESTATE GOLDEN ROCK,10000,ST. CROIX ISLAND,-64.709138
,7,,Y,VI,,$0,1,Non-Transient non-community system,,,,THE GOOD HOPE COUNTRY DAY SCHOOL,,02,,Y,7,1,,,,,VI0000401,SSSSSSSSSSSSU,,,17.735232,County Centroid,1,,7,,110049839181,,30000,ST. CROIX ISLAND,-64.746666
,7,,Y,VI,,$0,1,Non-Transient non-community system,,78010,,THE VILLAGE,00823,02,,Y,9,1,,CHRISTIANSTED,,,VI3000459,SSSSSSSSSSSSU,,,17.74654,Zip Code Centroid,1,ST. CROIX ISLAND,7,,110044221017,1 ESTATE SION HILL,10000,SAINT CROIX,-64.7047
,5,,Y,VI,,$0,1,Transient non-community system,,78010,,THE VILLAGE MALL,00823,02,,Y,5,1,,CHRISTIANSTED,,,VI3000086,SSSSSSSSSSSSU,,,17.74654,Zip Code Centroid,1,ST. CROIX ISLAND,5,,110045461718,113 ESTATE BARRON SPOT,10000,SAINT CROIX,-64.7047
78010,3,,Y,VI,21020002,$0,1,Transient non-community system,,78010,,THE WAVES (WAVES AT CANE BAY),00851,02,,Y,3,1,,CHRISTIANSTED,,,VI0000421,SSSSSSSSSSSSU,0,210200020102,17.777222,,1,ST. CROIX ISLAND,3,00850,110064626007,112C ESTATE CANE BAY,36155,ST. CROIX ISLAND,-64.807778
,4,,Y,VI,,$0,1,Transient non-community system,,,,THIRTEEN RESTAURANT,,02,,Y,4,1,,,,,VI0000293,VVVVVVVVVVVVU,,,18.326749,County Centroid,1,,4,,110049767294,,30000,ST. THOMAS ISLAND,-64.97125
,,,Y,VI,,$0,1,Transient non-community system,,,,TOAD & TART,,02,,N,0,1,,,,,VI1000207,VVVV________U,,,18.326749,County Centroid,0,,,,110050703128,,30000,ST. THOMAS ISLAND,-64.97125
,4,,Y,VI,,$0,1,Non-Transient non-community system,,,,TROPICAL MARINA LITLE PORCH,,02,,Y,4,1,,,,,VI1000178,VVVVVVVVVVVVU,,,18.326749,County Centroid,1,,4,,110049787325,,30000,ST. THOMAS ISLAND,-64.97125
,5,,Y,VI,,$0,1,Transient non-community system,,,,TROPICAL TEN PINS,,02,,Y,5,1,,,,,VI3000485,VVVVVVVVVVSSU,,,17.735232,County Centroid,1,,5,,110050750424,,30000,ST. CROIX ISLAND,-64.746666
,1,,Y,VI,,$0,1,Transient non-community system,,,,TRUNK BAY CONCESSION,,02,,N,1,1,,,,,VI0000591,VVVV________U,,,18.330435,County Centroid,0,,1,,110049943433,,30000,ST. JOHN ISLAND,-64.735261
,3,,Y,VI,,$0,1,Non-Transient non-community system,,78030,,TUTU PARK MALL,00801,02,,Y,3,1,,ST THOMAS,,,VI1000284,VVVVVVVVVVVVU,,,18.33675,Zip Code Centroid,1,ST. THOMAS ISLAND,3,,110049951414,ANNAS RETREAT,10000,ST. THOMAS ISLAND,-64.88893
,3,06/07/2013,Y,VI,,$0,1,Non-Transient non-community system,,78010,"$2,000","U.S. VIRGIN ISLANDS NATIONAL PARK, CINNAMON BAY CAMP GROUND",00831,02,,Y,3,1,,ST. JOHN,,,VI0000557,VVVVVVVVVVVVU,,,18.33843,Zip Code Centroid,1,ST. CROIX ISLAND,3,,110022878910,108 CINNAMON BAY,10000,ST. JOHN ISLAND,-64.73715
,2,,Y,VI,,$0,1,Community water system,,,,U.V.I. ST.THOMAS,,02,,N,2,1,,,,,VI0000174,VVVV________U,,,18.326749,County Centroid,0,,2,,110012830990,,30000,ST. THOMAS ISLAND,-64.97125
,7,,Y,VI,,$0,1,Non-Transient non-community system,,,,UNITED CORP. SHOPPING CENTER,,02,,Y,7,1,,,,,VI3000451,VVVVVVVVVVVVU,,,17.735232,County Centroid,1,,7,,110049783720,,30000,ST. CROIX ISLAND,-64.746666
,,,Y,VI,,$0,1,Transient non-community system,,,,UNITED CORP. STANDPIPE,,02,,N,0,0,,,,,VI3000500,____________U,,,17.735232,County Centroid,0,,,,110063338703,,30000,ST. CROIX ISLAND,-64.746666
,7,,Y,VI,,$0,1,Non-Transient non-community system,,,,UNITED CORP. SUPERMARKET,,02,,Y,7,1,,,,,VI3000082,VVVVVVVVVVSSU,,,17.735232,County Centroid,1,,7,,110049883881,,30000,ST. CROIX ISLAND,-64.746666
,1,,Y,VI,,$0,1,Non-Transient non-community system,,,,UNIV. OF THE VI/ DOMITORY,,02,,Y,1,1,,,,,VI3000501,VVVVVVVVVVVVU,,,17.735232,County Centroid,1,,1,,110050750488,,30000,ST. CROIX ISLAND,-64.746666
,2,,Y,VI,,$0,1,Non-Transient non-community system,,,,UNIV. OF THE VI/ EVAN BLDG.,,02,,Y,2,1,,,,,VI0000320,VVVVVVVVVVVVU,,,17.735232,County Centroid,1,,2,,110050635586,,30000,ST. CROIX ISLAND,-64.746666
,1,,Y,VI,,$0,1,Non-Transient non-community system,,,,UNIV. OF THE VI/ NORTHWEST WING,,02,,Y,1,1,,,,,VI3000221,SSVVVVVVVVVVU,,,17.735232,County Centroid,1,,1,,110050675186,,30000,ST. CROIX ISLAND,-64.746666
,1,,Y,VI,,$0,1,Non-Transient non-community system,,,,UNIV. OF THE VI/ REC,,02,,Y,1,1,,,,,VI3000334,VVVVVVVVVVVVU,,,17.735232,County Centroid,1,,1,,110049783310,,30000,ST. CROIX ISLAND,-64.746666
,2,,Y,VI,,$0,1,Transient non-community system,,,,VESSUP BAY MARINA,,02,,Y,2,1,,,,,VI1000177,VVVVVVVVVVVVU,,,18.326749,County Centroid,1,,2,,110049787307,,30000,ST. THOMAS ISLAND,-64.97125
78010,,,Y,VI,21020002,$0,1,Non-Transient non-community system,,78010,,VI ARNG BETHLEHEM,00850,02,,Y,0,1,,KINGSHILL,,,VI3000067 VI3000461,VVVVVVVVVVSSU,0,210200020203,17.733333,,1,ST. CROIX ISLAND,,00840,110006883658,10A & 18 ESTATE BETHLEHEM,36155,ST. CROIX,-64.795
,5,,Y,VI,,$0,1,Non-Transient non-community system,,,,VI INDUSTRIAL PARK I,,02,,Y,5,1,,,,,VI3000032,SSSSSSSSSSSSU,,,17.735232,County Centroid,1,,5,,110049967719,,30000,ST. CROIX ISLAND,-64.746666
,5,,Y,VI,,$0,1,Non-Transient non-community system,,,,VI INDUSTRIAL PARK II,,02,,Y,5,1,,,,,VI3000119,SSSSSSSSSSSSU,,,17.735232,County Centroid,1,,5,,110050675140,,30000,ST. CROIX ISLAND,-64.746666
,,,Y,VI,,$0,1,Transient non-community system,,,,VI MEDICAL FOUNDATION,,02,,Y,0,1,,,,,VI1000057,VVVVVVVVVVVVU,,,18.326749,County Centroid,1,,,,110050624794,,30000,ST. THOMAS ISLAND,-64.97125
,2,,Y,VI,,$0,1,Non-Transient non-community system,,78030,,VI PORT AUTHORITY (ADMIN BLDG.),00801,02,,Y,2,1,,ST THOMAS,,,VI0000264 VI0000498,VVVVVVVVVVVVU,,,18.33675,Zip Code Centroid,1,ST. THOMAS ISLAND,2,,110008203247,70 LINDBERGH BAY CYRIL E. KING AIRPORT,10000,SAINT THOMAS,-64.88893
78020,,01/11/2019,Y,VI,21020001,"$1,300,000",1,Community water system,,78020,"$1,300,000",VI WATER & POWER AUTHORITY (ST JOHN),00830,02,Y,N,1,1,,ST JOHN,,1,VI0000554,,0,210200010203,18.328611,,0,ST. JOHN ISLAND,,00830,110010408558,ENIGHED,17655,ST. JOHN ISLAND,-64.797222
78030,,01/11/2019,Y,VI,21020001,"$1,300,000",1,Community water system,,78030,"$1,300,000",VI WATER AND POWER AUTHORITY RANDOLPH E HARLEY POWER PLANT,00802,02,Y,Y,3,1,CENTER OF A FACILITY OR STATION,ST THOMAS,,1,VI0000443,VVVV________U,0,210200010104,18.33079,INTERPOLATION-MAP,1,ST. THOMAS ISLAND,,00802,110000580960,KRUM BAY,17430,ST. THOMAS ISLAND,-64.960424
,1,,Y,VI,,$0,1,Transient non-community system,,,,VICTOR'S HIDEOUT,,02,,N,1,0,,,,,VI1000150,____________U,,,18.326749,County Centroid,0,,1,,110049839519,,30000,ST. THOMAS ISLAND,-64.97125
,27,04/14/2005,Y,VI,,$0,1,Transient non-community system,,78010,"$1,000",VILLA LA REINE SHOPPING CENTER,00820,02,,Y,28,1,,ST CROIX,,,VI0000413,SSSSSSSSSSSSU,,,17.745512,Zip Code Centroid,1,ST. CROIX ISLAND,26,,110016662262,2 ESTATE LA REINE,10000,ST. CROIX ISLAND,-64.709138
,4,,Y,VI,,$0,1,Transient non-community system,,,,VILLA MADELEINE,,02,,Y,4,1,,,,,VI3000116,SSSSSSSSSSSSU,,,17.735232,County Centroid,1,,4,,110050675088,,30000,ST. CROIX ISLAND,-64.746666
,3,,Y,VI,,$0,1,Transient non-community system,,,,VILLA MORALES BAR & RESTAURANT,,02,,Y,3,1,,,,,VI0000397,VVVVVVVVVVVVU,,,17.735232,County Centroid,1,,3,,110050691391,,30000,ST. CROIX ISLAND,-64.746666
,,,Y,VI,,$0,1,Transient non-community system,,,,VIRGILIO'S RESTAURANT,,02,,N,0,1,,,,,VI1000155,VVVV________U,,,18.326749,County Centroid,0,,,,110049839573,,30000,ST. THOMAS ISLAND,-64.97125
,,,Y,VI,,$0,1,Community water system,,78030,,VIRGIN ISLANDS HOUSING AUTH - ESTATE BOVONI APARTMENTS,00802,02,,N,0,0,,ST THOMAS,,,VI0000029 VI0000030,,,,18.34604,Zip Code Centroid,0,ST. THOMAS ISLAND,,,110037447377,2-3A ESTATE BOVONI,10000,ST. THOMAS ISLAND,-64.93267
,,,Y,VI,,$0,1,Community water system,,78010,,VIRGIN ISLANDS HOUSING AUTH - WALTER IM HODGE PAVILION,00840,02,,N,0,0,,FREDERIKSTED,,,VI0000057,,,,17.714716,Zip Code Centroid,0,ST. CROIX ISLAND,,,110042402218,194A ESTATE SMITHFIELD,10000,ST. CROIX ISLAND,-64.879762
78010,,06/10/1994,Y,VI,21020002,$0,1,"Non-Transient non-community system, Transient non-community system",1,78010,"$11,250",VIRGIN ISLANDS RUM INDUSTRIES LTD - CRUZAN RUM DISTILLERY,00840,02,Y,Y,1,1,CENTER OF FACILITY,FREDERIKSTED,,,VI0000415 VI0000416,SSSSSSSSSSSSU,0,210200020204,17.704794,INTERPOLATION-PHOTO,1,ST. CROIX ISLAND,,00840,110000773191,ESTATE DIAMOND - WEST AIRPORT RD,987,ST. CROIX ISLAND,-64.825891
78010,,09/16/2014,Y,VI,21020002,"$701,500",1,Community water system,,78010,"$1,500",VIRGIN ISLANDS WATER & POWER AUTHORITY ESTATE RICHMOND GENERATING STATION,00821,02,Y,Y,4,1,ADMINISTRATIVE BUILDING,CHRISTIANSTED,,2,VI0000097 VI0000417,VVVV________U,0,210200020103,17.750141,THE GEOGRAPHIC COORDINATE DETERMINATION METHOD BASED ON GPS,1,ST. CROIX ISLAND,,00820,110000602866,1 PENITENTIARY LANE,99999999,ST. CROIX ISLAND,-64.714793
,2,,Y,VI,,$0,1,Transient non-community system,,,,VITELCO (WAREHOUSE),,02,,Y,2,1,,,,,VI1000283,VVVVVVVVVVVVU,,,18.326749,County Centroid,1,,2,,110049951405,,30000,ST. THOMAS ISLAND,-64.97125
,4,,Y,VI,,$0,1,Transient non-community system,,,,"WATERGATE EAST (B-15,16,17)",,02,,N,4,1,,,,,VI0000042,VVVV________U,,,18.326749,County Centroid,0,,4,,110049926194,,30000,ST. THOMAS ISLAND,-64.97125
,1,,Y,VI,,$0,1,Transient non-community system,,,,WATERGATE EAST- BLDG. 14,,02,,N,1,1,,,,,VI0000479,VVVV________U,,,18.326749,County Centroid,0,,1,,110050523750,,30000,ST. THOMAS ISLAND,-64.97125
,1,,Y,VI,,$0,1,Community water system,,,,WATERGATE WEST B-21,,02,,Y,1,1,,,,,VI1000047,VVVVVVVVVVVVU,,,18.326749,County Centroid,1,,1,,110022501498,,30000,ST. THOMAS ISLAND,-64.97125
,3,,Y,VI,,$0,1,Community water system,,78030,,WATERGATE WEST SEA CLIFF / VILLAS,00802,02,,Y,3,1,,ST THOMAS,,,VI1000046 VI1000048 VI1000119 VI1000120 VI1000121,VVVVVVVVVVVVU,,,18.34604,Zip Code Centroid,1,ST. THOMAS ISLAND,3,,110024279029,7260 SEACLIFF #23,10000,ST. THOMAS ISLAND,-64.93267
,1,,Y,VI,,$0,1,Non-Transient non-community system,,78030,,WESLEYAN ACADEMY SCHOOL,00803,02,,Y,1,1,,ST THOMAS,,,VI0000261,VVVVVVVVVVVVU,,,18.33675,Zip Code Centroid,1,ST. THOMAS ISLAND,1,,110024279136,9B CONTANT,10000,ST THOMAS,-64.88893
78030,1,,Y,VI,21020001,$0,1,Non-Transient non-community system,,78030,,WEST INDIAN COMPANY,00802,02,,Y,1,1,CENTER OF FACILITY,ST THOMAS,,,VI0000253,VVVVVVVVVVVVU,0,210200010104,18.331989,INTERPOLATION-PHOTO,1,ST. THOMAS ISLAND,1,00802,110049942997,WEST INDIES DOCK RD,984,ST. THOMAS ISLAND,-64.922869
78020,1,09/23/2010,Y,VI,21020001,$0,1,Non-Transient non-community system,,78020,"$1,800",WESTIN RESORT,00831,02,,Y,1,1,,ST JOHN,,,VI2000022,VVVVVVVVVVVVU,0,210200010203,18.322751,,1,ST. JOHN ISLAND,1,00830,110022879312,11 GREAT CRUZ BAY,35035,ST JOHN,-64.786553
,3,,Y,VI,,$0,1,Non-Transient non-community system,,78020,,WHARFSIDE VILLAGE,00831,02,,Y,3,1,,ST JOHN,,,VI1000291,VVVVVVVVVVVVU,,,18.33843,Zip Code Centroid,1,ST. JOHN ISLAND,3,,110022879287,4A CRUZ BAY QUARTER,10000,ST JOHN,-64.73715
,,,Y,VI,,$0,1,Non-Transient non-community system,,,,WHEATLEY SHOPPING I,,02,,Y,0,1,,,,,VI0000275,VVVVVVVVVVVVU,,,18.326749,County Centroid,1,,,,110050668504,,30000,ST. THOMAS ISLAND,-64.97125
,,,Y,VI,,$0,1,Non-Transient non-community system,,,,WHEATLEY SHOPPING II,,02,,Y,0,1,,,,,VI1000289,VVVVVVVVVVVVU,,,18.326749,County Centroid,1,,,,110049951511,,30000,ST. THOMAS ISLAND,-64.97125
,2,,Y,VI,,$0,1,Non-Transient non-community system,,,,WINDWARD PASSAGE/HOLIDAY INN,,02,,Y,2,1,,,,,VI0000277,VVVVVVVVVVVVU,,,18.326749,County Centroid,1,,2,,110050668540,,30000,ST. THOMAS ISLAND,-64.97125
78030,1,06/03/2014,Y,VI,21020001,$650,1,Non-Transient non-community system,,78030,$650,WYNDHAM SUGAR BAY RESORT LP,00802,02,Y,Y,2,1,ENTRANCE POINT OF A FACILITY OR STATION,ST THOMAS,,1,VI1000104,VVVVVVVVVVVVU,0,210200010102,18.3435,ADDRESS MATCHING-HOUSE NUMBER,1,ST. THOMAS ISLAND,1,00802,110001915349,6500 ESTATE SMITH BAY,50,ST THOMAS,-64.86258
,1,,Y,VI,,$0,1,Non-Transient non-community system,,,,YVONNE BOWSKI ELEM.,,02,,N,1,1,,,,,VI1000070,VVVV________U,,,18.326749,County Centroid,0,,1,,110050624954,,30000,ST. THOMAS ISLAND,-64.97125
